ISO-10303-21;
HEADER;
FILE_DESCRIPTION(('KiCad electronic assembly'),'2;1');
FILE_NAME('encoder board.step','2026-09-22T16:24:33',('Pcbnew'),('Kicad'
    ),'Open CASCADE STEP processor 7.9','KiCad to STEP converter',
  'Unknown');
FILE_SCHEMA(('AUTOMOTIVE_DESIGN { 1 0 10303 214 1 1 1 1 }'));
ENDSEC;
DATA;
#1 = APPLICATION_PROTOCOL_DEFINITION('international standard',
  'automotive_design',2000,#2);
#2 = APPLICATION_CONTEXT(
  'core data for automotive mechanical design processes');
#3 = SHAPE_DEFINITION_REPRESENTATION(#4,#10);
#4 = PRODUCT_DEFINITION_SHAPE('','',#5);
#5 = PRODUCT_DEFINITION('design','',#6,#9);
#6 = PRODUCT_DEFINITION_FORMATION('','',#7);
#7 = PRODUCT('encoder board 1','encoder board 1','',(#8));
#8 = PRODUCT_CONTEXT('',#2,'mechanical');
#9 = PRODUCT_DEFINITION_CONTEXT('part definition',#2,'design');
#10 = SHAPE_REPRESENTATION('',(#11,#15,#19,#23,#27),#31);
#11 = AXIS2_PLACEMENT_3D('',#12,#13,#14);
#12 = CARTESIAN_POINT('',(0.,0.,0.));
#13 = DIRECTION('',(0.,0.,1.));
#14 = DIRECTION('',(1.,0.,-0.));
#15 = AXIS2_PLACEMENT_3D('',#16,#17,#18);
#16 = CARTESIAN_POINT('',(64.5,-71.,1.595));
#17 = DIRECTION('',(0.,0.,1.));
#18 = DIRECTION('',(-1.,1.224646799147E-16,0.));
#19 = AXIS2_PLACEMENT_3D('',#20,#21,#22);
#20 = CARTESIAN_POINT('',(69.55,-69.,1.595));
#21 = DIRECTION('',(0.,-0.,1.));
#22 = DIRECTION('',(1.110223024625E-16,1.,0.));
#23 = AXIS2_PLACEMENT_3D('',#24,#25,#26);
#24 = CARTESIAN_POINT('',(59.,-65.,-8.5E-02));
#25 = DIRECTION('',(-1.224646799147E-16,-1.359631073447E-32,-1.));
#26 = DIRECTION('',(1.110223024625E-16,-1.,0.));
#27 = AXIS2_PLACEMENT_3D('',#28,#29,#30);
#28 = CARTESIAN_POINT('',(0.,0.,0.));
#29 = DIRECTION('',(0.,0.,1.));
#30 = DIRECTION('',(1.,0.,-0.));
#31 = ( GEOMETRIC_REPRESENTATION_CONTEXT(3) 
GLOBAL_UNCERTAINTY_ASSIGNED_CONTEXT((#35)) GLOBAL_UNIT_ASSIGNED_CONTEXT(
(#32,#33,#34)) REPRESENTATION_CONTEXT('Context #1',
  '3D Context with UNIT and UNCERTAINTY') );
#32 = ( LENGTH_UNIT() NAMED_UNIT(*) SI_UNIT(.MILLI.,.METRE.) );
#33 = ( NAMED_UNIT(*) PLANE_ANGLE_UNIT() SI_UNIT($,.RADIAN.) );
#34 = ( NAMED_UNIT(*) SI_UNIT($,.STERADIAN.) SOLID_ANGLE_UNIT() );
#35 = UNCERTAINTY_MEASURE_WITH_UNIT(LENGTH_MEASURE(1.E-07),#32,
  'distance_accuracy_value','confusion accuracy');
#36 = PRODUCT_RELATED_PRODUCT_CATEGORY('part',$,(#7));
#37 = SHAPE_DEFINITION_REPRESENTATION(#38,#44);
#38 = PRODUCT_DEFINITION_SHAPE('','',#39);
#39 = PRODUCT_DEFINITION('design','',#40,#43);
#40 = PRODUCT_DEFINITION_FORMATION('','',#41);
#41 = PRODUCT('C_Disc_D9.0mm_W2.5mm_P5.00mm',
  'C_Disc_D9.0mm_W2.5mm_P5.00mm','',(#42));
#42 = PRODUCT_CONTEXT('',#2,'mechanical');
#43 = PRODUCT_DEFINITION_CONTEXT('part definition',#2,'design');
#44 = SHAPE_REPRESENTATION('',(#11,#45),#49);
#45 = AXIS2_PLACEMENT_3D('',#46,#47,#48);
#46 = CARTESIAN_POINT('',(0.,0.,0.));
#47 = DIRECTION('',(0.,0.,1.));
#48 = DIRECTION('',(1.,0.,-0.));
#49 = ( GEOMETRIC_REPRESENTATION_CONTEXT(3) 
GLOBAL_UNCERTAINTY_ASSIGNED_CONTEXT((#53)) GLOBAL_UNIT_ASSIGNED_CONTEXT(
(#50,#51,#52)) REPRESENTATION_CONTEXT('Context #1',
  '3D Context with UNIT and UNCERTAINTY') );
#50 = ( LENGTH_UNIT() NAMED_UNIT(*) SI_UNIT(.MILLI.,.METRE.) );
#51 = ( NAMED_UNIT(*) PLANE_ANGLE_UNIT() SI_UNIT($,.RADIAN.) );
#52 = ( NAMED_UNIT(*) SI_UNIT($,.STERADIAN.) SOLID_ANGLE_UNIT() );
#53 = UNCERTAINTY_MEASURE_WITH_UNIT(LENGTH_MEASURE(1.E-06),#50,
  'distance_accuracy_value','confusion accuracy');
#54 = CONTEXT_DEPENDENT_SHAPE_REPRESENTATION(#55,#57);
#55 = ( REPRESENTATION_RELATIONSHIP('','',#44,#10) 
REPRESENTATION_RELATIONSHIP_WITH_TRANSFORMATION(#56) 
SHAPE_REPRESENTATION_RELATIONSHIP() );
#56 = ITEM_DEFINED_TRANSFORMATION('','',#11,#15);
#57 = PRODUCT_DEFINITION_SHAPE('Placement','Placement of an item',#58);
#58 = NEXT_ASSEMBLY_USAGE_OCCURRENCE('2','C1','',#5,#39,$);
#59 = PRODUCT_RELATED_PRODUCT_CATEGORY('part',$,(#41));
#60 = SHAPE_DEFINITION_REPRESENTATION(#61,#67);
#61 = PRODUCT_DEFINITION_SHAPE('','',#62);
#62 = PRODUCT_DEFINITION('design','',#63,#66);
#63 = PRODUCT_DEFINITION_FORMATION('','',#64);
#64 = PRODUCT('C_Disc_D90mm_W25mm_P500mm','C_Disc_D90mm_W25mm_P500mm',''
  ,(#65));
#65 = PRODUCT_CONTEXT('',#2,'mechanical');
#66 = PRODUCT_DEFINITION_CONTEXT('part definition',#2,'design');
#67 = ADVANCED_BREP_SHAPE_REPRESENTATION('',(#11,#68),#446);
#68 = MANIFOLD_SOLID_BREP('',#69);
#69 = CLOSED_SHELL('',(#70,#87,#224,#325,#410,#437));
#70 = ADVANCED_FACE('',(#71),#82,.T.);
#71 = FACE_BOUND('',#72,.F.);
#72 = EDGE_LOOP('',(#73));
#73 = ORIENTED_EDGE('',*,*,#74,.T.);
#74 = EDGE_CURVE('',#75,#75,#77,.T.);
#75 = VERTEX_POINT('',#76);
#76 = CARTESIAN_POINT('',(1.942890293094E-16,-0.25,-2.));
#77 = CIRCLE('',#78,0.25);
#78 = AXIS2_PLACEMENT_3D('',#79,#80,#81);
#79 = CARTESIAN_POINT('',(1.665334536938E-16,0.,-2.));
#80 = DIRECTION('',(-0.,0.,1.));
#81 = DIRECTION('',(1.110223024625E-16,-1.,0.));
#82 = PLANE('',#83);
#83 = AXIS2_PLACEMENT_3D('',#84,#85,#86);
#84 = CARTESIAN_POINT('',(1.942890293094E-16,-0.25,-2.));
#85 = DIRECTION('',(0.,0.,-1.));
#86 = DIRECTION('',(-1.110223024625E-16,1.,0.));
#87 = ADVANCED_FACE('',(#88),#219,.T.);
#88 = FACE_BOUND('',#89,.T.);
#89 = EDGE_LOOP('',(#90,#98,#135,#191,#217,#218));
#90 = ORIENTED_EDGE('',*,*,#91,.T.);
#91 = EDGE_CURVE('',#75,#92,#94,.T.);
#92 = VERTEX_POINT('',#93);
#93 = CARTESIAN_POINT('',(0.,-0.25,1.406256115466));
#94 = LINE('',#95,#96);
#95 = CARTESIAN_POINT('',(1.942890293094E-16,-0.25,-2.));
#96 = VECTOR('',#97,1.);
#97 = DIRECTION('',(0.,0.,1.));
#98 = ORIENTED_EDGE('',*,*,#99,.F.);
#99 = EDGE_CURVE('',#100,#92,#102,.T.);
#100 = VERTEX_POINT('',#101);
#101 = CARTESIAN_POINT('',(-0.25,0.,1.038048287806));
#102 = B_SPLINE_CURVE_WITH_KNOTS('',7,(#103,#104,#105,#106,#107,#108,
    #109,#110,#111,#112,#113,#114,#115,#116,#117,#118,#119,#120,#121,
    #122,#123,#124,#125,#126,#127,#128,#129,#130,#131,#132,#133,#134),
  .UNSPECIFIED.,.F.,.F.,(8,6,6,6,6,8),(0.,0.221624972892,0.383727210831,
    0.505308194009,0.708632409962,1.),.UNSPECIFIED.);
#103 = CARTESIAN_POINT('',(-0.25,0.,1.038048287806));
#104 = CARTESIAN_POINT('',(-0.25,-8.816027763628E-03,1.056549326803));
#105 = CARTESIAN_POINT('',(-0.249637255041,-1.773827105861E-02,
    1.075130782893));
#106 = CARTESIAN_POINT('',(-0.248896250832,-2.677148693435E-02,
    1.093793494418));
#107 = CARTESIAN_POINT('',(-0.247755999298,-3.592175522768E-02,
    1.112537309251));
#108 = CARTESIAN_POINT('',(-0.246190341503,-4.519644837737E-02,
    1.131361087877));
#109 = CARTESIAN_POINT('',(-0.244163997187,-5.460622675826E-02,
    1.150264161219));
#110 = CARTESIAN_POINT('',(-0.239766805292,-7.116356278931E-02,
    1.183135423252));
#111 = CARTESIAN_POINT('',(-0.237647878849,-7.818759174097E-02,
    1.196960968712));
#112 = CARTESIAN_POINT('',(-0.235256820574,-8.524193059994E-02,
    1.210718901741));
#113 = CARTESIAN_POINT('',(-0.232578667708,-9.232733712365E-02,
    1.224398698283));
#114 = CARTESIAN_POINT('',(-0.229594255774,-9.944454261697E-02,
    1.237986288077));
#115 = CARTESIAN_POINT('',(-0.226280218575,-0.106594251932,
    1.251464054651));
#116 = CARTESIAN_POINT('',(-0.219855467913,-0.119164502868,1.27482127526
    ));
#117 = CARTESIAN_POINT('',(-0.216900384097,-0.124569812772,
    1.284755848917));
#118 = CARTESIAN_POINT('',(-0.213732290375,-0.129993849395,
    1.294606912618));
#119 = CARTESIAN_POINT('',(-0.21033631506,-0.135436840265,1.304362679734
    ));
#120 = CARTESIAN_POINT('',(-0.206694161139,-0.140898464226,
    1.314007220684));
#121 = CARTESIAN_POINT('',(-0.202784106276,-0.146377851432,
    1.323520462937));
#122 = CARTESIAN_POINT('',(-0.191552002939,-0.161064291925,1.34852745353
    ));
#123 = CARTESIAN_POINT('',(-0.183758746145,-0.17022414855,1.363608831819
    ));
#124 = CARTESIAN_POINT('',(-0.175029505803,-0.179446055407,
    1.378191761886));
#125 = CARTESIAN_POINT('',(-0.165150509775,-0.18873049288,1.392105735369
    ));
#126 = CARTESIAN_POINT('',(-0.153913746999,-0.197999793258,
    1.404994843416));
#127 = CARTESIAN_POINT('',(-0.141086869693,-0.207093888862,1.41627760258
    ));
#128 = CARTESIAN_POINT('',(-0.105122755896,-0.228148378673,
    1.437528715395));
#129 = CARTESIAN_POINT('',(-8.27622569837E-02,-0.237959194079,
    1.443080132677));
#130 = CARTESIAN_POINT('',(-6.246384676667E-02,-0.243590679819,
    1.440338571178));
#131 = CARTESIAN_POINT('',(-4.402754682071E-02,-0.247295488421,
    1.434491016986));
#132 = CARTESIAN_POINT('',(-2.804228544173E-02,-0.249106568926,
    1.42615905472));
#133 = CARTESIAN_POINT('',(-1.369736140351E-02,-0.249999998681,
    1.416978137985));
#134 = CARTESIAN_POINT('',(0.,-0.25,1.406256115466));
#135 = ORIENTED_EDGE('',*,*,#136,.F.);
#136 = EDGE_CURVE('',#137,#100,#139,.T.);
#137 = VERTEX_POINT('',#138);
#138 = CARTESIAN_POINT('',(0.25,0.,0.70288568297));
#139 = B_SPLINE_CURVE_WITH_KNOTS('',8,(#140,#141,#142,#143,#144,#145,
    #146,#147,#148,#149,#150,#151,#152,#153,#154,#155,#156,#157,#158,
    #159,#160,#161,#162,#163,#164,#165,#166,#167,#168,#169,#170,#171,
    #172,#173,#174,#175,#176,#177,#178,#179,#180,#181,#182,#183,#184,
    #185,#186,#187,#188,#189,#190),.UNSPECIFIED.,.F.,.F.,(9,7,7,7,7,7,7,
    9),(0.,0.340678192149,0.49601210294,0.565481495381,0.643566746871,
    0.735494571735,0.866214447234,1.),.UNSPECIFIED.);
#140 = CARTESIAN_POINT('',(0.25,0.,0.70288568297));
#141 = CARTESIAN_POINT('',(0.25,2.551891326395E-02,0.75183315054));
#142 = CARTESIAN_POINT('',(0.247022609983,5.027237363568E-02,
    0.801925036875));
#143 = CARTESIAN_POINT('',(0.241383282752,7.428286057612E-02,
    0.853059398737));
#144 = CARTESIAN_POINT('',(0.233158863977,9.750913722283E-02,
    0.905159764646));
#145 = CARTESIAN_POINT('',(0.222396122769,0.119892487246,0.95812881324)
  );
#146 = CARTESIAN_POINT('',(0.208944774546,0.141313202274,1.011874600944)
  );
#147 = CARTESIAN_POINT('',(0.192673144953,0.161645990916,1.066265091978)
  );
#148 = CARTESIAN_POINT('',(0.163821673893,0.189258744785,1.146332549449)
  );
#149 = CARTESIAN_POINT('',(0.154077150799,0.197594638821,1.171453883388)
  );
#150 = CARTESIAN_POINT('',(0.143544894682,0.205615861608,1.196673118402)
  );
#151 = CARTESIAN_POINT('',(0.132117663216,0.213285526089,1.221991569871)
  );
#152 = CARTESIAN_POINT('',(0.11970105551,0.22055413755,1.247373768652));
#153 = CARTESIAN_POINT('',(0.106101694247,0.227312750296,1.272722553463)
  );
#154 = CARTESIAN_POINT('',(9.116530130022E-02,0.23345125703,
    1.29790298633));
#155 = CARTESIAN_POINT('',(6.681324031787E-02,0.241035505123,
    1.33377767112));
#156 = CARTESIAN_POINT('',(5.898927137849E-02,0.243170709607,
    1.344658146487));
#157 = CARTESIAN_POINT('',(5.083564461348E-02,0.245085039376,
    1.355327171447));
#158 = CARTESIAN_POINT('',(4.231684284217E-02,0.246752718602,
    1.365750092169));
#159 = CARTESIAN_POINT('',(3.339286766756E-02,0.248134567684,
    1.375863423841));
#160 = CARTESIAN_POINT('',(2.401923947633E-02,0.249178003248,
    1.385574850679));
#161 = CARTESIAN_POINT('',(1.414699743887E-02,0.249817038152,
    1.394763225918));
#162 = CARTESIAN_POINT('',(-7.994459614208E-03,0.250146778677,
    1.412850023393));
#163 = CARTESIAN_POINT('',(-2.093177491713E-02,0.24970852104,
    1.421976083109));
#164 = CARTESIAN_POINT('',(-3.502505348635E-02,0.248443141477,
    1.430100726727));
#165 = CARTESIAN_POINT('',(-4.998914354383E-02,0.246079616173,
    1.436344828477));
#166 = CARTESIAN_POINT('',(-6.53334908295E-02,0.242436344664,
    1.439872802648));
#167 = CARTESIAN_POINT('',(-8.037769498405E-02,0.23756722993,
    1.440259245175));
#168 = CARTESIAN_POINT('',(-9.426706593172E-02,0.231907758469,
    1.437855575234));
#169 = CARTESIAN_POINT('',(-0.119787156701,0.21996175072,1.429802055715)
  );
#170 = CARTESIAN_POINT('',(-0.132425862545,0.212867206946,1.423036544057
    ));
#171 = CARTESIAN_POINT('',(-0.143829792967,0.205405009005,1.414451833967
    ));
#172 = CARTESIAN_POINT('',(-0.154035723193,0.197783019628,1.404581317739
    ));
#173 = CARTESIAN_POINT('',(-0.16315728465,0.190144835653,1.393863285521)
  );
#174 = CARTESIAN_POINT('',(-0.171350541096,0.182565219349,1.382604122989
    ));
#175 = CARTESIAN_POINT('',(-0.178779564768,0.175045529728,1.370941509024
    ));
#176 = CARTESIAN_POINT('',(-0.195254982857,0.156792549665,1.341553410635
    ));
#177 = CARTESIAN_POINT('',(-0.203579337102,0.146148696385,1.323531758927
    ));
#178 = CARTESIAN_POINT('',(-0.21085939101,0.135566957484,1.304969118918)
  );
#179 = CARTESIAN_POINT('',(-0.217244532824,0.12504507633,1.285985352828)
  );
#180 = CARTESIAN_POINT('',(-0.222842405135,0.114580597079,1.266664698879
    ));
#181 = CARTESIAN_POINT('',(-0.227739993391,0.104168604234,1.24706822682)
  );
#182 = CARTESIAN_POINT('',(-0.231994239505,9.380196720549E-02,
    1.227227841261));
#183 = CARTESIAN_POINT('',(-0.239399183505,7.289628358917E-02,
    1.186625366002));
#184 = CARTESIAN_POINT('',(-0.24251858129,6.236683147844E-02,
    1.165867773885));
#185 = CARTESIAN_POINT('',(-0.245060882631,5.187791901045E-02,
    1.144921669761));
#186 = CARTESIAN_POINT('',(-0.247059721295,4.142747712774E-02,
    1.123811476319));
#187 = CARTESIAN_POINT('',(-0.248538736743,3.101457643521E-02,
    1.102555976569));
#188 = CARTESIAN_POINT('',(-0.249514913829,2.063891051079E-02,
    1.08116991394));
#189 = CARTESIAN_POINT('',(-0.25,1.030055464364E-02,1.059664708292));
#190 = CARTESIAN_POINT('',(-0.25,0.,1.038048287806));
#191 = ORIENTED_EDGE('',*,*,#192,.F.);
#192 = EDGE_CURVE('',#92,#137,#193,.T.);
#193 = B_SPLINE_CURVE_WITH_KNOTS('',8,(#194,#195,#196,#197,#198,#199,
    #200,#201,#202,#203,#204,#205,#206,#207,#208,#209,#210,#211,#212,
    #213,#214,#215,#216),.UNSPECIFIED.,.F.,.F.,(9,7,7,9),(0.,
    0.252764059923,0.622695704863,1.),.UNSPECIFIED.);
#194 = CARTESIAN_POINT('',(0.,-0.25,1.406256115466));
#195 = CARTESIAN_POINT('',(1.819976815621E-02,-0.249999998247,
    1.392009690308));
#196 = CARTESIAN_POINT('',(3.505044701005E-02,-0.248485975521,
    1.375348348465));
#197 = CARTESIAN_POINT('',(5.076831824374E-02,-0.245849306775,
    1.357061893442));
#198 = CARTESIAN_POINT('',(6.544290056776E-02,-0.242296201956,
    1.33759361439));
#199 = CARTESIAN_POINT('',(7.917762566468E-02,-0.238005695418,
    1.317299197608));
#200 = CARTESIAN_POINT('',(9.206151412683E-02,-0.233088322214,
    1.296378010727));
#201 = CARTESIAN_POINT('',(0.104194145905,-0.227621050356,1.274940854639
    ));
#202 = CARTESIAN_POINT('',(0.132481518808,-0.212856732957,1.220838492778
    ));
#203 = CARTESIAN_POINT('',(0.147779693921,-0.203019089613,1.187793824993
    ));
#204 = CARTESIAN_POINT('',(0.161777056447,-0.192294943959,1.154128346347
    ));
#205 = CARTESIAN_POINT('',(0.174559006701,-0.180790539178,1.120034354079
    ));
#206 = CARTESIAN_POINT('',(0.186193888105,-0.168593525028,1.085665495825
    ));
#207 = CARTESIAN_POINT('',(0.196719792112,-0.155763965728,1.051129439177
    ));
#208 = CARTESIAN_POINT('',(0.206164095939,-0.142345034534,1.016500987596
    ));
#209 = CARTESIAN_POINT('',(0.223070206695,-0.114088229676,0.94644236593)
  );
#210 = CARTESIAN_POINT('',(0.230476590402,-9.924777312249E-02,
    0.911060449518));
#211 = CARTESIAN_POINT('',(0.236759825765,-8.386930358928E-02,
    0.875738630586));
#212 = CARTESIAN_POINT('',(0.241899863648,-6.798424555033E-02,
    0.840551713231));
#213 = CARTESIAN_POINT('',(0.245858973782,-5.162365634637E-02,
    0.805581076458));
#214 = CARTESIAN_POINT('',(0.248583774743,-3.481916144388E-02,
    0.770914617194));
#215 = CARTESIAN_POINT('',(0.25,-1.760197418088E-02,0.736647781358));
#216 = CARTESIAN_POINT('',(0.25,0.,0.70288568297));
#217 = ORIENTED_EDGE('',*,*,#91,.F.);
#218 = ORIENTED_EDGE('',*,*,#74,.T.);
#219 = CYLINDRICAL_SURFACE('',#220,0.25);
#220 = AXIS2_PLACEMENT_3D('',#221,#222,#223);
#221 = CARTESIAN_POINT('',(1.665334536938E-16,0.,-2.));
#222 = DIRECTION('',(-0.,0.,-1.));
#223 = DIRECTION('',(1.110223024625E-16,-1.,-0.));
#224 = ADVANCED_FACE('',(#225),#320,.T.);
#225 = FACE_BOUND('',#226,.T.);
#226 = EDGE_LOOP('',(#227,#238,#245,#246,#247,#256,#312,#319));
#227 = ORIENTED_EDGE('',*,*,#228,.F.);
#228 = EDGE_CURVE('',#229,#231,#233,.T.);
#229 = VERTEX_POINT('',#230);
#230 = CARTESIAN_POINT('',(-2.,0.,4.6));
#231 = VERTEX_POINT('',#232);
#232 = CARTESIAN_POINT('',(2.5,-1.25,4.6));
#233 = CIRCLE('',#234,8.725);
#234 = AXIS2_PLACEMENT_3D('',#235,#236,#237);
#235 = CARTESIAN_POINT('',(2.5,7.475,4.6));
#236 = DIRECTION('',(0.,0.,1.));
#237 = DIRECTION('',(-0.515759312321,-0.856733524355,0.));
#238 = ORIENTED_EDGE('',*,*,#239,.T.);
#239 = EDGE_CURVE('',#229,#100,#240,.T.);
#240 = CIRCLE('',#241,4.5);
#241 = AXIS2_PLACEMENT_3D('',#242,#243,#244);
#242 = CARTESIAN_POINT('',(2.5,0.,4.6));
#243 = DIRECTION('',(0.,-1.,0.));
#244 = DIRECTION('',(-1.,0.,0.));
#245 = ORIENTED_EDGE('',*,*,#99,.T.);
#246 = ORIENTED_EDGE('',*,*,#192,.T.);
#247 = ORIENTED_EDGE('',*,*,#248,.T.);
#248 = EDGE_CURVE('',#137,#249,#251,.T.);
#249 = VERTEX_POINT('',#250);
#250 = CARTESIAN_POINT('',(4.75,0.,0.70288568297));
#251 = CIRCLE('',#252,4.5);
#252 = AXIS2_PLACEMENT_3D('',#253,#254,#255);
#253 = CARTESIAN_POINT('',(2.5,0.,4.6));
#254 = DIRECTION('',(0.,-1.,0.));
#255 = DIRECTION('',(-1.,0.,0.));
#256 = ORIENTED_EDGE('',*,*,#257,.T.);
#257 = EDGE_CURVE('',#249,#258,#260,.T.);
#258 = VERTEX_POINT('',#259);
#259 = CARTESIAN_POINT('',(5.25,0.,1.038048287806));
#260 = B_SPLINE_CURVE_WITH_KNOTS('',8,(#261,#262,#263,#264,#265,#266,
    #267,#268,#269,#270,#271,#272,#273,#274,#275,#276,#277,#278,#279,
    #280,#281,#282,#283,#284,#285,#286,#287,#288,#289,#290,#291,#292,
    #293,#294,#295,#296,#297,#298,#299,#300,#301,#302,#303,#304,#305,
    #306,#307,#308,#309,#310,#311),.UNSPECIFIED.,.F.,.F.,(9,7,7,7,7,7,7,
    9),(0.,0.340678192166,0.496012102975,0.565481495418,0.643566746904,
    0.735494571757,0.866214447228,1.),.UNSPECIFIED.);
#261 = CARTESIAN_POINT('',(4.75,0.,0.70288568297));
#262 = CARTESIAN_POINT('',(4.75,-2.551891326341E-02,0.751833150539));
#263 = CARTESIAN_POINT('',(4.752977390017,-5.027237363456E-02,
    0.801925036872));
#264 = CARTESIAN_POINT('',(4.758616717247,-7.428286057469E-02,
    0.853059398734));
#265 = CARTESIAN_POINT('',(4.766841136022,-9.750913722062E-02,
    0.905159764641));
#266 = CARTESIAN_POINT('',(4.77760387723,-0.119892487244,0.958128813235)
  );
#267 = CARTESIAN_POINT('',(4.791055225452,-0.141313202271,1.011874600937
    ));
#268 = CARTESIAN_POINT('',(4.807326855044,-0.161645990913,1.06626509197)
  );
#269 = CARTESIAN_POINT('',(4.836178326104,-0.189258744782,1.146332549441
    ));
#270 = CARTESIAN_POINT('',(4.845922849198,-0.197594638819,1.171453883381
    ));
#271 = CARTESIAN_POINT('',(4.856455105315,-0.205615861606,1.196673118395
    ));
#272 = CARTESIAN_POINT('',(4.867882336782,-0.213285526087,1.221991569866
    ));
#273 = CARTESIAN_POINT('',(4.880298944488,-0.220554137549,1.247373768647
    ));
#274 = CARTESIAN_POINT('',(4.893898305751,-0.227312750296,1.27272255346)
  );
#275 = CARTESIAN_POINT('',(4.908834698698,-0.23345125703,1.297902986328)
  );
#276 = CARTESIAN_POINT('',(4.933186759681,-0.241035505123,1.333777671119
    ));
#277 = CARTESIAN_POINT('',(4.941010728619,-0.243170709607,1.344658146484
    ));
#278 = CARTESIAN_POINT('',(4.949164355383,-0.245085039376,1.355327171443
    ));
#279 = CARTESIAN_POINT('',(4.957683157154,-0.246752718602,1.365750092165
    ));
#280 = CARTESIAN_POINT('',(4.966607132331,-0.248134567683,1.375863423839
    ));
#281 = CARTESIAN_POINT('',(4.975980760524,-0.249178003248,1.38557485068)
  );
#282 = CARTESIAN_POINT('',(4.985853002564,-0.249817038153,1.39476322592)
  );
#283 = CARTESIAN_POINT('',(5.007994459615,-0.250146778677,1.412850023393
    ));
#284 = CARTESIAN_POINT('',(5.020931774915,-0.24970852104,1.421976083108)
  );
#285 = CARTESIAN_POINT('',(5.035025053481,-0.248443141478,1.430100726724
    ));
#286 = CARTESIAN_POINT('',(5.049989143536,-0.246079616174,1.436344828474
    ));
#287 = CARTESIAN_POINT('',(5.065333490818,-0.242436344667,1.439872802645
    ));
#288 = CARTESIAN_POINT('',(5.080377694971,-0.237567229934,1.440259245175
    ));
#289 = CARTESIAN_POINT('',(5.094267065917,-0.231907758475,1.437855575237
    ));
#290 = CARTESIAN_POINT('',(5.119787156686,-0.219961750729,1.429802055722
    ));
#291 = CARTESIAN_POINT('',(5.132425862527,-0.212867206957,1.423036544069
    ));
#292 = CARTESIAN_POINT('',(5.143829792948,-0.205405009018,1.414451833983
    ));
#293 = CARTESIAN_POINT('',(5.154035723177,-0.19778301964,1.404581317756)
  );
#294 = CARTESIAN_POINT('',(5.163157284638,-0.190144835664,1.393863285537
    ));
#295 = CARTESIAN_POINT('',(5.171350541088,-0.182565219357,1.382604123002
    ));
#296 = CARTESIAN_POINT('',(5.178779564763,-0.175045529734,1.370941509032
    ));
#297 = CARTESIAN_POINT('',(5.195254982852,-0.156792549671,1.341553410646
    ));
#298 = CARTESIAN_POINT('',(5.203579337097,-0.146148696392,1.323531758939
    ));
#299 = CARTESIAN_POINT('',(5.210859391004,-0.135566957492,1.304969118932
    ));
#300 = CARTESIAN_POINT('',(5.217244532818,-0.125045076339,1.285985352844
    ));
#301 = CARTESIAN_POINT('',(5.22284240513,-0.114580597089,1.266664698898)
  );
#302 = CARTESIAN_POINT('',(5.227739993386,-0.104168604245,1.247068226841
    ));
#303 = CARTESIAN_POINT('',(5.231994239501,-9.380196721758E-02,
    1.227227841284));
#304 = CARTESIAN_POINT('',(5.239399183502,-7.289628360053E-02,
    1.186625366024));
#305 = CARTESIAN_POINT('',(5.242518581287,-6.236683148813E-02,
    1.165867773904));
#306 = CARTESIAN_POINT('',(5.24506088263,-5.18779190185E-02,
    1.144921669777));
#307 = CARTESIAN_POINT('',(5.247059721294,-4.142747713416E-02,
    1.123811476332));
#308 = CARTESIAN_POINT('',(5.248538736742,-3.101457644001E-02,
    1.102555976578));
#309 = CARTESIAN_POINT('',(5.249514913829,-2.063891051398E-02,
    1.081169913947));
#310 = CARTESIAN_POINT('',(5.25,-1.030055464523E-02,1.059664708295));
#311 = CARTESIAN_POINT('',(5.25,0.,1.038048287806));
#312 = ORIENTED_EDGE('',*,*,#313,.T.);
#313 = EDGE_CURVE('',#258,#229,#314,.T.);
#314 = CIRCLE('',#315,4.5);
#315 = AXIS2_PLACEMENT_3D('',#316,#317,#318);
#316 = CARTESIAN_POINT('',(2.5,0.,4.6));
#317 = DIRECTION('',(0.,-1.,0.));
#318 = DIRECTION('',(-1.,0.,0.));
#319 = ORIENTED_EDGE('',*,*,#228,.T.);
#320 = SPHERICAL_SURFACE('',#321,8.725);
#321 = AXIS2_PLACEMENT_3D('',#322,#323,#324);
#322 = CARTESIAN_POINT('',(2.5,7.475,4.6));
#323 = DIRECTION('',(0.,-1.,0.));
#324 = DIRECTION('',(-1.,0.,0.));
#325 = ADVANCED_FACE('',(#326),#405,.T.);
#326 = FACE_BOUND('',#327,.T.);
#327 = EDGE_LOOP('',(#328,#337,#338,#339,#376,#402,#403,#404));
#328 = ORIENTED_EDGE('',*,*,#329,.F.);
#329 = EDGE_CURVE('',#330,#229,#332,.T.);
#330 = VERTEX_POINT('',#331);
#331 = CARTESIAN_POINT('',(2.5,1.25,4.6));
#332 = CIRCLE('',#333,8.725);
#333 = AXIS2_PLACEMENT_3D('',#334,#335,#336);
#334 = CARTESIAN_POINT('',(2.5,-7.475,4.6));
#335 = DIRECTION('',(0.,0.,1.));
#336 = DIRECTION('',(-1.908692879012E-16,1.,0.));
#337 = ORIENTED_EDGE('',*,*,#329,.T.);
#338 = ORIENTED_EDGE('',*,*,#313,.F.);
#339 = ORIENTED_EDGE('',*,*,#340,.T.);
#340 = EDGE_CURVE('',#258,#341,#343,.T.);
#341 = VERTEX_POINT('',#342);
#342 = CARTESIAN_POINT('',(5.,0.25,1.406256115466));
#343 = B_SPLINE_CURVE_WITH_KNOTS('',7,(#344,#345,#346,#347,#348,#349,
    #350,#351,#352,#353,#354,#355,#356,#357,#358,#359,#360,#361,#362,
    #363,#364,#365,#366,#367,#368,#369,#370,#371,#372,#373,#374,#375),
  .UNSPECIFIED.,.F.,.F.,(8,6,6,6,6,8),(0.,0.221624973016,0.383727211009,
    0.50530819415,0.708632410003,1.),.UNSPECIFIED.);
#344 = CARTESIAN_POINT('',(5.25,0.,1.038048287806));
#345 = CARTESIAN_POINT('',(5.25,8.81602776456E-03,1.056549326805));
#346 = CARTESIAN_POINT('',(5.249637255041,1.773827106048E-02,
    1.075130782897));
#347 = CARTESIAN_POINT('',(5.248896250832,2.677148693721E-02,
    1.093793494424));
#348 = CARTESIAN_POINT('',(5.247755999298,3.592175523155E-02,
    1.112537309259));
#349 = CARTESIAN_POINT('',(5.246190341502,4.519644838225E-02,
    1.131361087887));
#350 = CARTESIAN_POINT('',(5.244163997185,5.460622676421E-02,
    1.150264161231));
#351 = CARTESIAN_POINT('',(5.23976680529,7.116356279559E-02,
    1.183135423264));
#352 = CARTESIAN_POINT('',(5.237647878847,7.818759174788E-02,
    1.196960968726));
#353 = CARTESIAN_POINT('',(5.235256820571,8.524193060733E-02,
    1.210718901755));
#354 = CARTESIAN_POINT('',(5.232578667705,9.232733713074E-02,
    1.224398698297));
#355 = CARTESIAN_POINT('',(5.229594255771,9.944454262321E-02,
    1.237986288089));
#356 = CARTESIAN_POINT('',(5.226280218572,0.106594251938,1.251464054663)
  );
#357 = CARTESIAN_POINT('',(5.21985546791,0.119164502874,1.274821275272)
  );
#358 = CARTESIAN_POINT('',(5.216900384094,0.124569812777,1.284755848926)
  );
#359 = CARTESIAN_POINT('',(5.213732290373,0.129993849399,1.294606912625)
  );
#360 = CARTESIAN_POINT('',(5.210336315058,0.135436840269,1.30436267974)
  );
#361 = CARTESIAN_POINT('',(5.206694161136,0.14089846423,1.314007220692)
  );
#362 = CARTESIAN_POINT('',(5.202784106272,0.146377851438,1.323520462948)
  );
#363 = CARTESIAN_POINT('',(5.191552002932,0.161064291934,1.348527453545)
  );
#364 = CARTESIAN_POINT('',(5.183758746137,0.170224148559,1.363608831834)
  );
#365 = CARTESIAN_POINT('',(5.175029505792,0.179446055418,1.378191761903)
  );
#366 = CARTESIAN_POINT('',(5.165150509761,0.188730492892,1.392105735387)
  );
#367 = CARTESIAN_POINT('',(5.153913746982,0.197999793271,1.404994843434)
  );
#368 = CARTESIAN_POINT('',(5.141086869675,0.207093888874,1.416277602594)
  );
#369 = CARTESIAN_POINT('',(5.105122755885,0.228148378678,1.437528715398)
  );
#370 = CARTESIAN_POINT('',(5.082762256975,0.237959194082,1.443080132676)
  );
#371 = CARTESIAN_POINT('',(5.06246384676,0.243590679821,1.440338571177)
  );
#372 = CARTESIAN_POINT('',(5.044027546817,0.247295488422,1.434491016984)
  );
#373 = CARTESIAN_POINT('',(5.028042285439,0.249106568926,1.426159054718)
  );
#374 = CARTESIAN_POINT('',(5.013697361403,0.249999998681,1.416978137984)
  );
#375 = CARTESIAN_POINT('',(5.,0.25,1.406256115466));
#376 = ORIENTED_EDGE('',*,*,#377,.T.);
#377 = EDGE_CURVE('',#341,#249,#378,.T.);
#378 = B_SPLINE_CURVE_WITH_KNOTS('',8,(#379,#380,#381,#382,#383,#384,
    #385,#386,#387,#388,#389,#390,#391,#392,#393,#394,#395,#396,#397,
    #398,#399,#400,#401),.UNSPECIFIED.,.F.,.F.,(9,7,7,9),(0.,
    0.252764059906,0.622695704873,1.),.UNSPECIFIED.);
#379 = CARTESIAN_POINT('',(5.,0.25,1.406256115466));
#380 = CARTESIAN_POINT('',(4.981800231845,0.249999998247,1.392009690309)
  );
#381 = CARTESIAN_POINT('',(4.964949552992,0.248485975521,1.375348348468)
  );
#382 = CARTESIAN_POINT('',(4.94923168176,0.245849306775,1.357061893446)
  );
#383 = CARTESIAN_POINT('',(4.934557099436,0.242296201957,1.337593614395)
  );
#384 = CARTESIAN_POINT('',(4.92082237434,0.23800569542,1.317299197615));
#385 = CARTESIAN_POINT('',(4.907938485878,0.233088322216,1.296378010735)
  );
#386 = CARTESIAN_POINT('',(4.895805854101,0.227621050358,1.274940854649)
  );
#387 = CARTESIAN_POINT('',(4.867518481197,0.21285673296,1.220838492788)
  );
#388 = CARTESIAN_POINT('',(4.852220306082,0.203019089615,1.187793825001)
  );
#389 = CARTESIAN_POINT('',(4.838222943555,0.192294943961,1.154128346352)
  );
#390 = CARTESIAN_POINT('',(4.8254409933,0.180790539179,1.120034354082));
#391 = CARTESIAN_POINT('',(4.813806111895,0.168593525029,1.085665495825)
  );
#392 = CARTESIAN_POINT('',(4.803280207887,0.155763965727,1.051129439175)
  );
#393 = CARTESIAN_POINT('',(4.793835904059,0.142345034532,1.016500987591)
  );
#394 = CARTESIAN_POINT('',(4.776929793303,0.114088229674,0.946442365924)
  );
#395 = CARTESIAN_POINT('',(4.769523409597,9.924777312003E-02,
    0.911060449512));
#396 = CARTESIAN_POINT('',(4.763240174234,8.386930358716E-02,
    0.875738630581));
#397 = CARTESIAN_POINT('',(4.758100136351,6.798424554859E-02,
    0.840551713227));
#398 = CARTESIAN_POINT('',(4.754141026218,5.162365634503E-02,
    0.805581076455));
#399 = CARTESIAN_POINT('',(4.751416225257,3.481916144296E-02,
    0.770914617192));
#400 = CARTESIAN_POINT('',(4.75,1.760197418041E-02,0.736647781357));
#401 = CARTESIAN_POINT('',(4.75,0.,0.70288568297));
#402 = ORIENTED_EDGE('',*,*,#248,.F.);
#403 = ORIENTED_EDGE('',*,*,#136,.T.);
#404 = ORIENTED_EDGE('',*,*,#239,.F.);
#405 = SPHERICAL_SURFACE('',#406,8.725);
#406 = AXIS2_PLACEMENT_3D('',#407,#408,#409);
#407 = CARTESIAN_POINT('',(2.5,-7.475,4.6));
#408 = DIRECTION('',(0.,-1.,0.));
#409 = DIRECTION('',(-1.,0.,0.));
#410 = ADVANCED_FACE('',(#411),#432,.T.);
#411 = FACE_BOUND('',#412,.T.);
#412 = EDGE_LOOP('',(#413,#421,#422,#423,#424,#425));
#413 = ORIENTED_EDGE('',*,*,#414,.T.);
#414 = EDGE_CURVE('',#415,#341,#417,.T.);
#415 = VERTEX_POINT('',#416);
#416 = CARTESIAN_POINT('',(5.,0.25,-2.));
#417 = LINE('',#418,#419);
#418 = CARTESIAN_POINT('',(5.,0.25,-2.));
#419 = VECTOR('',#420,1.);
#420 = DIRECTION('',(0.,0.,1.));
#421 = ORIENTED_EDGE('',*,*,#340,.F.);
#422 = ORIENTED_EDGE('',*,*,#257,.F.);
#423 = ORIENTED_EDGE('',*,*,#377,.F.);
#424 = ORIENTED_EDGE('',*,*,#414,.F.);
#425 = ORIENTED_EDGE('',*,*,#426,.T.);
#426 = EDGE_CURVE('',#415,#415,#427,.T.);
#427 = CIRCLE('',#428,0.25);
#428 = AXIS2_PLACEMENT_3D('',#429,#430,#431);
#429 = CARTESIAN_POINT('',(5.,0.,-2.));
#430 = DIRECTION('',(0.,-0.,1.));
#431 = DIRECTION('',(1.144237745222E-17,1.,0.));
#432 = CYLINDRICAL_SURFACE('',#433,0.25);
#433 = AXIS2_PLACEMENT_3D('',#434,#435,#436);
#434 = CARTESIAN_POINT('',(5.,0.,-2.));
#435 = DIRECTION('',(0.,-0.,-1.));
#436 = DIRECTION('',(1.144237745222E-17,1.,0.));
#437 = ADVANCED_FACE('',(#438),#441,.T.);
#438 = FACE_BOUND('',#439,.F.);
#439 = EDGE_LOOP('',(#440));
#440 = ORIENTED_EDGE('',*,*,#426,.T.);
#441 = PLANE('',#442);
#442 = AXIS2_PLACEMENT_3D('',#443,#444,#445);
#443 = CARTESIAN_POINT('',(5.,0.25,-2.));
#444 = DIRECTION('',(-0.,0.,-1.));
#445 = DIRECTION('',(-1.144237745222E-17,-1.,0.));
#446 = ( GEOMETRIC_REPRESENTATION_CONTEXT(3) 
GLOBAL_UNCERTAINTY_ASSIGNED_CONTEXT((#450)) GLOBAL_UNIT_ASSIGNED_CONTEXT
((#447,#448,#449)) REPRESENTATION_CONTEXT('Context #1',
  '3D Context with UNIT and UNCERTAINTY') );
#447 = ( LENGTH_UNIT() NAMED_UNIT(*) SI_UNIT(.MILLI.,.METRE.) );
#448 = ( NAMED_UNIT(*) PLANE_ANGLE_UNIT() SI_UNIT($,.RADIAN.) );
#449 = ( NAMED_UNIT(*) SI_UNIT($,.STERADIAN.) SOLID_ANGLE_UNIT() );
#450 = UNCERTAINTY_MEASURE_WITH_UNIT(LENGTH_MEASURE(1.E-06),#447,
  'distance_accuracy_value','confusion accuracy');
#451 = CONTEXT_DEPENDENT_SHAPE_REPRESENTATION(#452,#454);
#452 = ( REPRESENTATION_RELATIONSHIP('','',#67,#44) 
REPRESENTATION_RELATIONSHIP_WITH_TRANSFORMATION(#453) 
SHAPE_REPRESENTATION_RELATIONSHIP() );
#453 = ITEM_DEFINED_TRANSFORMATION('','',#11,#45);
#454 = PRODUCT_DEFINITION_SHAPE('Placement','Placement of an item',#455
  );
#455 = NEXT_ASSEMBLY_USAGE_OCCURRENCE('1','=>[0:1:1:3]','',#39,#62,$);
#456 = PRODUCT_RELATED_PRODUCT_CATEGORY('part',$,(#64));
#457 = SHAPE_DEFINITION_REPRESENTATION(#458,#464);
#458 = PRODUCT_DEFINITION_SHAPE('','',#459);
#459 = PRODUCT_DEFINITION('design','',#460,#463);
#460 = PRODUCT_DEFINITION_FORMATION('','',#461);
#461 = PRODUCT('JST_PH_S5B-PH-K_1x05_P2.00mm_Horizontal',
  'JST_PH_S5B-PH-K_1x05_P2.00mm_Horizontal','',(#462));
#462 = PRODUCT_CONTEXT('',#2,'mechanical');
#463 = PRODUCT_DEFINITION_CONTEXT('part definition',#2,'design');
#464 = SHAPE_REPRESENTATION('',(#11,#465),#469);
#465 = AXIS2_PLACEMENT_3D('',#466,#467,#468);
#466 = CARTESIAN_POINT('',(0.,0.,0.));
#467 = DIRECTION('',(0.,0.,1.));
#468 = DIRECTION('',(1.,0.,-0.));
#469 = ( GEOMETRIC_REPRESENTATION_CONTEXT(3) 
GLOBAL_UNCERTAINTY_ASSIGNED_CONTEXT((#473)) GLOBAL_UNIT_ASSIGNED_CONTEXT
((#470,#471,#472)) REPRESENTATION_CONTEXT('Context #1',
  '3D Context with UNIT and UNCERTAINTY') );
#470 = ( LENGTH_UNIT() NAMED_UNIT(*) SI_UNIT(.MILLI.,.METRE.) );
#471 = ( NAMED_UNIT(*) PLANE_ANGLE_UNIT() SI_UNIT($,.RADIAN.) );
#472 = ( NAMED_UNIT(*) SI_UNIT($,.STERADIAN.) SOLID_ANGLE_UNIT() );
#473 = UNCERTAINTY_MEASURE_WITH_UNIT(LENGTH_MEASURE(1.E-07),#470,
  'distance_accuracy_value','confusion accuracy');
#474 = CONTEXT_DEPENDENT_SHAPE_REPRESENTATION(#475,#477);
#475 = ( REPRESENTATION_RELATIONSHIP('','',#464,#10) 
REPRESENTATION_RELATIONSHIP_WITH_TRANSFORMATION(#476) 
SHAPE_REPRESENTATION_RELATIONSHIP() );
#476 = ITEM_DEFINED_TRANSFORMATION('','',#11,#19);
#477 = PRODUCT_DEFINITION_SHAPE('Placement','Placement of an item',#478
  );
#478 = NEXT_ASSEMBLY_USAGE_OCCURRENCE('4','J1','',#5,#459,$);
#479 = PRODUCT_RELATED_PRODUCT_CATEGORY('part',$,(#461));
#480 = SHAPE_DEFINITION_REPRESENTATION(#481,#487);
#481 = PRODUCT_DEFINITION_SHAPE('','',#482);
#482 = PRODUCT_DEFINITION('design','',#483,#486);
#483 = PRODUCT_DEFINITION_FORMATION('','',#484);
#484 = PRODUCT('JST_S5B_PH_K','JST_S5B_PH_K','',(#485));
#485 = PRODUCT_CONTEXT('',#2,'mechanical');
#486 = PRODUCT_DEFINITION_CONTEXT('part definition',#2,'design');
#487 = ADVANCED_BREP_SHAPE_REPRESENTATION('',(#11,#488),#6808);
#488 = MANIFOLD_SOLID_BREP('',#489);
#489 = CLOSED_SHELL('',(#490,#530,#610,#698,#755,#772,#796,#820,#844,
    #900,#1132,#1163,#1175,#1357,#1371,#1523,#1580,#1604,#1677,#1701,
    #1734,#1845,#2133,#2173,#2204,#2222,#2239,#2257,#2283,#2314,#2331,
    #2364,#2388,#2419,#2436,#2469,#2493,#2524,#2541,#2574,#2598,#2629,
    #2646,#2679,#2719,#2742,#2791,#2815,#2862,#2879,#2896,#2908,#2955,
    #2986,#3003,#3020,#3037,#3054,#3071,#3095,#3119,#3136,#3160,#3184,
    #3201,#3225,#3249,#3266,#3290,#3314,#3331,#3348,#3360,#3377,#3389,
    #3413,#3431,#3443,#3455,#3469,#3481,#3493,#3524,#3548,#3572,#3589,
    #3620,#3644,#3668,#3685,#3716,#3740,#3764,#3781,#3812,#3836,#3860,
    #3877,#3908,#3932,#3956,#3973,#4019,#4065,#4111,#4157,#4203,#4220,
    #4232,#4263,#4287,#4311,#4328,#4359,#4383,#4407,#4424,#4455,#4479,
    #4503,#4520,#4551,#4575,#4599,#4616,#4647,#4671,#4695,#4712,#4743,
    #4833,#4857,#4940,#5005,#5029,#5087,#5104,#5169,#5193,#5251,#5268,
    #5333,#5357,#5415,#5432,#5463,#5553,#5577,#5660,#5672,#5684,#5696,
    #5708,#5720,#5737,#5754,#5771,#5788,#5821,#5861,#5892,#5909,#5921,
    #5954,#5971,#5988,#6019,#6041,#6053,#6084,#6101,#6118,#6149,#6171,
    #6183,#6214,#6231,#6248,#6279,#6301,#6313,#6344,#6361,#6378,#6395,
    #6412,#6445,#6485,#6516,#6533,#6545,#6578,#6595,#6612,#6624,#6641,
    #6658,#6670,#6687,#6704,#6716,#6733,#6750,#6762,#6779,#6796));
#490 = ADVANCED_FACE('',(#491),#525,.T.);
#491 = FACE_BOUND('',#492,.T.);
#492 = EDGE_LOOP('',(#493,#503,#511,#519));
#493 = ORIENTED_EDGE('',*,*,#494,.F.);
#494 = EDGE_CURVE('',#495,#497,#499,.T.);
#495 = VERTEX_POINT('',#496);
#496 = CARTESIAN_POINT('',(9.95,-4.65,2.5));
#497 = VERTEX_POINT('',#498);
#498 = CARTESIAN_POINT('',(9.95,-6.25,2.5));
#499 = LINE('',#500,#501);
#500 = CARTESIAN_POINT('',(9.95,-4.65,2.5));
#501 = VECTOR('',#502,1.);
#502 = DIRECTION('',(-1.224646799147E-16,-1.,1.110223024625E-16));
#503 = ORIENTED_EDGE('',*,*,#504,.T.);
#504 = EDGE_CURVE('',#495,#505,#507,.T.);
#505 = VERTEX_POINT('',#506);
#506 = CARTESIAN_POINT('',(9.45,-4.65,2.5));
#507 = LINE('',#508,#509);
#508 = CARTESIAN_POINT('',(9.95,-4.65,2.5));
#509 = VECTOR('',#510,1.);
#510 = DIRECTION('',(-1.,1.224646799147E-16,0.));
#511 = ORIENTED_EDGE('',*,*,#512,.T.);
#512 = EDGE_CURVE('',#505,#513,#515,.T.);
#513 = VERTEX_POINT('',#514);
#514 = CARTESIAN_POINT('',(9.45,-6.25,2.5));
#515 = LINE('',#516,#517);
#516 = CARTESIAN_POINT('',(9.45,-5.45,2.5));
#517 = VECTOR('',#518,1.);
#518 = DIRECTION('',(-1.224646799147E-16,-1.,1.110223024625E-16));
#519 = ORIENTED_EDGE('',*,*,#520,.F.);
#520 = EDGE_CURVE('',#497,#513,#521,.T.);
#521 = LINE('',#522,#523);
#522 = CARTESIAN_POINT('',(9.95,-6.25,2.5));
#523 = VECTOR('',#524,1.);
#524 = DIRECTION('',(-1.,1.224646799147E-16,0.));
#525 = PLANE('',#526);
#526 = AXIS2_PLACEMENT_3D('',#527,#528,#529);
#527 = CARTESIAN_POINT('',(9.95,-4.65,2.5));
#528 = DIRECTION('',(1.359631073447E-32,1.110223024625E-16,1.));
#529 = DIRECTION('',(-1.224646799147E-16,-1.,1.110223024625E-16));
#530 = ADVANCED_FACE('',(#531),#605,.T.);
#531 = FACE_BOUND('',#532,.T.);
#532 = EDGE_LOOP('',(#533,#541,#549,#557,#565,#573,#581,#589,#597,#604)
  );
#533 = ORIENTED_EDGE('',*,*,#534,.F.);
#534 = EDGE_CURVE('',#535,#497,#537,.T.);
#535 = VERTEX_POINT('',#536);
#536 = CARTESIAN_POINT('',(9.95,-6.25,0.));
#537 = LINE('',#538,#539);
#538 = CARTESIAN_POINT('',(9.95,-6.25,0.3));
#539 = VECTOR('',#540,1.);
#540 = DIRECTION('',(1.359631073447E-32,1.110223024625E-16,1.));
#541 = ORIENTED_EDGE('',*,*,#542,.F.);
#542 = EDGE_CURVE('',#543,#535,#545,.T.);
#543 = VERTEX_POINT('',#544);
#544 = CARTESIAN_POINT('',(9.95,1.35,0.));
#545 = LINE('',#546,#547);
#546 = CARTESIAN_POINT('',(9.95,1.35,0.));
#547 = VECTOR('',#548,1.);
#548 = DIRECTION('',(-1.224646799147E-16,-1.,0.));
#549 = ORIENTED_EDGE('',*,*,#550,.F.);
#550 = EDGE_CURVE('',#551,#543,#553,.T.);
#551 = VERTEX_POINT('',#552);
#552 = CARTESIAN_POINT('',(9.95,1.35,3.2));
#553 = LINE('',#554,#555);
#554 = CARTESIAN_POINT('',(9.95,1.35,3.2));
#555 = VECTOR('',#556,1.);
#556 = DIRECTION('',(-0.,0.,-1.));
#557 = ORIENTED_EDGE('',*,*,#558,.F.);
#558 = EDGE_CURVE('',#559,#551,#561,.T.);
#559 = VERTEX_POINT('',#560);
#560 = CARTESIAN_POINT('',(9.95,-0.25,4.1));
#561 = LINE('',#562,#563);
#562 = CARTESIAN_POINT('',(9.95,-0.25,4.1));
#563 = VECTOR('',#564,1.);
#564 = DIRECTION('',(1.067372191754E-16,0.871575537124,-0.490261239633)
  );
#565 = ORIENTED_EDGE('',*,*,#566,.T.);
#566 = EDGE_CURVE('',#559,#567,#569,.T.);
#567 = VERTEX_POINT('',#568);
#568 = CARTESIAN_POINT('',(9.95,-0.25,4.8));
#569 = LINE('',#570,#571);
#570 = CARTESIAN_POINT('',(9.95,-0.25,0.3));
#571 = VECTOR('',#572,1.);
#572 = DIRECTION('',(1.359631073447E-32,1.110223024625E-16,1.));
#573 = ORIENTED_EDGE('',*,*,#574,.T.);
#574 = EDGE_CURVE('',#567,#575,#577,.T.);
#575 = VERTEX_POINT('',#576);
#576 = CARTESIAN_POINT('',(9.95,-6.25,4.8));
#577 = LINE('',#578,#579);
#578 = CARTESIAN_POINT('',(9.95,-0.25,4.8));
#579 = VECTOR('',#580,1.);
#580 = DIRECTION('',(-1.224646799147E-16,-1.,1.110223024625E-16));
#581 = ORIENTED_EDGE('',*,*,#582,.F.);
#582 = EDGE_CURVE('',#583,#575,#585,.T.);
#583 = VERTEX_POINT('',#584);
#584 = CARTESIAN_POINT('',(9.95,-6.25,3.3));
#585 = LINE('',#586,#587);
#586 = CARTESIAN_POINT('',(9.95,-6.25,0.3));
#587 = VECTOR('',#588,1.);
#588 = DIRECTION('',(1.359631073447E-32,1.110223024625E-16,1.));
#589 = ORIENTED_EDGE('',*,*,#590,.T.);
#590 = EDGE_CURVE('',#583,#591,#593,.T.);
#591 = VERTEX_POINT('',#592);
#592 = CARTESIAN_POINT('',(9.95,-4.65,3.3));
#593 = LINE('',#594,#595);
#594 = CARTESIAN_POINT('',(9.95,-6.25,3.3));
#595 = VECTOR('',#596,1.);
#596 = DIRECTION('',(1.224646799147E-16,1.,-1.110223024625E-16));
#597 = ORIENTED_EDGE('',*,*,#598,.T.);
#598 = EDGE_CURVE('',#591,#495,#599,.T.);
#599 = CIRCLE('',#600,0.4);
#600 = AXIS2_PLACEMENT_3D('',#601,#602,#603);
#601 = CARTESIAN_POINT('',(9.95,-4.65,2.9));
#602 = DIRECTION('',(-1.,1.224646799147E-16,0.));
#603 = DIRECTION('',(1.359631073446E-32,1.110223024625E-16,1.));
#604 = ORIENTED_EDGE('',*,*,#494,.T.);
#605 = PLANE('',#606);
#606 = AXIS2_PLACEMENT_3D('',#607,#608,#609);
#607 = CARTESIAN_POINT('',(9.95,-2.909897467985,2.368621550033));
#608 = DIRECTION('',(1.,-1.224646799147E-16,-3.096025220137E-32));
#609 = DIRECTION('',(-3.096025220137E-32,3.79153737592E-48,-1.));
#610 = ADVANCED_FACE('',(#611),#693,.T.);
#611 = FACE_BOUND('',#612,.T.);
#612 = EDGE_LOOP('',(#613,#623,#631,#637,#638,#639,#647,#655,#663,#671,
    #679,#687));
#613 = ORIENTED_EDGE('',*,*,#614,.T.);
#614 = EDGE_CURVE('',#615,#617,#619,.T.);
#615 = VERTEX_POINT('',#616);
#616 = CARTESIAN_POINT('',(-0.95,-6.25,0.3));
#617 = VERTEX_POINT('',#618);
#618 = CARTESIAN_POINT('',(8.95,-6.25,0.3));
#619 = LINE('',#620,#621);
#620 = CARTESIAN_POINT('',(-1.95,-6.25,0.3));
#621 = VECTOR('',#622,1.);
#622 = DIRECTION('',(1.,-1.224646799147E-16,0.));
#623 = ORIENTED_EDGE('',*,*,#624,.F.);
#624 = EDGE_CURVE('',#625,#617,#627,.T.);
#625 = VERTEX_POINT('',#626);
#626 = CARTESIAN_POINT('',(8.95,-6.25,0.));
#627 = LINE('',#628,#629);
#628 = CARTESIAN_POINT('',(8.95,-6.25,0.));
#629 = VECTOR('',#630,1.);
#630 = DIRECTION('',(0.,0.,1.));
#631 = ORIENTED_EDGE('',*,*,#632,.F.);
#632 = EDGE_CURVE('',#535,#625,#633,.T.);
#633 = LINE('',#634,#635);
#634 = CARTESIAN_POINT('',(9.95,-6.25,0.));
#635 = VECTOR('',#636,1.);
#636 = DIRECTION('',(-1.,1.224646799147E-16,0.));
#637 = ORIENTED_EDGE('',*,*,#534,.T.);
#638 = ORIENTED_EDGE('',*,*,#520,.T.);
#639 = ORIENTED_EDGE('',*,*,#640,.F.);
#640 = EDGE_CURVE('',#641,#513,#643,.T.);
#641 = VERTEX_POINT('',#642);
#642 = CARTESIAN_POINT('',(9.45,-6.25,0.8));
#643 = LINE('',#644,#645);
#644 = CARTESIAN_POINT('',(9.45,-6.25,0.8));
#645 = VECTOR('',#646,1.);
#646 = DIRECTION('',(1.359631073447E-32,1.110223024625E-16,1.));
#647 = ORIENTED_EDGE('',*,*,#648,.F.);
#648 = EDGE_CURVE('',#649,#641,#651,.T.);
#649 = VERTEX_POINT('',#650);
#650 = CARTESIAN_POINT('',(-1.45,-6.25,0.8));
#651 = LINE('',#652,#653);
#652 = CARTESIAN_POINT('',(-1.45,-6.25,0.8));
#653 = VECTOR('',#654,1.);
#654 = DIRECTION('',(1.,-1.224646799147E-16,0.));
#655 = ORIENTED_EDGE('',*,*,#656,.F.);
#656 = EDGE_CURVE('',#657,#649,#659,.T.);
#657 = VERTEX_POINT('',#658);
#658 = CARTESIAN_POINT('',(-1.45,-6.25,2.5));
#659 = LINE('',#660,#661);
#660 = CARTESIAN_POINT('',(-1.45,-6.25,4.2));
#661 = VECTOR('',#662,1.);
#662 = DIRECTION('',(-1.359631073447E-32,-1.110223024625E-16,-1.));
#663 = ORIENTED_EDGE('',*,*,#664,.T.);
#664 = EDGE_CURVE('',#657,#665,#667,.T.);
#665 = VERTEX_POINT('',#666);
#666 = CARTESIAN_POINT('',(-1.95,-6.25,2.5));
#667 = LINE('',#668,#669);
#668 = CARTESIAN_POINT('',(9.95,-6.25,2.5));
#669 = VECTOR('',#670,1.);
#670 = DIRECTION('',(-1.,1.224646799147E-16,0.));
#671 = ORIENTED_EDGE('',*,*,#672,.T.);
#672 = EDGE_CURVE('',#665,#673,#675,.T.);
#673 = VERTEX_POINT('',#674);
#674 = CARTESIAN_POINT('',(-1.95,-6.25,0.));
#675 = LINE('',#676,#677);
#676 = CARTESIAN_POINT('',(-1.95,-6.25,4.8));
#677 = VECTOR('',#678,1.);
#678 = DIRECTION('',(-1.359631073447E-32,-1.110223024625E-16,-1.));
#679 = ORIENTED_EDGE('',*,*,#680,.F.);
#680 = EDGE_CURVE('',#681,#673,#683,.T.);
#681 = VERTEX_POINT('',#682);
#682 = CARTESIAN_POINT('',(-0.95,-6.25,0.));
#683 = LINE('',#684,#685);
#684 = CARTESIAN_POINT('',(-0.95,-6.25,0.));
#685 = VECTOR('',#686,1.);
#686 = DIRECTION('',(-1.,1.224646799147E-16,0.));
#687 = ORIENTED_EDGE('',*,*,#688,.T.);
#688 = EDGE_CURVE('',#681,#615,#689,.T.);
#689 = LINE('',#690,#691);
#690 = CARTESIAN_POINT('',(-0.95,-6.25,0.));
#691 = VECTOR('',#692,1.);
#692 = DIRECTION('',(0.,0.,1.));
#693 = PLANE('',#694);
#694 = AXIS2_PLACEMENT_3D('',#695,#696,#697);
#695 = CARTESIAN_POINT('',(4.,-6.25,0.796951219512));
#696 = DIRECTION('',(-1.224646799147E-16,-1.,-2.77858890432E-31));
#697 = DIRECTION('',(-3.402790007822E-47,-2.77858890432E-31,1.));
#698 = ADVANCED_FACE('',(#699),#750,.F.);
#699 = FACE_BOUND('',#700,.F.);
#700 = EDGE_LOOP('',(#701,#702,#710,#718,#726,#734,#742,#749));
#701 = ORIENTED_EDGE('',*,*,#640,.F.);
#702 = ORIENTED_EDGE('',*,*,#703,.T.);
#703 = EDGE_CURVE('',#641,#704,#706,.T.);
#704 = VERTEX_POINT('',#705);
#705 = CARTESIAN_POINT('',(9.45,-2.05,0.8));
#706 = LINE('',#707,#708);
#707 = CARTESIAN_POINT('',(9.45,-6.25,0.8));
#708 = VECTOR('',#709,1.);
#709 = DIRECTION('',(1.224646799147E-16,1.,-1.110223024625E-16));
#710 = ORIENTED_EDGE('',*,*,#711,.T.);
#711 = EDGE_CURVE('',#704,#712,#714,.T.);
#712 = VERTEX_POINT('',#713);
#713 = CARTESIAN_POINT('',(9.45,-2.05,4.2));
#714 = LINE('',#715,#716);
#715 = CARTESIAN_POINT('',(9.45,-2.05,0.8));
#716 = VECTOR('',#717,1.);
#717 = DIRECTION('',(1.359631073447E-32,1.110223024625E-16,1.));
#718 = ORIENTED_EDGE('',*,*,#719,.F.);
#719 = EDGE_CURVE('',#720,#712,#722,.T.);
#720 = VERTEX_POINT('',#721);
#721 = CARTESIAN_POINT('',(9.45,-6.25,4.2));
#722 = LINE('',#723,#724);
#723 = CARTESIAN_POINT('',(9.45,-6.25,4.2));
#724 = VECTOR('',#725,1.);
#725 = DIRECTION('',(1.224646799147E-16,1.,-1.110223024625E-16));
#726 = ORIENTED_EDGE('',*,*,#727,.F.);
#727 = EDGE_CURVE('',#728,#720,#730,.T.);
#728 = VERTEX_POINT('',#729);
#729 = CARTESIAN_POINT('',(9.45,-6.25,3.3));
#730 = LINE('',#731,#732);
#731 = CARTESIAN_POINT('',(9.45,-6.25,0.8));
#732 = VECTOR('',#733,1.);
#733 = DIRECTION('',(1.359631073447E-32,1.110223024625E-16,1.));
#734 = ORIENTED_EDGE('',*,*,#735,.T.);
#735 = EDGE_CURVE('',#728,#736,#738,.T.);
#736 = VERTEX_POINT('',#737);
#737 = CARTESIAN_POINT('',(9.45,-4.65,3.3));
#738 = LINE('',#739,#740);
#739 = CARTESIAN_POINT('',(9.45,-6.25,3.3));
#740 = VECTOR('',#741,1.);
#741 = DIRECTION('',(1.224646799147E-16,1.,-1.110223024625E-16));
#742 = ORIENTED_EDGE('',*,*,#743,.F.);
#743 = EDGE_CURVE('',#505,#736,#744,.T.);
#744 = CIRCLE('',#745,0.4);
#745 = AXIS2_PLACEMENT_3D('',#746,#747,#748);
#746 = CARTESIAN_POINT('',(9.45,-4.65,2.9));
#747 = DIRECTION('',(1.,-1.224646799147E-16,0.));
#748 = DIRECTION('',(1.359631073446E-32,1.110223024625E-16,1.));
#749 = ORIENTED_EDGE('',*,*,#512,.T.);
#750 = PLANE('',#751);
#751 = AXIS2_PLACEMENT_3D('',#752,#753,#754);
#752 = CARTESIAN_POINT('',(9.45,-6.25,0.8));
#753 = DIRECTION('',(1.,-1.224646799147E-16,0.));
#754 = DIRECTION('',(1.359631073446E-32,1.110223024625E-16,1.));
#755 = ADVANCED_FACE('',(#756),#767,.F.);
#756 = FACE_BOUND('',#757,.F.);
#757 = EDGE_LOOP('',(#758,#759,#760,#766));
#758 = ORIENTED_EDGE('',*,*,#504,.T.);
#759 = ORIENTED_EDGE('',*,*,#743,.T.);
#760 = ORIENTED_EDGE('',*,*,#761,.F.);
#761 = EDGE_CURVE('',#591,#736,#762,.T.);
#762 = LINE('',#763,#764);
#763 = CARTESIAN_POINT('',(9.95,-4.65,3.3));
#764 = VECTOR('',#765,1.);
#765 = DIRECTION('',(-1.,1.224646799147E-16,0.));
#766 = ORIENTED_EDGE('',*,*,#598,.T.);
#767 = CYLINDRICAL_SURFACE('',#768,0.4);
#768 = AXIS2_PLACEMENT_3D('',#769,#770,#771);
#769 = CARTESIAN_POINT('',(9.95,-4.65,2.9));
#770 = DIRECTION('',(1.,-1.224646799147E-16,0.));
#771 = DIRECTION('',(1.359631073446E-32,1.110223024625E-16,1.));
#772 = ADVANCED_FACE('',(#773),#791,.F.);
#773 = FACE_BOUND('',#774,.F.);
#774 = EDGE_LOOP('',(#775,#783,#789,#790));
#775 = ORIENTED_EDGE('',*,*,#776,.T.);
#776 = EDGE_CURVE('',#543,#777,#779,.T.);
#777 = VERTEX_POINT('',#778);
#778 = CARTESIAN_POINT('',(8.95,1.35,0.));
#779 = LINE('',#780,#781);
#780 = CARTESIAN_POINT('',(9.95,1.35,0.));
#781 = VECTOR('',#782,1.);
#782 = DIRECTION('',(-1.,1.224646799147E-16,0.));
#783 = ORIENTED_EDGE('',*,*,#784,.T.);
#784 = EDGE_CURVE('',#777,#625,#785,.T.);
#785 = LINE('',#786,#787);
#786 = CARTESIAN_POINT('',(8.95,1.35,0.));
#787 = VECTOR('',#788,1.);
#788 = DIRECTION('',(-1.224646799147E-16,-1.,0.));
#789 = ORIENTED_EDGE('',*,*,#632,.F.);
#790 = ORIENTED_EDGE('',*,*,#542,.F.);
#791 = PLANE('',#792);
#792 = AXIS2_PLACEMENT_3D('',#793,#794,#795);
#793 = CARTESIAN_POINT('',(9.95,1.35,0.));
#794 = DIRECTION('',(0.,0.,1.));
#795 = DIRECTION('',(-1.224646799147E-16,-1.,0.));
#796 = ADVANCED_FACE('',(#797),#815,.F.);
#797 = FACE_BOUND('',#798,.F.);
#798 = EDGE_LOOP('',(#799,#807,#813,#814));
#799 = ORIENTED_EDGE('',*,*,#800,.T.);
#800 = EDGE_CURVE('',#551,#801,#803,.T.);
#801 = VERTEX_POINT('',#802);
#802 = CARTESIAN_POINT('',(8.95,1.35,3.2));
#803 = LINE('',#804,#805);
#804 = CARTESIAN_POINT('',(9.95,1.35,3.2));
#805 = VECTOR('',#806,1.);
#806 = DIRECTION('',(-1.,1.224646799147E-16,0.));
#807 = ORIENTED_EDGE('',*,*,#808,.T.);
#808 = EDGE_CURVE('',#801,#777,#809,.T.);
#809 = LINE('',#810,#811);
#810 = CARTESIAN_POINT('',(8.95,1.35,3.2));
#811 = VECTOR('',#812,1.);
#812 = DIRECTION('',(-0.,0.,-1.));
#813 = ORIENTED_EDGE('',*,*,#776,.F.);
#814 = ORIENTED_EDGE('',*,*,#550,.F.);
#815 = PLANE('',#816);
#816 = AXIS2_PLACEMENT_3D('',#817,#818,#819);
#817 = CARTESIAN_POINT('',(9.95,1.35,3.2));
#818 = DIRECTION('',(-1.224646799147E-16,-1.,0.));
#819 = DIRECTION('',(-0.,0.,-1.));
#820 = ADVANCED_FACE('',(#821),#839,.F.);
#821 = FACE_BOUND('',#822,.F.);
#822 = EDGE_LOOP('',(#823,#831,#837,#838));
#823 = ORIENTED_EDGE('',*,*,#824,.T.);
#824 = EDGE_CURVE('',#559,#825,#827,.T.);
#825 = VERTEX_POINT('',#826);
#826 = CARTESIAN_POINT('',(8.95,-0.25,4.1));
#827 = LINE('',#828,#829);
#828 = CARTESIAN_POINT('',(9.95,-0.25,4.1));
#829 = VECTOR('',#830,1.);
#830 = DIRECTION('',(-1.,1.224646799147E-16,0.));
#831 = ORIENTED_EDGE('',*,*,#832,.T.);
#832 = EDGE_CURVE('',#825,#801,#833,.T.);
#833 = LINE('',#834,#835);
#834 = CARTESIAN_POINT('',(8.95,-0.25,4.1));
#835 = VECTOR('',#836,1.);
#836 = DIRECTION('',(1.067372191754E-16,0.871575537124,-0.490261239633)
  );
#837 = ORIENTED_EDGE('',*,*,#800,.F.);
#838 = ORIENTED_EDGE('',*,*,#558,.F.);
#839 = PLANE('',#840);
#840 = AXIS2_PLACEMENT_3D('',#841,#842,#843);
#841 = CARTESIAN_POINT('',(9.95,-0.25,4.1));
#842 = DIRECTION('',(-6.003968578616E-17,-0.490261239633,-0.871575537124
    ));
#843 = DIRECTION('',(1.067372191754E-16,0.871575537124,-0.490261239633)
  );
#844 = ADVANCED_FACE('',(#845),#895,.F.);
#845 = FACE_BOUND('',#846,.F.);
#846 = EDGE_LOOP('',(#847,#857,#865,#871,#872,#873,#881,#889));
#847 = ORIENTED_EDGE('',*,*,#848,.F.);
#848 = EDGE_CURVE('',#849,#851,#853,.T.);
#849 = VERTEX_POINT('',#850);
#850 = CARTESIAN_POINT('',(8.75,-0.25,0.3));
#851 = VERTEX_POINT('',#852);
#852 = CARTESIAN_POINT('',(8.75,-0.25,4.2));
#853 = LINE('',#854,#855);
#854 = CARTESIAN_POINT('',(8.75,-0.25,0.3));
#855 = VECTOR('',#856,1.);
#856 = DIRECTION('',(1.359631073447E-32,1.110223024625E-16,1.));
#857 = ORIENTED_EDGE('',*,*,#858,.T.);
#858 = EDGE_CURVE('',#849,#859,#861,.T.);
#859 = VERTEX_POINT('',#860);
#860 = CARTESIAN_POINT('',(8.95,-0.25,0.3));
#861 = LINE('',#862,#863);
#862 = CARTESIAN_POINT('',(-1.95,-0.25,0.3));
#863 = VECTOR('',#864,1.);
#864 = DIRECTION('',(1.,-1.224646799147E-16,0.));
#865 = ORIENTED_EDGE('',*,*,#866,.T.);
#866 = EDGE_CURVE('',#859,#825,#867,.T.);
#867 = LINE('',#868,#869);
#868 = CARTESIAN_POINT('',(8.95,-0.25,0.3));
#869 = VECTOR('',#870,1.);
#870 = DIRECTION('',(0.,0.,1.));
#871 = ORIENTED_EDGE('',*,*,#824,.F.);
#872 = ORIENTED_EDGE('',*,*,#566,.T.);
#873 = ORIENTED_EDGE('',*,*,#874,.T.);
#874 = EDGE_CURVE('',#567,#875,#877,.T.);
#875 = VERTEX_POINT('',#876);
#876 = CARTESIAN_POINT('',(9.4,-0.25,4.8));
#877 = LINE('',#878,#879);
#878 = CARTESIAN_POINT('',(9.95,-0.25,4.8));
#879 = VECTOR('',#880,1.);
#880 = DIRECTION('',(-1.,1.224646799147E-16,0.));
#881 = ORIENTED_EDGE('',*,*,#882,.T.);
#882 = EDGE_CURVE('',#875,#883,#885,.T.);
#883 = VERTEX_POINT('',#884);
#884 = CARTESIAN_POINT('',(9.4,-0.25,4.2));
#885 = LINE('',#886,#887);
#886 = CARTESIAN_POINT('',(9.4,-0.25,4.8));
#887 = VECTOR('',#888,1.);
#888 = DIRECTION('',(-1.359631073447E-32,-1.110223024625E-16,-1.));
#889 = ORIENTED_EDGE('',*,*,#890,.T.);
#890 = EDGE_CURVE('',#883,#851,#891,.T.);
#891 = LINE('',#892,#893);
#892 = CARTESIAN_POINT('',(9.4,-0.25,4.2));
#893 = VECTOR('',#894,1.);
#894 = DIRECTION('',(-1.,1.224646799147E-16,0.));
#895 = PLANE('',#896);
#896 = AXIS2_PLACEMENT_3D('',#897,#898,#899);
#897 = CARTESIAN_POINT('',(4.,-0.25,2.55));
#898 = DIRECTION('',(-1.224646799147E-16,-1.,1.110223024625E-16));
#899 = DIRECTION('',(-1.,1.224646799147E-16,0.));
#900 = ADVANCED_FACE('',(#901),#1127,.F.);
#901 = FACE_BOUND('',#902,.F.);
#902 = EDGE_LOOP('',(#903,#904,#905,#913,#921,#929,#937,#945,#953,#961,
    #969,#977,#985,#993,#1001,#1009,#1017,#1025,#1033,#1041,#1049,#1057,
    #1065,#1073,#1081,#1089,#1097,#1105,#1113,#1121));
#903 = ORIENTED_EDGE('',*,*,#874,.F.);
#904 = ORIENTED_EDGE('',*,*,#574,.T.);
#905 = ORIENTED_EDGE('',*,*,#906,.T.);
#906 = EDGE_CURVE('',#575,#907,#909,.T.);
#907 = VERTEX_POINT('',#908);
#908 = CARTESIAN_POINT('',(7.45,-6.25,4.8));
#909 = LINE('',#910,#911);
#910 = CARTESIAN_POINT('',(9.95,-6.25,4.8));
#911 = VECTOR('',#912,1.);
#912 = DIRECTION('',(-1.,1.224646799147E-16,0.));
#913 = ORIENTED_EDGE('',*,*,#914,.T.);
#914 = EDGE_CURVE('',#907,#915,#917,.T.);
#915 = VERTEX_POINT('',#916);
#916 = CARTESIAN_POINT('',(7.45,-2.35,4.8));
#917 = LINE('',#918,#919);
#918 = CARTESIAN_POINT('',(7.45,-6.25,4.8));
#919 = VECTOR('',#920,1.);
#920 = DIRECTION('',(1.224646799147E-16,1.,-1.110223024625E-16));
#921 = ORIENTED_EDGE('',*,*,#922,.T.);
#922 = EDGE_CURVE('',#915,#923,#925,.T.);
#923 = VERTEX_POINT('',#924);
#924 = CARTESIAN_POINT('',(0.55,-2.35,4.8));
#925 = LINE('',#926,#927);
#926 = CARTESIAN_POINT('',(7.45,-2.35,4.8));
#927 = VECTOR('',#928,1.);
#928 = DIRECTION('',(-1.,1.224646799147E-16,0.));
#929 = ORIENTED_EDGE('',*,*,#930,.T.);
#930 = EDGE_CURVE('',#923,#931,#933,.T.);
#931 = VERTEX_POINT('',#932);
#932 = CARTESIAN_POINT('',(0.55,-6.25,4.8));
#933 = LINE('',#934,#935);
#934 = CARTESIAN_POINT('',(0.55,-2.35,4.8));
#935 = VECTOR('',#936,1.);
#936 = DIRECTION('',(-1.224646799147E-16,-1.,1.110223024625E-16));
#937 = ORIENTED_EDGE('',*,*,#938,.T.);
#938 = EDGE_CURVE('',#931,#939,#941,.T.);
#939 = VERTEX_POINT('',#940);
#940 = CARTESIAN_POINT('',(-0.45,-6.25,4.8));
#941 = LINE('',#942,#943);
#942 = CARTESIAN_POINT('',(9.95,-6.25,4.8));
#943 = VECTOR('',#944,1.);
#944 = DIRECTION('',(-1.,1.224646799147E-16,0.));
#945 = ORIENTED_EDGE('',*,*,#946,.F.);
#946 = EDGE_CURVE('',#947,#939,#949,.T.);
#947 = VERTEX_POINT('',#948);
#948 = CARTESIAN_POINT('',(-0.45,-4.45,4.8));
#949 = LINE('',#950,#951);
#950 = CARTESIAN_POINT('',(-0.45,-4.45,4.8));
#951 = VECTOR('',#952,1.);
#952 = DIRECTION('',(-1.224646799147E-16,-1.,1.110223024625E-16));
#953 = ORIENTED_EDGE('',*,*,#954,.F.);
#954 = EDGE_CURVE('',#955,#947,#957,.T.);
#955 = VERTEX_POINT('',#956);
#956 = CARTESIAN_POINT('',(-0.4,-4.45,4.8));
#957 = LINE('',#958,#959);
#958 = CARTESIAN_POINT('',(-0.4,-4.45,4.8));
#959 = VECTOR('',#960,1.);
#960 = DIRECTION('',(-1.,1.224646799147E-16,0.));
#961 = ORIENTED_EDGE('',*,*,#962,.F.);
#962 = EDGE_CURVE('',#963,#955,#965,.T.);
#963 = VERTEX_POINT('',#964);
#964 = CARTESIAN_POINT('',(-0.4,-0.45,4.8));
#965 = LINE('',#966,#967);
#966 = CARTESIAN_POINT('',(-0.4,-0.25,4.8));
#967 = VECTOR('',#968,1.);
#968 = DIRECTION('',(-1.224646799147E-16,-1.,1.110223024625E-16));
#969 = ORIENTED_EDGE('',*,*,#970,.F.);
#970 = EDGE_CURVE('',#971,#963,#973,.T.);
#971 = VERTEX_POINT('',#972);
#972 = CARTESIAN_POINT('',(0.75,-0.45,4.8));
#973 = LINE('',#974,#975);
#974 = CARTESIAN_POINT('',(0.75,-0.45,4.8));
#975 = VECTOR('',#976,1.);
#976 = DIRECTION('',(-1.,1.224646799147E-16,0.));
#977 = ORIENTED_EDGE('',*,*,#978,.F.);
#978 = EDGE_CURVE('',#979,#971,#981,.T.);
#979 = VERTEX_POINT('',#980);
#980 = CARTESIAN_POINT('',(0.75,-0.25,4.8));
#981 = LINE('',#982,#983);
#982 = CARTESIAN_POINT('',(0.75,-0.25,4.8));
#983 = VECTOR('',#984,1.);
#984 = DIRECTION('',(-1.224646799147E-16,-1.,1.110223024625E-16));
#985 = ORIENTED_EDGE('',*,*,#986,.F.);
#986 = EDGE_CURVE('',#987,#979,#989,.T.);
#987 = VERTEX_POINT('',#988);
#988 = CARTESIAN_POINT('',(1.25,-0.25,4.8));
#989 = LINE('',#990,#991);
#990 = CARTESIAN_POINT('',(9.95,-0.25,4.8));
#991 = VECTOR('',#992,1.);
#992 = DIRECTION('',(-1.,1.224646799147E-16,0.));
#993 = ORIENTED_EDGE('',*,*,#994,.T.);
#994 = EDGE_CURVE('',#987,#995,#997,.T.);
#995 = VERTEX_POINT('',#996);
#996 = CARTESIAN_POINT('',(1.25,-0.45,4.8));
#997 = LINE('',#998,#999);
#998 = CARTESIAN_POINT('',(1.25,-0.25,4.8));
#999 = VECTOR('',#1000,1.);
#1000 = DIRECTION('',(-1.224646799147E-16,-1.,1.110223024625E-16));
#1001 = ORIENTED_EDGE('',*,*,#1002,.F.);
#1002 = EDGE_CURVE('',#1003,#995,#1005,.T.);
#1003 = VERTEX_POINT('',#1004);
#1004 = CARTESIAN_POINT('',(2.75,-0.45,4.8));
#1005 = LINE('',#1006,#1007);
#1006 = CARTESIAN_POINT('',(2.75,-0.45,4.8));
#1007 = VECTOR('',#1008,1.);
#1008 = DIRECTION('',(-1.,1.224646799147E-16,0.));
#1009 = ORIENTED_EDGE('',*,*,#1010,.F.);
#1010 = EDGE_CURVE('',#1011,#1003,#1013,.T.);
#1011 = VERTEX_POINT('',#1012);
#1012 = CARTESIAN_POINT('',(2.75,-0.25,4.8));
#1013 = LINE('',#1014,#1015);
#1014 = CARTESIAN_POINT('',(2.75,-0.25,4.8));
#1015 = VECTOR('',#1016,1.);
#1016 = DIRECTION('',(-1.224646799147E-16,-1.,1.110223024625E-16));
#1017 = ORIENTED_EDGE('',*,*,#1018,.F.);
#1018 = EDGE_CURVE('',#1019,#1011,#1021,.T.);
#1019 = VERTEX_POINT('',#1020);
#1020 = CARTESIAN_POINT('',(3.25,-0.25,4.8));
#1021 = LINE('',#1022,#1023);
#1022 = CARTESIAN_POINT('',(9.95,-0.25,4.8));
#1023 = VECTOR('',#1024,1.);
#1024 = DIRECTION('',(-1.,1.224646799147E-16,0.));
#1025 = ORIENTED_EDGE('',*,*,#1026,.T.);
#1026 = EDGE_CURVE('',#1019,#1027,#1029,.T.);
#1027 = VERTEX_POINT('',#1028);
#1028 = CARTESIAN_POINT('',(3.25,-0.45,4.8));
#1029 = LINE('',#1030,#1031);
#1030 = CARTESIAN_POINT('',(3.25,-0.25,4.8));
#1031 = VECTOR('',#1032,1.);
#1032 = DIRECTION('',(-1.224646799147E-16,-1.,1.110223024625E-16));
#1033 = ORIENTED_EDGE('',*,*,#1034,.F.);
#1034 = EDGE_CURVE('',#1035,#1027,#1037,.T.);
#1035 = VERTEX_POINT('',#1036);
#1036 = CARTESIAN_POINT('',(4.75,-0.45,4.8));
#1037 = LINE('',#1038,#1039);
#1038 = CARTESIAN_POINT('',(4.75,-0.45,4.8));
#1039 = VECTOR('',#1040,1.);
#1040 = DIRECTION('',(-1.,1.224646799147E-16,0.));
#1041 = ORIENTED_EDGE('',*,*,#1042,.F.);
#1042 = EDGE_CURVE('',#1043,#1035,#1045,.T.);
#1043 = VERTEX_POINT('',#1044);
#1044 = CARTESIAN_POINT('',(4.75,-0.25,4.8));
#1045 = LINE('',#1046,#1047);
#1046 = CARTESIAN_POINT('',(4.75,-0.25,4.8));
#1047 = VECTOR('',#1048,1.);
#1048 = DIRECTION('',(-1.224646799147E-16,-1.,1.110223024625E-16));
#1049 = ORIENTED_EDGE('',*,*,#1050,.F.);
#1050 = EDGE_CURVE('',#1051,#1043,#1053,.T.);
#1051 = VERTEX_POINT('',#1052);
#1052 = CARTESIAN_POINT('',(5.25,-0.25,4.8));
#1053 = LINE('',#1054,#1055);
#1054 = CARTESIAN_POINT('',(9.95,-0.25,4.8));
#1055 = VECTOR('',#1056,1.);
#1056 = DIRECTION('',(-1.,1.224646799147E-16,0.));
#1057 = ORIENTED_EDGE('',*,*,#1058,.T.);
#1058 = EDGE_CURVE('',#1051,#1059,#1061,.T.);
#1059 = VERTEX_POINT('',#1060);
#1060 = CARTESIAN_POINT('',(5.25,-0.45,4.8));
#1061 = LINE('',#1062,#1063);
#1062 = CARTESIAN_POINT('',(5.25,-0.25,4.8));
#1063 = VECTOR('',#1064,1.);
#1064 = DIRECTION('',(-1.224646799147E-16,-1.,1.110223024625E-16));
#1065 = ORIENTED_EDGE('',*,*,#1066,.F.);
#1066 = EDGE_CURVE('',#1067,#1059,#1069,.T.);
#1067 = VERTEX_POINT('',#1068);
#1068 = CARTESIAN_POINT('',(6.75,-0.45,4.8));
#1069 = LINE('',#1070,#1071);
#1070 = CARTESIAN_POINT('',(6.75,-0.45,4.8));
#1071 = VECTOR('',#1072,1.);
#1072 = DIRECTION('',(-1.,1.224646799147E-16,0.));
#1073 = ORIENTED_EDGE('',*,*,#1074,.F.);
#1074 = EDGE_CURVE('',#1075,#1067,#1077,.T.);
#1075 = VERTEX_POINT('',#1076);
#1076 = CARTESIAN_POINT('',(6.75,-0.25,4.8));
#1077 = LINE('',#1078,#1079);
#1078 = CARTESIAN_POINT('',(6.75,-0.25,4.8));
#1079 = VECTOR('',#1080,1.);
#1080 = DIRECTION('',(-1.224646799147E-16,-1.,1.110223024625E-16));
#1081 = ORIENTED_EDGE('',*,*,#1082,.F.);
#1082 = EDGE_CURVE('',#1083,#1075,#1085,.T.);
#1083 = VERTEX_POINT('',#1084);
#1084 = CARTESIAN_POINT('',(7.25,-0.25,4.8));
#1085 = LINE('',#1086,#1087);
#1086 = CARTESIAN_POINT('',(9.95,-0.25,4.8));
#1087 = VECTOR('',#1088,1.);
#1088 = DIRECTION('',(-1.,1.224646799147E-16,0.));
#1089 = ORIENTED_EDGE('',*,*,#1090,.T.);
#1090 = EDGE_CURVE('',#1083,#1091,#1093,.T.);
#1091 = VERTEX_POINT('',#1092);
#1092 = CARTESIAN_POINT('',(7.25,-0.45,4.8));
#1093 = LINE('',#1094,#1095);
#1094 = CARTESIAN_POINT('',(7.25,-0.25,4.8));
#1095 = VECTOR('',#1096,1.);
#1096 = DIRECTION('',(-1.224646799147E-16,-1.,1.110223024625E-16));
#1097 = ORIENTED_EDGE('',*,*,#1098,.F.);
#1098 = EDGE_CURVE('',#1099,#1091,#1101,.T.);
#1099 = VERTEX_POINT('',#1100);
#1100 = CARTESIAN_POINT('',(8.4,-0.45,4.8));
#1101 = LINE('',#1102,#1103);
#1102 = CARTESIAN_POINT('',(8.75,-0.45,4.8));
#1103 = VECTOR('',#1104,1.);
#1104 = DIRECTION('',(-1.,1.224646799147E-16,0.));
#1105 = ORIENTED_EDGE('',*,*,#1106,.T.);
#1106 = EDGE_CURVE('',#1099,#1107,#1109,.T.);
#1107 = VERTEX_POINT('',#1108);
#1108 = CARTESIAN_POINT('',(8.4,-4.45,4.8));
#1109 = LINE('',#1110,#1111);
#1110 = CARTESIAN_POINT('',(8.4,-0.25,4.8));
#1111 = VECTOR('',#1112,1.);
#1112 = DIRECTION('',(-1.224646799147E-16,-1.,1.110223024625E-16));
#1113 = ORIENTED_EDGE('',*,*,#1114,.T.);
#1114 = EDGE_CURVE('',#1107,#1115,#1117,.T.);
#1115 = VERTEX_POINT('',#1116);
#1116 = CARTESIAN_POINT('',(9.4,-4.45,4.8));
#1117 = LINE('',#1118,#1119);
#1118 = CARTESIAN_POINT('',(8.4,-4.45,4.8));
#1119 = VECTOR('',#1120,1.);
#1120 = DIRECTION('',(1.,-1.224646799147E-16,0.));
#1121 = ORIENTED_EDGE('',*,*,#1122,.T.);
#1122 = EDGE_CURVE('',#1115,#875,#1123,.T.);
#1123 = LINE('',#1124,#1125);
#1124 = CARTESIAN_POINT('',(9.4,-4.45,4.8));
#1125 = VECTOR('',#1126,1.);
#1126 = DIRECTION('',(1.224646799147E-16,1.,-1.110223024625E-16));
#1127 = PLANE('',#1128);
#1128 = AXIS2_PLACEMENT_3D('',#1129,#1130,#1131);
#1129 = CARTESIAN_POINT('',(9.95,-0.25,4.8));
#1130 = DIRECTION('',(-1.359631073447E-32,-1.110223024625E-16,-1.));
#1131 = DIRECTION('',(-1.,1.224646799147E-16,6.927121900793E-45));
#1132 = ADVANCED_FACE('',(#1133),#1158,.T.);
#1133 = FACE_BOUND('',#1134,.T.);
#1134 = EDGE_LOOP('',(#1135,#1141,#1142,#1143,#1151,#1157));
#1135 = ORIENTED_EDGE('',*,*,#1136,.F.);
#1136 = EDGE_CURVE('',#583,#728,#1137,.T.);
#1137 = LINE('',#1138,#1139);
#1138 = CARTESIAN_POINT('',(9.95,-6.25,3.3));
#1139 = VECTOR('',#1140,1.);
#1140 = DIRECTION('',(-1.,1.224646799147E-16,0.));
#1141 = ORIENTED_EDGE('',*,*,#582,.T.);
#1142 = ORIENTED_EDGE('',*,*,#906,.T.);
#1143 = ORIENTED_EDGE('',*,*,#1144,.T.);
#1144 = EDGE_CURVE('',#907,#1145,#1147,.T.);
#1145 = VERTEX_POINT('',#1146);
#1146 = CARTESIAN_POINT('',(7.45,-6.25,4.2));
#1147 = LINE('',#1148,#1149);
#1148 = CARTESIAN_POINT('',(7.45,-6.25,4.8));
#1149 = VECTOR('',#1150,1.);
#1150 = DIRECTION('',(-1.359631073447E-32,-1.110223024625E-16,-1.));
#1151 = ORIENTED_EDGE('',*,*,#1152,.F.);
#1152 = EDGE_CURVE('',#720,#1145,#1153,.T.);
#1153 = LINE('',#1154,#1155);
#1154 = CARTESIAN_POINT('',(9.45,-6.25,4.2));
#1155 = VECTOR('',#1156,1.);
#1156 = DIRECTION('',(-1.,1.224646799147E-16,0.));
#1157 = ORIENTED_EDGE('',*,*,#727,.F.);
#1158 = PLANE('',#1159);
#1159 = AXIS2_PLACEMENT_3D('',#1160,#1161,#1162);
#1160 = CARTESIAN_POINT('',(4.,-6.25,2.55));
#1161 = DIRECTION('',(-1.224646799147E-16,-1.,1.110223024625E-16));
#1162 = DIRECTION('',(-1.,1.224646799147E-16,0.));
#1163 = ADVANCED_FACE('',(#1164),#1170,.T.);
#1164 = FACE_BOUND('',#1165,.T.);
#1165 = EDGE_LOOP('',(#1166,#1167,#1168,#1169));
#1166 = ORIENTED_EDGE('',*,*,#590,.F.);
#1167 = ORIENTED_EDGE('',*,*,#1136,.T.);
#1168 = ORIENTED_EDGE('',*,*,#735,.T.);
#1169 = ORIENTED_EDGE('',*,*,#761,.F.);
#1170 = PLANE('',#1171);
#1171 = AXIS2_PLACEMENT_3D('',#1172,#1173,#1174);
#1172 = CARTESIAN_POINT('',(9.95,-6.25,3.3));
#1173 = DIRECTION('',(-1.359631073447E-32,-1.110223024625E-16,-1.));
#1174 = DIRECTION('',(1.224646799147E-16,1.,-1.110223024625E-16));
#1175 = ADVANCED_FACE('',(#1176),#1352,.F.);
#1176 = FACE_BOUND('',#1177,.F.);
#1177 = EDGE_LOOP('',(#1178,#1188,#1194,#1195,#1201,#1202,#1210,#1218,
    #1226,#1234,#1242,#1250,#1258,#1266,#1274,#1282,#1290,#1298,#1306,
    #1314,#1322,#1330,#1338,#1346));
#1178 = ORIENTED_EDGE('',*,*,#1179,.F.);
#1179 = EDGE_CURVE('',#1180,#1182,#1184,.T.);
#1180 = VERTEX_POINT('',#1181);
#1181 = CARTESIAN_POINT('',(-0.95,-0.25,0.3));
#1182 = VERTEX_POINT('',#1183);
#1183 = CARTESIAN_POINT('',(-0.75,-0.25,0.3));
#1184 = LINE('',#1185,#1186);
#1185 = CARTESIAN_POINT('',(-1.95,-0.25,0.3));
#1186 = VECTOR('',#1187,1.);
#1187 = DIRECTION('',(1.,-1.224646799147E-16,0.));
#1188 = ORIENTED_EDGE('',*,*,#1189,.F.);
#1189 = EDGE_CURVE('',#615,#1180,#1190,.T.);
#1190 = LINE('',#1191,#1192);
#1191 = CARTESIAN_POINT('',(-0.95,-6.25,0.3));
#1192 = VECTOR('',#1193,1.);
#1193 = DIRECTION('',(1.224646799147E-16,1.,0.));
#1194 = ORIENTED_EDGE('',*,*,#614,.T.);
#1195 = ORIENTED_EDGE('',*,*,#1196,.T.);
#1196 = EDGE_CURVE('',#617,#859,#1197,.T.);
#1197 = LINE('',#1198,#1199);
#1198 = CARTESIAN_POINT('',(8.95,-6.25,0.3));
#1199 = VECTOR('',#1200,1.);
#1200 = DIRECTION('',(1.224646799147E-16,1.,0.));
#1201 = ORIENTED_EDGE('',*,*,#858,.F.);
#1202 = ORIENTED_EDGE('',*,*,#1203,.F.);
#1203 = EDGE_CURVE('',#1204,#849,#1206,.T.);
#1204 = VERTEX_POINT('',#1205);
#1205 = CARTESIAN_POINT('',(8.75,-0.45,0.3));
#1206 = LINE('',#1207,#1208);
#1207 = CARTESIAN_POINT('',(8.75,-0.45,0.3));
#1208 = VECTOR('',#1209,1.);
#1209 = DIRECTION('',(1.224646799147E-16,1.,-1.110223024625E-16));
#1210 = ORIENTED_EDGE('',*,*,#1211,.T.);
#1211 = EDGE_CURVE('',#1204,#1212,#1214,.T.);
#1212 = VERTEX_POINT('',#1213);
#1213 = CARTESIAN_POINT('',(7.25,-0.45,0.3));
#1214 = LINE('',#1215,#1216);
#1215 = CARTESIAN_POINT('',(8.75,-0.45,0.3));
#1216 = VECTOR('',#1217,1.);
#1217 = DIRECTION('',(-1.,1.224646799147E-16,0.));
#1218 = ORIENTED_EDGE('',*,*,#1219,.T.);
#1219 = EDGE_CURVE('',#1212,#1220,#1222,.T.);
#1220 = VERTEX_POINT('',#1221);
#1221 = CARTESIAN_POINT('',(7.25,-0.25,0.3));
#1222 = LINE('',#1223,#1224);
#1223 = CARTESIAN_POINT('',(7.25,-0.45,0.3));
#1224 = VECTOR('',#1225,1.);
#1225 = DIRECTION('',(1.224646799147E-16,1.,-1.110223024625E-16));
#1226 = ORIENTED_EDGE('',*,*,#1227,.F.);
#1227 = EDGE_CURVE('',#1228,#1220,#1230,.T.);
#1228 = VERTEX_POINT('',#1229);
#1229 = CARTESIAN_POINT('',(6.75,-0.25,0.3));
#1230 = LINE('',#1231,#1232);
#1231 = CARTESIAN_POINT('',(-1.95,-0.25,0.3));
#1232 = VECTOR('',#1233,1.);
#1233 = DIRECTION('',(1.,-1.224646799147E-16,0.));
#1234 = ORIENTED_EDGE('',*,*,#1235,.F.);
#1235 = EDGE_CURVE('',#1236,#1228,#1238,.T.);
#1236 = VERTEX_POINT('',#1237);
#1237 = CARTESIAN_POINT('',(6.75,-0.45,0.3));
#1238 = LINE('',#1239,#1240);
#1239 = CARTESIAN_POINT('',(6.75,-0.45,0.3));
#1240 = VECTOR('',#1241,1.);
#1241 = DIRECTION('',(1.224646799147E-16,1.,-1.110223024625E-16));
#1242 = ORIENTED_EDGE('',*,*,#1243,.T.);
#1243 = EDGE_CURVE('',#1236,#1244,#1246,.T.);
#1244 = VERTEX_POINT('',#1245);
#1245 = CARTESIAN_POINT('',(5.25,-0.45,0.3));
#1246 = LINE('',#1247,#1248);
#1247 = CARTESIAN_POINT('',(6.75,-0.45,0.3));
#1248 = VECTOR('',#1249,1.);
#1249 = DIRECTION('',(-1.,1.224646799147E-16,0.));
#1250 = ORIENTED_EDGE('',*,*,#1251,.T.);
#1251 = EDGE_CURVE('',#1244,#1252,#1254,.T.);
#1252 = VERTEX_POINT('',#1253);
#1253 = CARTESIAN_POINT('',(5.25,-0.25,0.3));
#1254 = LINE('',#1255,#1256);
#1255 = CARTESIAN_POINT('',(5.25,-0.45,0.3));
#1256 = VECTOR('',#1257,1.);
#1257 = DIRECTION('',(1.224646799147E-16,1.,-1.110223024625E-16));
#1258 = ORIENTED_EDGE('',*,*,#1259,.F.);
#1259 = EDGE_CURVE('',#1260,#1252,#1262,.T.);
#1260 = VERTEX_POINT('',#1261);
#1261 = CARTESIAN_POINT('',(4.75,-0.25,0.3));
#1262 = LINE('',#1263,#1264);
#1263 = CARTESIAN_POINT('',(-1.95,-0.25,0.3));
#1264 = VECTOR('',#1265,1.);
#1265 = DIRECTION('',(1.,-1.224646799147E-16,0.));
#1266 = ORIENTED_EDGE('',*,*,#1267,.F.);
#1267 = EDGE_CURVE('',#1268,#1260,#1270,.T.);
#1268 = VERTEX_POINT('',#1269);
#1269 = CARTESIAN_POINT('',(4.75,-0.45,0.3));
#1270 = LINE('',#1271,#1272);
#1271 = CARTESIAN_POINT('',(4.75,-0.45,0.3));
#1272 = VECTOR('',#1273,1.);
#1273 = DIRECTION('',(1.224646799147E-16,1.,-1.110223024625E-16));
#1274 = ORIENTED_EDGE('',*,*,#1275,.T.);
#1275 = EDGE_CURVE('',#1268,#1276,#1278,.T.);
#1276 = VERTEX_POINT('',#1277);
#1277 = CARTESIAN_POINT('',(3.25,-0.45,0.3));
#1278 = LINE('',#1279,#1280);
#1279 = CARTESIAN_POINT('',(4.75,-0.45,0.3));
#1280 = VECTOR('',#1281,1.);
#1281 = DIRECTION('',(-1.,1.224646799147E-16,0.));
#1282 = ORIENTED_EDGE('',*,*,#1283,.T.);
#1283 = EDGE_CURVE('',#1276,#1284,#1286,.T.);
#1284 = VERTEX_POINT('',#1285);
#1285 = CARTESIAN_POINT('',(3.25,-0.25,0.3));
#1286 = LINE('',#1287,#1288);
#1287 = CARTESIAN_POINT('',(3.25,-0.45,0.3));
#1288 = VECTOR('',#1289,1.);
#1289 = DIRECTION('',(1.224646799147E-16,1.,-1.110223024625E-16));
#1290 = ORIENTED_EDGE('',*,*,#1291,.F.);
#1291 = EDGE_CURVE('',#1292,#1284,#1294,.T.);
#1292 = VERTEX_POINT('',#1293);
#1293 = CARTESIAN_POINT('',(2.75,-0.25,0.3));
#1294 = LINE('',#1295,#1296);
#1295 = CARTESIAN_POINT('',(-1.95,-0.25,0.3));
#1296 = VECTOR('',#1297,1.);
#1297 = DIRECTION('',(1.,-1.224646799147E-16,0.));
#1298 = ORIENTED_EDGE('',*,*,#1299,.F.);
#1299 = EDGE_CURVE('',#1300,#1292,#1302,.T.);
#1300 = VERTEX_POINT('',#1301);
#1301 = CARTESIAN_POINT('',(2.75,-0.45,0.3));
#1302 = LINE('',#1303,#1304);
#1303 = CARTESIAN_POINT('',(2.75,-0.45,0.3));
#1304 = VECTOR('',#1305,1.);
#1305 = DIRECTION('',(1.224646799147E-16,1.,-1.110223024625E-16));
#1306 = ORIENTED_EDGE('',*,*,#1307,.T.);
#1307 = EDGE_CURVE('',#1300,#1308,#1310,.T.);
#1308 = VERTEX_POINT('',#1309);
#1309 = CARTESIAN_POINT('',(1.25,-0.45,0.3));
#1310 = LINE('',#1311,#1312);
#1311 = CARTESIAN_POINT('',(2.75,-0.45,0.3));
#1312 = VECTOR('',#1313,1.);
#1313 = DIRECTION('',(-1.,1.224646799147E-16,0.));
#1314 = ORIENTED_EDGE('',*,*,#1315,.T.);
#1315 = EDGE_CURVE('',#1308,#1316,#1318,.T.);
#1316 = VERTEX_POINT('',#1317);
#1317 = CARTESIAN_POINT('',(1.25,-0.25,0.3));
#1318 = LINE('',#1319,#1320);
#1319 = CARTESIAN_POINT('',(1.25,-0.45,0.3));
#1320 = VECTOR('',#1321,1.);
#1321 = DIRECTION('',(1.224646799147E-16,1.,-1.110223024625E-16));
#1322 = ORIENTED_EDGE('',*,*,#1323,.F.);
#1323 = EDGE_CURVE('',#1324,#1316,#1326,.T.);
#1324 = VERTEX_POINT('',#1325);
#1325 = CARTESIAN_POINT('',(0.75,-0.25,0.3));
#1326 = LINE('',#1327,#1328);
#1327 = CARTESIAN_POINT('',(-1.95,-0.25,0.3));
#1328 = VECTOR('',#1329,1.);
#1329 = DIRECTION('',(1.,-1.224646799147E-16,0.));
#1330 = ORIENTED_EDGE('',*,*,#1331,.F.);
#1331 = EDGE_CURVE('',#1332,#1324,#1334,.T.);
#1332 = VERTEX_POINT('',#1333);
#1333 = CARTESIAN_POINT('',(0.75,-0.45,0.3));
#1334 = LINE('',#1335,#1336);
#1335 = CARTESIAN_POINT('',(0.75,-0.45,0.3));
#1336 = VECTOR('',#1337,1.);
#1337 = DIRECTION('',(1.224646799147E-16,1.,-1.110223024625E-16));
#1338 = ORIENTED_EDGE('',*,*,#1339,.T.);
#1339 = EDGE_CURVE('',#1332,#1340,#1342,.T.);
#1340 = VERTEX_POINT('',#1341);
#1341 = CARTESIAN_POINT('',(-0.75,-0.45,0.3));
#1342 = LINE('',#1343,#1344);
#1343 = CARTESIAN_POINT('',(0.75,-0.45,0.3));
#1344 = VECTOR('',#1345,1.);
#1345 = DIRECTION('',(-1.,1.224646799147E-16,0.));
#1346 = ORIENTED_EDGE('',*,*,#1347,.T.);
#1347 = EDGE_CURVE('',#1340,#1182,#1348,.T.);
#1348 = LINE('',#1349,#1350);
#1349 = CARTESIAN_POINT('',(-0.75,-0.45,0.3));
#1350 = VECTOR('',#1351,1.);
#1351 = DIRECTION('',(1.224646799147E-16,1.,-1.110223024625E-16));
#1352 = PLANE('',#1353);
#1353 = AXIS2_PLACEMENT_3D('',#1354,#1355,#1356);
#1354 = CARTESIAN_POINT('',(-1.95,-0.25,0.3));
#1355 = DIRECTION('',(1.359631073447E-32,1.110223024625E-16,1.));
#1356 = DIRECTION('',(1.,-1.224646799147E-16,-6.927121900793E-45));
#1357 = ADVANCED_FACE('',(#1358),#1366,.T.);
#1358 = FACE_BOUND('',#1359,.T.);
#1359 = EDGE_LOOP('',(#1360,#1361,#1362,#1363,#1364,#1365));
#1360 = ORIENTED_EDGE('',*,*,#866,.T.);
#1361 = ORIENTED_EDGE('',*,*,#832,.T.);
#1362 = ORIENTED_EDGE('',*,*,#808,.T.);
#1363 = ORIENTED_EDGE('',*,*,#784,.T.);
#1364 = ORIENTED_EDGE('',*,*,#624,.T.);
#1365 = ORIENTED_EDGE('',*,*,#1196,.T.);
#1366 = PLANE('',#1367);
#1367 = AXIS2_PLACEMENT_3D('',#1368,#1369,#1370);
#1368 = CARTESIAN_POINT('',(8.95,-1.566489992801,0.968760807125));
#1369 = DIRECTION('',(-1.,1.224646799147E-16,0.));
#1370 = DIRECTION('',(0.,0.,1.));
#1371 = ADVANCED_FACE('',(#1372),#1518,.F.);
#1372 = FACE_BOUND('',#1373,.F.);
#1373 = EDGE_LOOP('',(#1374,#1375,#1383,#1391,#1399,#1407,#1415,#1423,
    #1431,#1439,#1447,#1455,#1463,#1471,#1479,#1487,#1495,#1503,#1511,
    #1517));
#1374 = ORIENTED_EDGE('',*,*,#648,.F.);
#1375 = ORIENTED_EDGE('',*,*,#1376,.T.);
#1376 = EDGE_CURVE('',#649,#1377,#1379,.T.);
#1377 = VERTEX_POINT('',#1378);
#1378 = CARTESIAN_POINT('',(-1.45,-2.05,0.8));
#1379 = LINE('',#1380,#1381);
#1380 = CARTESIAN_POINT('',(-1.45,-6.25,0.8));
#1381 = VECTOR('',#1382,1.);
#1382 = DIRECTION('',(1.224646799147E-16,1.,-1.110223024625E-16));
#1383 = ORIENTED_EDGE('',*,*,#1384,.T.);
#1384 = EDGE_CURVE('',#1377,#1385,#1387,.T.);
#1385 = VERTEX_POINT('',#1386);
#1386 = CARTESIAN_POINT('',(0.8,-2.05,0.8));
#1387 = LINE('',#1388,#1389);
#1388 = CARTESIAN_POINT('',(-1.45,-2.05,0.8));
#1389 = VECTOR('',#1390,1.);
#1390 = DIRECTION('',(1.,-1.224646799147E-16,0.));
#1391 = ORIENTED_EDGE('',*,*,#1392,.T.);
#1392 = EDGE_CURVE('',#1385,#1393,#1395,.T.);
#1393 = VERTEX_POINT('',#1394);
#1394 = CARTESIAN_POINT('',(0.8,-3.95,0.8));
#1395 = LINE('',#1396,#1397);
#1396 = CARTESIAN_POINT('',(0.8,-2.05,0.8));
#1397 = VECTOR('',#1398,1.);
#1398 = DIRECTION('',(-1.224646799147E-16,-1.,1.110223024625E-16));
#1399 = ORIENTED_EDGE('',*,*,#1400,.T.);
#1400 = EDGE_CURVE('',#1393,#1401,#1403,.T.);
#1401 = VERTEX_POINT('',#1402);
#1402 = CARTESIAN_POINT('',(1.2,-3.95,0.8));
#1403 = LINE('',#1404,#1405);
#1404 = CARTESIAN_POINT('',(0.8,-3.95,0.8));
#1405 = VECTOR('',#1406,1.);
#1406 = DIRECTION('',(1.,-1.224646799147E-16,0.));
#1407 = ORIENTED_EDGE('',*,*,#1408,.F.);
#1408 = EDGE_CURVE('',#1409,#1401,#1411,.T.);
#1409 = VERTEX_POINT('',#1410);
#1410 = CARTESIAN_POINT('',(1.2,-2.05,0.8));
#1411 = LINE('',#1412,#1413);
#1412 = CARTESIAN_POINT('',(1.2,-2.05,0.8));
#1413 = VECTOR('',#1414,1.);
#1414 = DIRECTION('',(-1.224646799147E-16,-1.,1.110223024625E-16));
#1415 = ORIENTED_EDGE('',*,*,#1416,.T.);
#1416 = EDGE_CURVE('',#1409,#1417,#1419,.T.);
#1417 = VERTEX_POINT('',#1418);
#1418 = CARTESIAN_POINT('',(2.8,-2.05,0.8));
#1419 = LINE('',#1420,#1421);
#1420 = CARTESIAN_POINT('',(-1.45,-2.05,0.8));
#1421 = VECTOR('',#1422,1.);
#1422 = DIRECTION('',(1.,-1.224646799147E-16,0.));
#1423 = ORIENTED_EDGE('',*,*,#1424,.T.);
#1424 = EDGE_CURVE('',#1417,#1425,#1427,.T.);
#1425 = VERTEX_POINT('',#1426);
#1426 = CARTESIAN_POINT('',(2.8,-3.95,0.8));
#1427 = LINE('',#1428,#1429);
#1428 = CARTESIAN_POINT('',(2.8,-2.05,0.8));
#1429 = VECTOR('',#1430,1.);
#1430 = DIRECTION('',(-1.224646799147E-16,-1.,1.110223024625E-16));
#1431 = ORIENTED_EDGE('',*,*,#1432,.T.);
#1432 = EDGE_CURVE('',#1425,#1433,#1435,.T.);
#1433 = VERTEX_POINT('',#1434);
#1434 = CARTESIAN_POINT('',(3.2,-3.95,0.8));
#1435 = LINE('',#1436,#1437);
#1436 = CARTESIAN_POINT('',(2.8,-3.95,0.8));
#1437 = VECTOR('',#1438,1.);
#1438 = DIRECTION('',(1.,-1.224646799147E-16,0.));
#1439 = ORIENTED_EDGE('',*,*,#1440,.F.);
#1440 = EDGE_CURVE('',#1441,#1433,#1443,.T.);
#1441 = VERTEX_POINT('',#1442);
#1442 = CARTESIAN_POINT('',(3.2,-2.05,0.8));
#1443 = LINE('',#1444,#1445);
#1444 = CARTESIAN_POINT('',(3.2,-2.05,0.8));
#1445 = VECTOR('',#1446,1.);
#1446 = DIRECTION('',(-1.224646799147E-16,-1.,1.110223024625E-16));
#1447 = ORIENTED_EDGE('',*,*,#1448,.T.);
#1448 = EDGE_CURVE('',#1441,#1449,#1451,.T.);
#1449 = VERTEX_POINT('',#1450);
#1450 = CARTESIAN_POINT('',(4.8,-2.05,0.8));
#1451 = LINE('',#1452,#1453);
#1452 = CARTESIAN_POINT('',(-1.45,-2.05,0.8));
#1453 = VECTOR('',#1454,1.);
#1454 = DIRECTION('',(1.,-1.224646799147E-16,0.));
#1455 = ORIENTED_EDGE('',*,*,#1456,.T.);
#1456 = EDGE_CURVE('',#1449,#1457,#1459,.T.);
#1457 = VERTEX_POINT('',#1458);
#1458 = CARTESIAN_POINT('',(4.8,-3.95,0.8));
#1459 = LINE('',#1460,#1461);
#1460 = CARTESIAN_POINT('',(4.8,-2.05,0.8));
#1461 = VECTOR('',#1462,1.);
#1462 = DIRECTION('',(-1.224646799147E-16,-1.,1.110223024625E-16));
#1463 = ORIENTED_EDGE('',*,*,#1464,.T.);
#1464 = EDGE_CURVE('',#1457,#1465,#1467,.T.);
#1465 = VERTEX_POINT('',#1466);
#1466 = CARTESIAN_POINT('',(5.2,-3.95,0.8));
#1467 = LINE('',#1468,#1469);
#1468 = CARTESIAN_POINT('',(4.8,-3.95,0.8));
#1469 = VECTOR('',#1470,1.);
#1470 = DIRECTION('',(1.,-1.224646799147E-16,0.));
#1471 = ORIENTED_EDGE('',*,*,#1472,.F.);
#1472 = EDGE_CURVE('',#1473,#1465,#1475,.T.);
#1473 = VERTEX_POINT('',#1474);
#1474 = CARTESIAN_POINT('',(5.2,-2.05,0.8));
#1475 = LINE('',#1476,#1477);
#1476 = CARTESIAN_POINT('',(5.2,-2.05,0.8));
#1477 = VECTOR('',#1478,1.);
#1478 = DIRECTION('',(-1.224646799147E-16,-1.,1.110223024625E-16));
#1479 = ORIENTED_EDGE('',*,*,#1480,.T.);
#1480 = EDGE_CURVE('',#1473,#1481,#1483,.T.);
#1481 = VERTEX_POINT('',#1482);
#1482 = CARTESIAN_POINT('',(6.8,-2.05,0.8));
#1483 = LINE('',#1484,#1485);
#1484 = CARTESIAN_POINT('',(-1.45,-2.05,0.8));
#1485 = VECTOR('',#1486,1.);
#1486 = DIRECTION('',(1.,-1.224646799147E-16,0.));
#1487 = ORIENTED_EDGE('',*,*,#1488,.T.);
#1488 = EDGE_CURVE('',#1481,#1489,#1491,.T.);
#1489 = VERTEX_POINT('',#1490);
#1490 = CARTESIAN_POINT('',(6.8,-3.95,0.8));
#1491 = LINE('',#1492,#1493);
#1492 = CARTESIAN_POINT('',(6.8,-2.05,0.8));
#1493 = VECTOR('',#1494,1.);
#1494 = DIRECTION('',(-1.224646799147E-16,-1.,1.110223024625E-16));
#1495 = ORIENTED_EDGE('',*,*,#1496,.T.);
#1496 = EDGE_CURVE('',#1489,#1497,#1499,.T.);
#1497 = VERTEX_POINT('',#1498);
#1498 = CARTESIAN_POINT('',(7.2,-3.95,0.8));
#1499 = LINE('',#1500,#1501);
#1500 = CARTESIAN_POINT('',(6.8,-3.95,0.8));
#1501 = VECTOR('',#1502,1.);
#1502 = DIRECTION('',(1.,-1.224646799147E-16,0.));
#1503 = ORIENTED_EDGE('',*,*,#1504,.F.);
#1504 = EDGE_CURVE('',#1505,#1497,#1507,.T.);
#1505 = VERTEX_POINT('',#1506);
#1506 = CARTESIAN_POINT('',(7.2,-2.05,0.8));
#1507 = LINE('',#1508,#1509);
#1508 = CARTESIAN_POINT('',(7.2,-2.05,0.8));
#1509 = VECTOR('',#1510,1.);
#1510 = DIRECTION('',(-1.224646799147E-16,-1.,1.110223024625E-16));
#1511 = ORIENTED_EDGE('',*,*,#1512,.T.);
#1512 = EDGE_CURVE('',#1505,#704,#1513,.T.);
#1513 = LINE('',#1514,#1515);
#1514 = CARTESIAN_POINT('',(-1.45,-2.05,0.8));
#1515 = VECTOR('',#1516,1.);
#1516 = DIRECTION('',(1.,-1.224646799147E-16,0.));
#1517 = ORIENTED_EDGE('',*,*,#703,.F.);
#1518 = PLANE('',#1519);
#1519 = AXIS2_PLACEMENT_3D('',#1520,#1521,#1522);
#1520 = CARTESIAN_POINT('',(-1.45,-6.25,0.8));
#1521 = DIRECTION('',(-1.359631073447E-32,-1.110223024625E-16,-1.));
#1522 = DIRECTION('',(1.,-1.224646799147E-16,-6.927121900793E-45));
#1523 = ADVANCED_FACE('',(#1524),#1575,.F.);
#1524 = FACE_BOUND('',#1525,.F.);
#1525 = EDGE_LOOP('',(#1526,#1536,#1544,#1550,#1551,#1552,#1560,#1569));
#1526 = ORIENTED_EDGE('',*,*,#1527,.F.);
#1527 = EDGE_CURVE('',#1528,#1530,#1532,.T.);
#1528 = VERTEX_POINT('',#1529);
#1529 = CARTESIAN_POINT('',(-1.45,-6.25,4.2));
#1530 = VERTEX_POINT('',#1531);
#1531 = CARTESIAN_POINT('',(-1.45,-6.25,3.3));
#1532 = LINE('',#1533,#1534);
#1533 = CARTESIAN_POINT('',(-1.45,-6.25,4.2));
#1534 = VECTOR('',#1535,1.);
#1535 = DIRECTION('',(-1.359631073447E-32,-1.110223024625E-16,-1.));
#1536 = ORIENTED_EDGE('',*,*,#1537,.T.);
#1537 = EDGE_CURVE('',#1528,#1538,#1540,.T.);
#1538 = VERTEX_POINT('',#1539);
#1539 = CARTESIAN_POINT('',(-1.45,-2.05,4.2));
#1540 = LINE('',#1541,#1542);
#1541 = CARTESIAN_POINT('',(-1.45,-6.25,4.2));
#1542 = VECTOR('',#1543,1.);
#1543 = DIRECTION('',(1.224646799147E-16,1.,-1.110223024625E-16));
#1544 = ORIENTED_EDGE('',*,*,#1545,.T.);
#1545 = EDGE_CURVE('',#1538,#1377,#1546,.T.);
#1546 = LINE('',#1547,#1548);
#1547 = CARTESIAN_POINT('',(-1.45,-2.05,4.2));
#1548 = VECTOR('',#1549,1.);
#1549 = DIRECTION('',(-1.359631073447E-32,-1.110223024625E-16,-1.));
#1550 = ORIENTED_EDGE('',*,*,#1376,.F.);
#1551 = ORIENTED_EDGE('',*,*,#656,.F.);
#1552 = ORIENTED_EDGE('',*,*,#1553,.T.);
#1553 = EDGE_CURVE('',#657,#1554,#1556,.T.);
#1554 = VERTEX_POINT('',#1555);
#1555 = CARTESIAN_POINT('',(-1.45,-4.65,2.5));
#1556 = LINE('',#1557,#1558);
#1557 = CARTESIAN_POINT('',(-1.45,-5.45,2.5));
#1558 = VECTOR('',#1559,1.);
#1559 = DIRECTION('',(1.224646799147E-16,1.,-1.110223024625E-16));
#1560 = ORIENTED_EDGE('',*,*,#1561,.T.);
#1561 = EDGE_CURVE('',#1554,#1562,#1564,.T.);
#1562 = VERTEX_POINT('',#1563);
#1563 = CARTESIAN_POINT('',(-1.45,-4.65,3.3));
#1564 = CIRCLE('',#1565,0.4);
#1565 = AXIS2_PLACEMENT_3D('',#1566,#1567,#1568);
#1566 = CARTESIAN_POINT('',(-1.45,-4.65,2.9));
#1567 = DIRECTION('',(1.,-1.224646799147E-16,0.));
#1568 = DIRECTION('',(1.359631073446E-32,1.110223024625E-16,1.));
#1569 = ORIENTED_EDGE('',*,*,#1570,.T.);
#1570 = EDGE_CURVE('',#1562,#1530,#1571,.T.);
#1571 = LINE('',#1572,#1573);
#1572 = CARTESIAN_POINT('',(-1.45,-6.25,3.3));
#1573 = VECTOR('',#1574,1.);
#1574 = DIRECTION('',(-1.224646799147E-16,-1.,1.110223024625E-16));
#1575 = PLANE('',#1576);
#1576 = AXIS2_PLACEMENT_3D('',#1577,#1578,#1579);
#1577 = CARTESIAN_POINT('',(-1.45,-6.25,4.2));
#1578 = DIRECTION('',(-1.,1.224646799147E-16,0.));
#1579 = DIRECTION('',(-1.359631073446E-32,-1.110223024625E-16,-1.));
#1580 = ADVANCED_FACE('',(#1581),#1599,.T.);
#1581 = FACE_BOUND('',#1582,.T.);
#1582 = EDGE_LOOP('',(#1583,#1584,#1592,#1598));
#1583 = ORIENTED_EDGE('',*,*,#1553,.T.);
#1584 = ORIENTED_EDGE('',*,*,#1585,.T.);
#1585 = EDGE_CURVE('',#1554,#1586,#1588,.T.);
#1586 = VERTEX_POINT('',#1587);
#1587 = CARTESIAN_POINT('',(-1.95,-4.65,2.5));
#1588 = LINE('',#1589,#1590);
#1589 = CARTESIAN_POINT('',(9.95,-4.65,2.5));
#1590 = VECTOR('',#1591,1.);
#1591 = DIRECTION('',(-1.,1.224646799147E-16,0.));
#1592 = ORIENTED_EDGE('',*,*,#1593,.T.);
#1593 = EDGE_CURVE('',#1586,#665,#1594,.T.);
#1594 = LINE('',#1595,#1596);
#1595 = CARTESIAN_POINT('',(-1.95,-2.45,2.5));
#1596 = VECTOR('',#1597,1.);
#1597 = DIRECTION('',(-1.224646799147E-16,-1.,1.110223024625E-16));
#1598 = ORIENTED_EDGE('',*,*,#664,.F.);
#1599 = PLANE('',#1600);
#1600 = AXIS2_PLACEMENT_3D('',#1601,#1602,#1603);
#1601 = CARTESIAN_POINT('',(9.95,-4.65,2.5));
#1602 = DIRECTION('',(1.359631073447E-32,1.110223024625E-16,1.));
#1603 = DIRECTION('',(-1.224646799147E-16,-1.,1.110223024625E-16));
#1604 = ADVANCED_FACE('',(#1605),#1672,.T.);
#1605 = FACE_BOUND('',#1606,.T.);
#1606 = EDGE_LOOP('',(#1607,#1617,#1625,#1633,#1639,#1640,#1641,#1650,
    #1658,#1666));
#1607 = ORIENTED_EDGE('',*,*,#1608,.T.);
#1608 = EDGE_CURVE('',#1609,#1611,#1613,.T.);
#1609 = VERTEX_POINT('',#1610);
#1610 = CARTESIAN_POINT('',(-1.95,-0.25,4.8));
#1611 = VERTEX_POINT('',#1612);
#1612 = CARTESIAN_POINT('',(-1.95,-0.25,4.1));
#1613 = LINE('',#1614,#1615);
#1614 = CARTESIAN_POINT('',(-1.95,-0.25,4.8));
#1615 = VECTOR('',#1616,1.);
#1616 = DIRECTION('',(-1.359631073447E-32,-1.110223024625E-16,-1.));
#1617 = ORIENTED_EDGE('',*,*,#1618,.T.);
#1618 = EDGE_CURVE('',#1611,#1619,#1621,.T.);
#1619 = VERTEX_POINT('',#1620);
#1620 = CARTESIAN_POINT('',(-1.95,1.35,3.2));
#1621 = LINE('',#1622,#1623);
#1622 = CARTESIAN_POINT('',(-1.95,-0.25,4.1));
#1623 = VECTOR('',#1624,1.);
#1624 = DIRECTION('',(1.067372191754E-16,0.871575537124,-0.490261239633)
  );
#1625 = ORIENTED_EDGE('',*,*,#1626,.T.);
#1626 = EDGE_CURVE('',#1619,#1627,#1629,.T.);
#1627 = VERTEX_POINT('',#1628);
#1628 = CARTESIAN_POINT('',(-1.95,1.35,0.));
#1629 = LINE('',#1630,#1631);
#1630 = CARTESIAN_POINT('',(-1.95,1.35,3.2));
#1631 = VECTOR('',#1632,1.);
#1632 = DIRECTION('',(-0.,0.,-1.));
#1633 = ORIENTED_EDGE('',*,*,#1634,.T.);
#1634 = EDGE_CURVE('',#1627,#673,#1635,.T.);
#1635 = LINE('',#1636,#1637);
#1636 = CARTESIAN_POINT('',(-1.95,1.35,0.));
#1637 = VECTOR('',#1638,1.);
#1638 = DIRECTION('',(-1.224646799147E-16,-1.,0.));
#1639 = ORIENTED_EDGE('',*,*,#672,.F.);
#1640 = ORIENTED_EDGE('',*,*,#1593,.F.);
#1641 = ORIENTED_EDGE('',*,*,#1642,.T.);
#1642 = EDGE_CURVE('',#1586,#1643,#1645,.T.);
#1643 = VERTEX_POINT('',#1644);
#1644 = CARTESIAN_POINT('',(-1.95,-4.65,3.3));
#1645 = CIRCLE('',#1646,0.4);
#1646 = AXIS2_PLACEMENT_3D('',#1647,#1648,#1649);
#1647 = CARTESIAN_POINT('',(-1.95,-4.65,2.9));
#1648 = DIRECTION('',(1.,-1.224646799147E-16,0.));
#1649 = DIRECTION('',(1.359631073446E-32,1.110223024625E-16,1.));
#1650 = ORIENTED_EDGE('',*,*,#1651,.F.);
#1651 = EDGE_CURVE('',#1652,#1643,#1654,.T.);
#1652 = VERTEX_POINT('',#1653);
#1653 = CARTESIAN_POINT('',(-1.95,-6.25,3.3));
#1654 = LINE('',#1655,#1656);
#1655 = CARTESIAN_POINT('',(-1.95,-3.25,3.3));
#1656 = VECTOR('',#1657,1.);
#1657 = DIRECTION('',(1.224646799147E-16,1.,-1.110223024625E-16));
#1658 = ORIENTED_EDGE('',*,*,#1659,.F.);
#1659 = EDGE_CURVE('',#1660,#1652,#1662,.T.);
#1660 = VERTEX_POINT('',#1661);
#1661 = CARTESIAN_POINT('',(-1.95,-6.25,4.8));
#1662 = LINE('',#1663,#1664);
#1663 = CARTESIAN_POINT('',(-1.95,-6.25,4.8));
#1664 = VECTOR('',#1665,1.);
#1665 = DIRECTION('',(-1.359631073447E-32,-1.110223024625E-16,-1.));
#1666 = ORIENTED_EDGE('',*,*,#1667,.F.);
#1667 = EDGE_CURVE('',#1609,#1660,#1668,.T.);
#1668 = LINE('',#1669,#1670);
#1669 = CARTESIAN_POINT('',(-1.95,-0.25,4.8));
#1670 = VECTOR('',#1671,1.);
#1671 = DIRECTION('',(-1.224646799147E-16,-1.,1.110223024625E-16));
#1672 = PLANE('',#1673);
#1673 = AXIS2_PLACEMENT_3D('',#1674,#1675,#1676);
#1674 = CARTESIAN_POINT('',(-1.95,-2.909897467985,2.368621550033));
#1675 = DIRECTION('',(-1.,1.224646799147E-16,-1.410366006779E-31));
#1676 = DIRECTION('',(-1.410366006779E-31,1.727200215828E-47,1.));
#1677 = ADVANCED_FACE('',(#1678),#1696,.F.);
#1678 = FACE_BOUND('',#1679,.F.);
#1679 = EDGE_LOOP('',(#1680,#1688,#1689,#1690));
#1680 = ORIENTED_EDGE('',*,*,#1681,.T.);
#1681 = EDGE_CURVE('',#1682,#1627,#1684,.T.);
#1682 = VERTEX_POINT('',#1683);
#1683 = CARTESIAN_POINT('',(-0.95,1.35,0.));
#1684 = LINE('',#1685,#1686);
#1685 = CARTESIAN_POINT('',(-0.95,1.35,0.));
#1686 = VECTOR('',#1687,1.);
#1687 = DIRECTION('',(-1.,1.224646799147E-16,0.));
#1688 = ORIENTED_EDGE('',*,*,#1634,.T.);
#1689 = ORIENTED_EDGE('',*,*,#680,.F.);
#1690 = ORIENTED_EDGE('',*,*,#1691,.F.);
#1691 = EDGE_CURVE('',#1682,#681,#1692,.T.);
#1692 = LINE('',#1693,#1694);
#1693 = CARTESIAN_POINT('',(-0.95,1.35,0.));
#1694 = VECTOR('',#1695,1.);
#1695 = DIRECTION('',(-1.224646799147E-16,-1.,0.));
#1696 = PLANE('',#1697);
#1697 = AXIS2_PLACEMENT_3D('',#1698,#1699,#1700);
#1698 = CARTESIAN_POINT('',(-0.95,1.35,0.));
#1699 = DIRECTION('',(0.,0.,1.));
#1700 = DIRECTION('',(-1.224646799147E-16,-1.,0.));
#1701 = ADVANCED_FACE('',(#1702),#1729,.F.);
#1702 = FACE_BOUND('',#1703,.F.);
#1703 = EDGE_LOOP('',(#1704,#1712,#1720,#1726,#1727,#1728));
#1704 = ORIENTED_EDGE('',*,*,#1705,.T.);
#1705 = EDGE_CURVE('',#1180,#1706,#1708,.T.);
#1706 = VERTEX_POINT('',#1707);
#1707 = CARTESIAN_POINT('',(-0.95,-0.25,4.1));
#1708 = LINE('',#1709,#1710);
#1709 = CARTESIAN_POINT('',(-0.95,-0.25,0.3));
#1710 = VECTOR('',#1711,1.);
#1711 = DIRECTION('',(0.,0.,1.));
#1712 = ORIENTED_EDGE('',*,*,#1713,.T.);
#1713 = EDGE_CURVE('',#1706,#1714,#1716,.T.);
#1714 = VERTEX_POINT('',#1715);
#1715 = CARTESIAN_POINT('',(-0.95,1.35,3.2));
#1716 = LINE('',#1717,#1718);
#1717 = CARTESIAN_POINT('',(-0.95,-0.25,4.1));
#1718 = VECTOR('',#1719,1.);
#1719 = DIRECTION('',(1.067372191754E-16,0.871575537124,-0.490261239633)
  );
#1720 = ORIENTED_EDGE('',*,*,#1721,.T.);
#1721 = EDGE_CURVE('',#1714,#1682,#1722,.T.);
#1722 = LINE('',#1723,#1724);
#1723 = CARTESIAN_POINT('',(-0.95,1.35,3.2));
#1724 = VECTOR('',#1725,1.);
#1725 = DIRECTION('',(-0.,0.,-1.));
#1726 = ORIENTED_EDGE('',*,*,#1691,.T.);
#1727 = ORIENTED_EDGE('',*,*,#688,.T.);
#1728 = ORIENTED_EDGE('',*,*,#1189,.T.);
#1729 = PLANE('',#1730);
#1730 = AXIS2_PLACEMENT_3D('',#1731,#1732,#1733);
#1731 = CARTESIAN_POINT('',(-0.95,-1.566489992801,0.968760807125));
#1732 = DIRECTION('',(-1.,1.224646799147E-16,0.));
#1733 = DIRECTION('',(0.,0.,1.));
#1734 = ADVANCED_FACE('',(#1735),#1840,.F.);
#1735 = FACE_BOUND('',#1736,.F.);
#1736 = EDGE_LOOP('',(#1737,#1738,#1739,#1747,#1755,#1763,#1771,#1779,
    #1787,#1795,#1803,#1809,#1810,#1818,#1826,#1834));
#1737 = ORIENTED_EDGE('',*,*,#1152,.F.);
#1738 = ORIENTED_EDGE('',*,*,#719,.T.);
#1739 = ORIENTED_EDGE('',*,*,#1740,.T.);
#1740 = EDGE_CURVE('',#712,#1741,#1743,.T.);
#1741 = VERTEX_POINT('',#1742);
#1742 = CARTESIAN_POINT('',(9.4,-2.05,4.2));
#1743 = LINE('',#1744,#1745);
#1744 = CARTESIAN_POINT('',(9.45,-2.05,4.2));
#1745 = VECTOR('',#1746,1.);
#1746 = DIRECTION('',(-1.,1.224646799147E-16,0.));
#1747 = ORIENTED_EDGE('',*,*,#1748,.F.);
#1748 = EDGE_CURVE('',#1749,#1741,#1751,.T.);
#1749 = VERTEX_POINT('',#1750);
#1750 = CARTESIAN_POINT('',(9.4,-4.45,4.2));
#1751 = LINE('',#1752,#1753);
#1752 = CARTESIAN_POINT('',(9.4,-4.45,4.2));
#1753 = VECTOR('',#1754,1.);
#1754 = DIRECTION('',(1.224646799147E-16,1.,-1.110223024625E-16));
#1755 = ORIENTED_EDGE('',*,*,#1756,.F.);
#1756 = EDGE_CURVE('',#1757,#1749,#1759,.T.);
#1757 = VERTEX_POINT('',#1758);
#1758 = CARTESIAN_POINT('',(8.4,-4.45,4.2));
#1759 = LINE('',#1760,#1761);
#1760 = CARTESIAN_POINT('',(8.4,-4.45,4.2));
#1761 = VECTOR('',#1762,1.);
#1762 = DIRECTION('',(1.,-1.224646799147E-16,0.));
#1763 = ORIENTED_EDGE('',*,*,#1764,.F.);
#1764 = EDGE_CURVE('',#1765,#1757,#1767,.T.);
#1765 = VERTEX_POINT('',#1766);
#1766 = CARTESIAN_POINT('',(8.4,-2.05,4.2));
#1767 = LINE('',#1768,#1769);
#1768 = CARTESIAN_POINT('',(8.4,-0.25,4.2));
#1769 = VECTOR('',#1770,1.);
#1770 = DIRECTION('',(-1.224646799147E-16,-1.,1.110223024625E-16));
#1771 = ORIENTED_EDGE('',*,*,#1772,.T.);
#1772 = EDGE_CURVE('',#1765,#1773,#1775,.T.);
#1773 = VERTEX_POINT('',#1774);
#1774 = CARTESIAN_POINT('',(-0.4,-2.05,4.2));
#1775 = LINE('',#1776,#1777);
#1776 = CARTESIAN_POINT('',(9.45,-2.05,4.2));
#1777 = VECTOR('',#1778,1.);
#1778 = DIRECTION('',(-1.,1.224646799147E-16,0.));
#1779 = ORIENTED_EDGE('',*,*,#1780,.T.);
#1780 = EDGE_CURVE('',#1773,#1781,#1783,.T.);
#1781 = VERTEX_POINT('',#1782);
#1782 = CARTESIAN_POINT('',(-0.4,-4.45,4.2));
#1783 = LINE('',#1784,#1785);
#1784 = CARTESIAN_POINT('',(-0.4,-0.25,4.2));
#1785 = VECTOR('',#1786,1.);
#1786 = DIRECTION('',(-1.224646799147E-16,-1.,1.110223024625E-16));
#1787 = ORIENTED_EDGE('',*,*,#1788,.T.);
#1788 = EDGE_CURVE('',#1781,#1789,#1791,.T.);
#1789 = VERTEX_POINT('',#1790);
#1790 = CARTESIAN_POINT('',(-1.4,-4.45,4.2));
#1791 = LINE('',#1792,#1793);
#1792 = CARTESIAN_POINT('',(-0.4,-4.45,4.2));
#1793 = VECTOR('',#1794,1.);
#1794 = DIRECTION('',(-1.,1.224646799147E-16,0.));
#1795 = ORIENTED_EDGE('',*,*,#1796,.T.);
#1796 = EDGE_CURVE('',#1789,#1797,#1799,.T.);
#1797 = VERTEX_POINT('',#1798);
#1798 = CARTESIAN_POINT('',(-1.4,-2.05,4.2));
#1799 = LINE('',#1800,#1801);
#1800 = CARTESIAN_POINT('',(-1.4,-4.45,4.2));
#1801 = VECTOR('',#1802,1.);
#1802 = DIRECTION('',(1.224646799147E-16,1.,-1.110223024625E-16));
#1803 = ORIENTED_EDGE('',*,*,#1804,.T.);
#1804 = EDGE_CURVE('',#1797,#1538,#1805,.T.);
#1805 = LINE('',#1806,#1807);
#1806 = CARTESIAN_POINT('',(9.45,-2.05,4.2));
#1807 = VECTOR('',#1808,1.);
#1808 = DIRECTION('',(-1.,1.224646799147E-16,0.));
#1809 = ORIENTED_EDGE('',*,*,#1537,.F.);
#1810 = ORIENTED_EDGE('',*,*,#1811,.F.);
#1811 = EDGE_CURVE('',#1812,#1528,#1814,.T.);
#1812 = VERTEX_POINT('',#1813);
#1813 = CARTESIAN_POINT('',(0.55,-6.25,4.2));
#1814 = LINE('',#1815,#1816);
#1815 = CARTESIAN_POINT('',(9.45,-6.25,4.2));
#1816 = VECTOR('',#1817,1.);
#1817 = DIRECTION('',(-1.,1.224646799147E-16,0.));
#1818 = ORIENTED_EDGE('',*,*,#1819,.F.);
#1819 = EDGE_CURVE('',#1820,#1812,#1822,.T.);
#1820 = VERTEX_POINT('',#1821);
#1821 = CARTESIAN_POINT('',(0.55,-2.35,4.2));
#1822 = LINE('',#1823,#1824);
#1823 = CARTESIAN_POINT('',(0.55,-4.3,4.2));
#1824 = VECTOR('',#1825,1.);
#1825 = DIRECTION('',(-1.224646799147E-16,-1.,1.110223024625E-16));
#1826 = ORIENTED_EDGE('',*,*,#1827,.F.);
#1827 = EDGE_CURVE('',#1828,#1820,#1830,.T.);
#1828 = VERTEX_POINT('',#1829);
#1829 = CARTESIAN_POINT('',(7.45,-2.35,4.2));
#1830 = LINE('',#1831,#1832);
#1831 = CARTESIAN_POINT('',(8.45,-2.35,4.2));
#1832 = VECTOR('',#1833,1.);
#1833 = DIRECTION('',(-1.,1.224646799147E-16,0.));
#1834 = ORIENTED_EDGE('',*,*,#1835,.F.);
#1835 = EDGE_CURVE('',#1145,#1828,#1836,.T.);
#1836 = LINE('',#1837,#1838);
#1837 = CARTESIAN_POINT('',(7.45,-6.25,4.2));
#1838 = VECTOR('',#1839,1.);
#1839 = DIRECTION('',(1.224646799147E-16,1.,-1.110223024625E-16));
#1840 = PLANE('',#1841);
#1841 = AXIS2_PLACEMENT_3D('',#1842,#1843,#1844);
#1842 = CARTESIAN_POINT('',(9.45,-6.25,4.2));
#1843 = DIRECTION('',(1.359631073447E-32,1.110223024625E-16,1.));
#1844 = DIRECTION('',(-1.,1.224646799147E-16,6.927121900793E-45));
#1845 = ADVANCED_FACE('',(#1846,#1958,#1992,#2026,#2060,#2094),#2128,.T.
  );
#1846 = FACE_BOUND('',#1847,.T.);
#1847 = EDGE_LOOP('',(#1848,#1856,#1857,#1858,#1859,#1865,#1866,#1872,
    #1873,#1874,#1875,#1883,#1891,#1897,#1898,#1906,#1914,#1920,#1921,
    #1929,#1937,#1943,#1944,#1952));
#1848 = ORIENTED_EDGE('',*,*,#1849,.F.);
#1849 = EDGE_CURVE('',#1505,#1850,#1852,.T.);
#1850 = VERTEX_POINT('',#1851);
#1851 = CARTESIAN_POINT('',(7.2,-2.05,1.1));
#1852 = LINE('',#1853,#1854);
#1853 = CARTESIAN_POINT('',(7.2,-2.05,0.8));
#1854 = VECTOR('',#1855,1.);
#1855 = DIRECTION('',(1.359631073447E-32,1.110223024625E-16,1.));
#1856 = ORIENTED_EDGE('',*,*,#1512,.T.);
#1857 = ORIENTED_EDGE('',*,*,#711,.T.);
#1858 = ORIENTED_EDGE('',*,*,#1740,.T.);
#1859 = ORIENTED_EDGE('',*,*,#1860,.T.);
#1860 = EDGE_CURVE('',#1741,#1765,#1861,.T.);
#1861 = LINE('',#1862,#1863);
#1862 = CARTESIAN_POINT('',(9.45,-2.05,4.2));
#1863 = VECTOR('',#1864,1.);
#1864 = DIRECTION('',(-1.,1.224646799147E-16,0.));
#1865 = ORIENTED_EDGE('',*,*,#1772,.T.);
#1866 = ORIENTED_EDGE('',*,*,#1867,.T.);
#1867 = EDGE_CURVE('',#1773,#1797,#1868,.T.);
#1868 = LINE('',#1869,#1870);
#1869 = CARTESIAN_POINT('',(9.45,-2.05,4.2));
#1870 = VECTOR('',#1871,1.);
#1871 = DIRECTION('',(-1.,1.224646799147E-16,0.));
#1872 = ORIENTED_EDGE('',*,*,#1804,.T.);
#1873 = ORIENTED_EDGE('',*,*,#1545,.T.);
#1874 = ORIENTED_EDGE('',*,*,#1384,.T.);
#1875 = ORIENTED_EDGE('',*,*,#1876,.F.);
#1876 = EDGE_CURVE('',#1877,#1385,#1879,.T.);
#1877 = VERTEX_POINT('',#1878);
#1878 = CARTESIAN_POINT('',(0.8,-2.05,1.1));
#1879 = LINE('',#1880,#1881);
#1880 = CARTESIAN_POINT('',(0.8,-2.05,1.1));
#1881 = VECTOR('',#1882,1.);
#1882 = DIRECTION('',(-1.359631073447E-32,-1.110223024625E-16,-1.));
#1883 = ORIENTED_EDGE('',*,*,#1884,.F.);
#1884 = EDGE_CURVE('',#1885,#1877,#1887,.T.);
#1885 = VERTEX_POINT('',#1886);
#1886 = CARTESIAN_POINT('',(1.2,-2.05,1.1));
#1887 = LINE('',#1888,#1889);
#1888 = CARTESIAN_POINT('',(1.2,-2.05,1.1));
#1889 = VECTOR('',#1890,1.);
#1890 = DIRECTION('',(-1.,1.224646799147E-16,0.));
#1891 = ORIENTED_EDGE('',*,*,#1892,.F.);
#1892 = EDGE_CURVE('',#1409,#1885,#1893,.T.);
#1893 = LINE('',#1894,#1895);
#1894 = CARTESIAN_POINT('',(1.2,-2.05,0.8));
#1895 = VECTOR('',#1896,1.);
#1896 = DIRECTION('',(1.359631073447E-32,1.110223024625E-16,1.));
#1897 = ORIENTED_EDGE('',*,*,#1416,.T.);
#1898 = ORIENTED_EDGE('',*,*,#1899,.F.);
#1899 = EDGE_CURVE('',#1900,#1417,#1902,.T.);
#1900 = VERTEX_POINT('',#1901);
#1901 = CARTESIAN_POINT('',(2.8,-2.05,1.1));
#1902 = LINE('',#1903,#1904);
#1903 = CARTESIAN_POINT('',(2.8,-2.05,1.1));
#1904 = VECTOR('',#1905,1.);
#1905 = DIRECTION('',(-1.359631073447E-32,-1.110223024625E-16,-1.));
#1906 = ORIENTED_EDGE('',*,*,#1907,.F.);
#1907 = EDGE_CURVE('',#1908,#1900,#1910,.T.);
#1908 = VERTEX_POINT('',#1909);
#1909 = CARTESIAN_POINT('',(3.2,-2.05,1.1));
#1910 = LINE('',#1911,#1912);
#1911 = CARTESIAN_POINT('',(3.2,-2.05,1.1));
#1912 = VECTOR('',#1913,1.);
#1913 = DIRECTION('',(-1.,1.224646799147E-16,0.));
#1914 = ORIENTED_EDGE('',*,*,#1915,.F.);
#1915 = EDGE_CURVE('',#1441,#1908,#1916,.T.);
#1916 = LINE('',#1917,#1918);
#1917 = CARTESIAN_POINT('',(3.2,-2.05,0.8));
#1918 = VECTOR('',#1919,1.);
#1919 = DIRECTION('',(1.359631073447E-32,1.110223024625E-16,1.));
#1920 = ORIENTED_EDGE('',*,*,#1448,.T.);
#1921 = ORIENTED_EDGE('',*,*,#1922,.F.);
#1922 = EDGE_CURVE('',#1923,#1449,#1925,.T.);
#1923 = VERTEX_POINT('',#1924);
#1924 = CARTESIAN_POINT('',(4.8,-2.05,1.1));
#1925 = LINE('',#1926,#1927);
#1926 = CARTESIAN_POINT('',(4.8,-2.05,1.1));
#1927 = VECTOR('',#1928,1.);
#1928 = DIRECTION('',(-1.359631073447E-32,-1.110223024625E-16,-1.));
#1929 = ORIENTED_EDGE('',*,*,#1930,.F.);
#1930 = EDGE_CURVE('',#1931,#1923,#1933,.T.);
#1931 = VERTEX_POINT('',#1932);
#1932 = CARTESIAN_POINT('',(5.2,-2.05,1.1));
#1933 = LINE('',#1934,#1935);
#1934 = CARTESIAN_POINT('',(5.2,-2.05,1.1));
#1935 = VECTOR('',#1936,1.);
#1936 = DIRECTION('',(-1.,1.224646799147E-16,0.));
#1937 = ORIENTED_EDGE('',*,*,#1938,.F.);
#1938 = EDGE_CURVE('',#1473,#1931,#1939,.T.);
#1939 = LINE('',#1940,#1941);
#1940 = CARTESIAN_POINT('',(5.2,-2.05,0.8));
#1941 = VECTOR('',#1942,1.);
#1942 = DIRECTION('',(1.359631073447E-32,1.110223024625E-16,1.));
#1943 = ORIENTED_EDGE('',*,*,#1480,.T.);
#1944 = ORIENTED_EDGE('',*,*,#1945,.F.);
#1945 = EDGE_CURVE('',#1946,#1481,#1948,.T.);
#1946 = VERTEX_POINT('',#1947);
#1947 = CARTESIAN_POINT('',(6.8,-2.05,1.1));
#1948 = LINE('',#1949,#1950);
#1949 = CARTESIAN_POINT('',(6.8,-2.05,1.1));
#1950 = VECTOR('',#1951,1.);
#1951 = DIRECTION('',(-1.359631073447E-32,-1.110223024625E-16,-1.));
#1952 = ORIENTED_EDGE('',*,*,#1953,.F.);
#1953 = EDGE_CURVE('',#1850,#1946,#1954,.T.);
#1954 = LINE('',#1955,#1956);
#1955 = CARTESIAN_POINT('',(7.2,-2.05,1.1));
#1956 = VECTOR('',#1957,1.);
#1957 = DIRECTION('',(-1.,1.224646799147E-16,0.));
#1958 = FACE_BOUND('',#1959,.T.);
#1959 = EDGE_LOOP('',(#1960,#1970,#1978,#1986));
#1960 = ORIENTED_EDGE('',*,*,#1961,.T.);
#1961 = EDGE_CURVE('',#1962,#1964,#1966,.T.);
#1962 = VERTEX_POINT('',#1963);
#1963 = CARTESIAN_POINT('',(4.25,-2.05,3.35));
#1964 = VERTEX_POINT('',#1965);
#1965 = CARTESIAN_POINT('',(4.25,-2.05,2.85));
#1966 = LINE('',#1967,#1968);
#1967 = CARTESIAN_POINT('',(4.25,-2.05,1.911519607843));
#1968 = VECTOR('',#1969,1.);
#1969 = DIRECTION('',(-1.359631073447E-32,-1.110223024625E-16,-1.));
#1970 = ORIENTED_EDGE('',*,*,#1971,.T.);
#1971 = EDGE_CURVE('',#1964,#1972,#1974,.T.);
#1972 = VERTEX_POINT('',#1973);
#1973 = CARTESIAN_POINT('',(3.75,-2.05,2.85));
#1974 = LINE('',#1975,#1976);
#1975 = CARTESIAN_POINT('',(4.125,-2.05,2.85));
#1976 = VECTOR('',#1977,1.);
#1977 = DIRECTION('',(-1.,1.224646799147E-16,0.));
#1978 = ORIENTED_EDGE('',*,*,#1979,.F.);
#1979 = EDGE_CURVE('',#1980,#1972,#1982,.T.);
#1980 = VERTEX_POINT('',#1981);
#1981 = CARTESIAN_POINT('',(3.75,-2.05,3.35));
#1982 = LINE('',#1983,#1984);
#1983 = CARTESIAN_POINT('',(3.75,-2.05,1.911519607843));
#1984 = VECTOR('',#1985,1.);
#1985 = DIRECTION('',(-1.359631073447E-32,-1.110223024625E-16,-1.));
#1986 = ORIENTED_EDGE('',*,*,#1987,.T.);
#1987 = EDGE_CURVE('',#1980,#1962,#1988,.T.);
#1988 = LINE('',#1989,#1990);
#1989 = CARTESIAN_POINT('',(4.125,-2.05,3.35));
#1990 = VECTOR('',#1991,1.);
#1991 = DIRECTION('',(1.,-1.224646799147E-16,0.));
#1992 = FACE_BOUND('',#1993,.T.);
#1993 = EDGE_LOOP('',(#1994,#2004,#2012,#2020));
#1994 = ORIENTED_EDGE('',*,*,#1995,.F.);
#1995 = EDGE_CURVE('',#1996,#1998,#2000,.T.);
#1996 = VERTEX_POINT('',#1997);
#1997 = CARTESIAN_POINT('',(5.75,-2.05,3.35));
#1998 = VERTEX_POINT('',#1999);
#1999 = CARTESIAN_POINT('',(5.75,-2.05,2.85));
#2000 = LINE('',#2001,#2002);
#2001 = CARTESIAN_POINT('',(5.75,-2.05,1.911519607843));
#2002 = VECTOR('',#2003,1.);
#2003 = DIRECTION('',(-1.359631073447E-32,-1.110223024625E-16,-1.));
#2004 = ORIENTED_EDGE('',*,*,#2005,.T.);
#2005 = EDGE_CURVE('',#1996,#2006,#2008,.T.);
#2006 = VERTEX_POINT('',#2007);
#2007 = CARTESIAN_POINT('',(6.25,-2.05,3.35));
#2008 = LINE('',#2009,#2010);
#2009 = CARTESIAN_POINT('',(5.125,-2.05,3.35));
#2010 = VECTOR('',#2011,1.);
#2011 = DIRECTION('',(1.,-1.224646799147E-16,0.));
#2012 = ORIENTED_EDGE('',*,*,#2013,.T.);
#2013 = EDGE_CURVE('',#2006,#2014,#2016,.T.);
#2014 = VERTEX_POINT('',#2015);
#2015 = CARTESIAN_POINT('',(6.25,-2.05,2.85));
#2016 = LINE('',#2017,#2018);
#2017 = CARTESIAN_POINT('',(6.25,-2.05,1.911519607843));
#2018 = VECTOR('',#2019,1.);
#2019 = DIRECTION('',(-1.359631073447E-32,-1.110223024625E-16,-1.));
#2020 = ORIENTED_EDGE('',*,*,#2021,.T.);
#2021 = EDGE_CURVE('',#2014,#1998,#2022,.T.);
#2022 = LINE('',#2023,#2024);
#2023 = CARTESIAN_POINT('',(5.125,-2.05,2.85));
#2024 = VECTOR('',#2025,1.);
#2025 = DIRECTION('',(-1.,1.224646799147E-16,0.));
#2026 = FACE_BOUND('',#2027,.T.);
#2027 = EDGE_LOOP('',(#2028,#2038,#2046,#2054));
#2028 = ORIENTED_EDGE('',*,*,#2029,.T.);
#2029 = EDGE_CURVE('',#2030,#2032,#2034,.T.);
#2030 = VERTEX_POINT('',#2031);
#2031 = CARTESIAN_POINT('',(-0.25,-2.05,3.35));
#2032 = VERTEX_POINT('',#2033);
#2033 = CARTESIAN_POINT('',(0.25,-2.05,3.35));
#2034 = LINE('',#2035,#2036);
#2035 = CARTESIAN_POINT('',(2.125,-2.05,3.35));
#2036 = VECTOR('',#2037,1.);
#2037 = DIRECTION('',(1.,-1.224646799147E-16,0.));
#2038 = ORIENTED_EDGE('',*,*,#2039,.T.);
#2039 = EDGE_CURVE('',#2032,#2040,#2042,.T.);
#2040 = VERTEX_POINT('',#2041);
#2041 = CARTESIAN_POINT('',(0.25,-2.05,2.85));
#2042 = LINE('',#2043,#2044);
#2043 = CARTESIAN_POINT('',(0.25,-2.05,1.901106711288));
#2044 = VECTOR('',#2045,1.);
#2045 = DIRECTION('',(-1.359631073447E-32,-1.110223024625E-16,-1.));
#2046 = ORIENTED_EDGE('',*,*,#2047,.T.);
#2047 = EDGE_CURVE('',#2040,#2048,#2050,.T.);
#2048 = VERTEX_POINT('',#2049);
#2049 = CARTESIAN_POINT('',(-0.25,-2.05,2.85));
#2050 = LINE('',#2051,#2052);
#2051 = CARTESIAN_POINT('',(2.125,-2.05,2.85));
#2052 = VECTOR('',#2053,1.);
#2053 = DIRECTION('',(-1.,1.224646799147E-16,0.));
#2054 = ORIENTED_EDGE('',*,*,#2055,.F.);
#2055 = EDGE_CURVE('',#2030,#2048,#2056,.T.);
#2056 = LINE('',#2057,#2058);
#2057 = CARTESIAN_POINT('',(-0.25,-2.05,1.901106711288));
#2058 = VECTOR('',#2059,1.);
#2059 = DIRECTION('',(-1.359631073447E-32,-1.110223024625E-16,-1.));
#2060 = FACE_BOUND('',#2061,.T.);
#2061 = EDGE_LOOP('',(#2062,#2072,#2080,#2088));
#2062 = ORIENTED_EDGE('',*,*,#2063,.F.);
#2063 = EDGE_CURVE('',#2064,#2066,#2068,.T.);
#2064 = VERTEX_POINT('',#2065);
#2065 = CARTESIAN_POINT('',(1.75,-2.05,3.35));
#2066 = VERTEX_POINT('',#2067);
#2067 = CARTESIAN_POINT('',(1.75,-2.05,2.85));
#2068 = LINE('',#2069,#2070);
#2069 = CARTESIAN_POINT('',(1.75,-2.05,1.911519607843));
#2070 = VECTOR('',#2071,1.);
#2071 = DIRECTION('',(-1.359631073447E-32,-1.110223024625E-16,-1.));
#2072 = ORIENTED_EDGE('',*,*,#2073,.T.);
#2073 = EDGE_CURVE('',#2064,#2074,#2076,.T.);
#2074 = VERTEX_POINT('',#2075);
#2075 = CARTESIAN_POINT('',(2.25,-2.05,3.35));
#2076 = LINE('',#2077,#2078);
#2077 = CARTESIAN_POINT('',(3.125,-2.05,3.35));
#2078 = VECTOR('',#2079,1.);
#2079 = DIRECTION('',(1.,-1.224646799147E-16,0.));
#2080 = ORIENTED_EDGE('',*,*,#2081,.T.);
#2081 = EDGE_CURVE('',#2074,#2082,#2084,.T.);
#2082 = VERTEX_POINT('',#2083);
#2083 = CARTESIAN_POINT('',(2.25,-2.05,2.85));
#2084 = LINE('',#2085,#2086);
#2085 = CARTESIAN_POINT('',(2.25,-2.05,1.911519607843));
#2086 = VECTOR('',#2087,1.);
#2087 = DIRECTION('',(-1.359631073447E-32,-1.110223024625E-16,-1.));
#2088 = ORIENTED_EDGE('',*,*,#2089,.T.);
#2089 = EDGE_CURVE('',#2082,#2066,#2090,.T.);
#2090 = LINE('',#2091,#2092);
#2091 = CARTESIAN_POINT('',(3.125,-2.05,2.85));
#2092 = VECTOR('',#2093,1.);
#2093 = DIRECTION('',(-1.,1.224646799147E-16,0.));
#2094 = FACE_BOUND('',#2095,.T.);
#2095 = EDGE_LOOP('',(#2096,#2106,#2114,#2122));
#2096 = ORIENTED_EDGE('',*,*,#2097,.T.);
#2097 = EDGE_CURVE('',#2098,#2100,#2102,.T.);
#2098 = VERTEX_POINT('',#2099);
#2099 = CARTESIAN_POINT('',(7.75,-2.05,3.35));
#2100 = VERTEX_POINT('',#2101);
#2101 = CARTESIAN_POINT('',(8.25,-2.05,3.35));
#2102 = LINE('',#2103,#2104);
#2103 = CARTESIAN_POINT('',(6.125,-2.05,3.35));
#2104 = VECTOR('',#2105,1.);
#2105 = DIRECTION('',(1.,-1.224646799147E-16,0.));
#2106 = ORIENTED_EDGE('',*,*,#2107,.T.);
#2107 = EDGE_CURVE('',#2100,#2108,#2110,.T.);
#2108 = VERTEX_POINT('',#2109);
#2109 = CARTESIAN_POINT('',(8.25,-2.05,2.85));
#2110 = LINE('',#2111,#2112);
#2111 = CARTESIAN_POINT('',(8.25,-2.05,1.901106711288));
#2112 = VECTOR('',#2113,1.);
#2113 = DIRECTION('',(-1.359631073447E-32,-1.110223024625E-16,-1.));
#2114 = ORIENTED_EDGE('',*,*,#2115,.T.);
#2115 = EDGE_CURVE('',#2108,#2116,#2118,.T.);
#2116 = VERTEX_POINT('',#2117);
#2117 = CARTESIAN_POINT('',(7.75,-2.05,2.85));
#2118 = LINE('',#2119,#2120);
#2119 = CARTESIAN_POINT('',(6.125,-2.05,2.85));
#2120 = VECTOR('',#2121,1.);
#2121 = DIRECTION('',(-1.,1.224646799147E-16,0.));
#2122 = ORIENTED_EDGE('',*,*,#2123,.F.);
#2123 = EDGE_CURVE('',#2098,#2116,#2124,.T.);
#2124 = LINE('',#2125,#2126);
#2125 = CARTESIAN_POINT('',(7.75,-2.05,1.901106711288));
#2126 = VECTOR('',#2127,1.);
#2127 = DIRECTION('',(-1.359631073447E-32,-1.110223024625E-16,-1.));
#2128 = PLANE('',#2129);
#2129 = AXIS2_PLACEMENT_3D('',#2130,#2131,#2132);
#2130 = CARTESIAN_POINT('',(4.,-2.05,2.5));
#2131 = DIRECTION('',(-1.224646799147E-16,-1.,1.110223024625E-16));
#2132 = DIRECTION('',(-1.,1.224646799147E-16,0.));
#2133 = ADVANCED_FACE('',(#2134),#2168,.F.);
#2134 = FACE_BOUND('',#2135,.F.);
#2135 = EDGE_LOOP('',(#2136,#2137,#2145,#2153,#2161,#2167));
#2136 = ORIENTED_EDGE('',*,*,#848,.T.);
#2137 = ORIENTED_EDGE('',*,*,#2138,.T.);
#2138 = EDGE_CURVE('',#851,#2139,#2141,.T.);
#2139 = VERTEX_POINT('',#2140);
#2140 = CARTESIAN_POINT('',(8.75,-0.4,4.2));
#2141 = LINE('',#2142,#2143);
#2142 = CARTESIAN_POINT('',(8.75,-1.335399017773,4.2));
#2143 = VECTOR('',#2144,1.);
#2144 = DIRECTION('',(-1.224646799147E-16,-1.,1.110223024625E-16));
#2145 = ORIENTED_EDGE('',*,*,#2146,.T.);
#2146 = EDGE_CURVE('',#2139,#2147,#2149,.T.);
#2147 = VERTEX_POINT('',#2148);
#2148 = CARTESIAN_POINT('',(8.75,-0.35,3.6));
#2149 = LINE('',#2150,#2151);
#2150 = CARTESIAN_POINT('',(8.75,-0.45,4.8));
#2151 = VECTOR('',#2152,1.);
#2152 = DIRECTION('',(1.017013810865E-17,8.304547985373E-02,
    -0.996545758245));
#2153 = ORIENTED_EDGE('',*,*,#2154,.T.);
#2154 = EDGE_CURVE('',#2147,#2155,#2157,.T.);
#2155 = VERTEX_POINT('',#2156);
#2156 = CARTESIAN_POINT('',(8.75,-0.35,2.6));
#2157 = LINE('',#2158,#2159);
#2158 = CARTESIAN_POINT('',(8.75,-0.35,3.6));
#2159 = VECTOR('',#2160,1.);
#2160 = DIRECTION('',(-1.359631073447E-32,-1.110223024625E-16,-1.));
#2161 = ORIENTED_EDGE('',*,*,#2162,.T.);
#2162 = EDGE_CURVE('',#2155,#1204,#2163,.T.);
#2163 = LINE('',#2164,#2165);
#2164 = CARTESIAN_POINT('',(8.75,-0.35,2.6));
#2165 = VECTOR('',#2166,1.);
#2166 = DIRECTION('',(-5.319525767383E-18,-4.343722427631E-02,
    -0.999056158355));
#2167 = ORIENTED_EDGE('',*,*,#1203,.T.);
#2168 = PLANE('',#2169);
#2169 = AXIS2_PLACEMENT_3D('',#2170,#2171,#2172);
#2170 = CARTESIAN_POINT('',(8.75,-0.320798035545,2.550475523299));
#2171 = DIRECTION('',(1.,-1.224646799147E-16,0.));
#2172 = DIRECTION('',(1.224646799147E-16,1.,-1.110223024625E-16));
#2173 = ADVANCED_FACE('',(#2174),#2199,.T.);
#2174 = FACE_BOUND('',#2175,.T.);
#2175 = EDGE_LOOP('',(#2176,#2177,#2183,#2184,#2185,#2193));
#2176 = ORIENTED_EDGE('',*,*,#1860,.F.);
#2177 = ORIENTED_EDGE('',*,*,#2178,.T.);
#2178 = EDGE_CURVE('',#1741,#883,#2179,.T.);
#2179 = LINE('',#2180,#2181);
#2180 = CARTESIAN_POINT('',(9.4,-4.45,4.2));
#2181 = VECTOR('',#2182,1.);
#2182 = DIRECTION('',(1.224646799147E-16,1.,-1.110223024625E-16));
#2183 = ORIENTED_EDGE('',*,*,#890,.T.);
#2184 = ORIENTED_EDGE('',*,*,#2138,.T.);
#2185 = ORIENTED_EDGE('',*,*,#2186,.T.);
#2186 = EDGE_CURVE('',#2139,#2187,#2189,.T.);
#2187 = VERTEX_POINT('',#2188);
#2188 = CARTESIAN_POINT('',(8.4,-0.4,4.2));
#2189 = LINE('',#2190,#2191);
#2190 = CARTESIAN_POINT('',(8.825,-0.4,4.2));
#2191 = VECTOR('',#2192,1.);
#2192 = DIRECTION('',(-1.,1.224646799147E-16,0.));
#2193 = ORIENTED_EDGE('',*,*,#2194,.T.);
#2194 = EDGE_CURVE('',#2187,#1765,#2195,.T.);
#2195 = LINE('',#2196,#2197);
#2196 = CARTESIAN_POINT('',(8.4,-0.25,4.2));
#2197 = VECTOR('',#2198,1.);
#2198 = DIRECTION('',(-1.224646799147E-16,-1.,1.110223024625E-16));
#2199 = PLANE('',#2200);
#2200 = AXIS2_PLACEMENT_3D('',#2201,#2202,#2203);
#2201 = CARTESIAN_POINT('',(8.9,-2.35,4.2));
#2202 = DIRECTION('',(1.359631073447E-32,1.110223024625E-16,1.));
#2203 = DIRECTION('',(1.224646799147E-16,1.,-1.110223024625E-16));
#2204 = ADVANCED_FACE('',(#2205),#2217,.F.);
#2205 = FACE_BOUND('',#2206,.T.);
#2206 = EDGE_LOOP('',(#2207,#2208,#2209,#2210,#2211));
#2207 = ORIENTED_EDGE('',*,*,#1122,.T.);
#2208 = ORIENTED_EDGE('',*,*,#882,.T.);
#2209 = ORIENTED_EDGE('',*,*,#2178,.F.);
#2210 = ORIENTED_EDGE('',*,*,#1748,.F.);
#2211 = ORIENTED_EDGE('',*,*,#2212,.F.);
#2212 = EDGE_CURVE('',#1115,#1749,#2213,.T.);
#2213 = LINE('',#2214,#2215);
#2214 = CARTESIAN_POINT('',(9.4,-4.45,4.8));
#2215 = VECTOR('',#2216,1.);
#2216 = DIRECTION('',(-1.359631073447E-32,-1.110223024625E-16,-1.));
#2217 = PLANE('',#2218);
#2218 = AXIS2_PLACEMENT_3D('',#2219,#2220,#2221);
#2219 = CARTESIAN_POINT('',(9.4,-4.45,4.8));
#2220 = DIRECTION('',(1.,-1.224646799147E-16,0.));
#2221 = DIRECTION('',(1.224646799147E-16,1.,-1.110223024625E-16));
#2222 = ADVANCED_FACE('',(#2223),#2234,.F.);
#2223 = FACE_BOUND('',#2224,.F.);
#2224 = EDGE_LOOP('',(#2225,#2226,#2232,#2233));
#2225 = ORIENTED_EDGE('',*,*,#1114,.F.);
#2226 = ORIENTED_EDGE('',*,*,#2227,.T.);
#2227 = EDGE_CURVE('',#1107,#1757,#2228,.T.);
#2228 = LINE('',#2229,#2230);
#2229 = CARTESIAN_POINT('',(8.4,-4.45,4.8));
#2230 = VECTOR('',#2231,1.);
#2231 = DIRECTION('',(-1.359631073447E-32,-1.110223024625E-16,-1.));
#2232 = ORIENTED_EDGE('',*,*,#1756,.T.);
#2233 = ORIENTED_EDGE('',*,*,#2212,.F.);
#2234 = PLANE('',#2235);
#2235 = AXIS2_PLACEMENT_3D('',#2236,#2237,#2238);
#2236 = CARTESIAN_POINT('',(8.4,-4.45,4.8));
#2237 = DIRECTION('',(-1.224646799147E-16,-1.,1.110223024625E-16));
#2238 = DIRECTION('',(1.,-1.224646799147E-16,0.));
#2239 = ADVANCED_FACE('',(#2240),#2252,.F.);
#2240 = FACE_BOUND('',#2241,.T.);
#2241 = EDGE_LOOP('',(#2242,#2243,#2244,#2245,#2246));
#2242 = ORIENTED_EDGE('',*,*,#1106,.T.);
#2243 = ORIENTED_EDGE('',*,*,#2227,.T.);
#2244 = ORIENTED_EDGE('',*,*,#1764,.F.);
#2245 = ORIENTED_EDGE('',*,*,#2194,.F.);
#2246 = ORIENTED_EDGE('',*,*,#2247,.F.);
#2247 = EDGE_CURVE('',#1099,#2187,#2248,.T.);
#2248 = LINE('',#2249,#2250);
#2249 = CARTESIAN_POINT('',(8.4,-0.449310344828,4.791724137931));
#2250 = VECTOR('',#2251,1.);
#2251 = DIRECTION('',(1.017013810865E-17,8.304547985373E-02,
    -0.996545758245));
#2252 = PLANE('',#2253);
#2253 = AXIS2_PLACEMENT_3D('',#2254,#2255,#2256);
#2254 = CARTESIAN_POINT('',(8.4,-0.25,4.8));
#2255 = DIRECTION('',(-1.,1.224646799147E-16,0.));
#2256 = DIRECTION('',(-1.224646799147E-16,-1.,1.110223024625E-16));
#2257 = ADVANCED_FACE('',(#2258),#2278,.F.);
#2258 = FACE_BOUND('',#2259,.F.);
#2259 = EDGE_LOOP('',(#2260,#2261,#2262,#2270,#2276,#2277));
#2260 = ORIENTED_EDGE('',*,*,#2247,.F.);
#2261 = ORIENTED_EDGE('',*,*,#1098,.T.);
#2262 = ORIENTED_EDGE('',*,*,#2263,.T.);
#2263 = EDGE_CURVE('',#1091,#2264,#2266,.T.);
#2264 = VERTEX_POINT('',#2265);
#2265 = CARTESIAN_POINT('',(7.25,-0.35,3.6));
#2266 = LINE('',#2267,#2268);
#2267 = CARTESIAN_POINT('',(7.25,-0.45,4.8));
#2268 = VECTOR('',#2269,1.);
#2269 = DIRECTION('',(1.017013810865E-17,8.304547985373E-02,
    -0.996545758245));
#2270 = ORIENTED_EDGE('',*,*,#2271,.F.);
#2271 = EDGE_CURVE('',#2147,#2264,#2272,.T.);
#2272 = LINE('',#2273,#2274);
#2273 = CARTESIAN_POINT('',(8.75,-0.35,3.6));
#2274 = VECTOR('',#2275,1.);
#2275 = DIRECTION('',(-1.,1.224646799147E-16,0.));
#2276 = ORIENTED_EDGE('',*,*,#2146,.F.);
#2277 = ORIENTED_EDGE('',*,*,#2186,.T.);
#2278 = PLANE('',#2279);
#2279 = AXIS2_PLACEMENT_3D('',#2280,#2281,#2282);
#2280 = CARTESIAN_POINT('',(8.75,-0.45,4.8));
#2281 = DIRECTION('',(-1.220416573038E-16,-0.996545758245,
    -8.304547985373E-02));
#2282 = DIRECTION('',(1.017013810865E-17,8.304547985373E-02,
    -0.996545758245));
#2283 = ADVANCED_FACE('',(#2284),#2309,.T.);
#2284 = FACE_BOUND('',#2285,.T.);
#2285 = EDGE_LOOP('',(#2286,#2287,#2288,#2296,#2302,#2303));
#2286 = ORIENTED_EDGE('',*,*,#1090,.T.);
#2287 = ORIENTED_EDGE('',*,*,#2263,.T.);
#2288 = ORIENTED_EDGE('',*,*,#2289,.T.);
#2289 = EDGE_CURVE('',#2264,#2290,#2292,.T.);
#2290 = VERTEX_POINT('',#2291);
#2291 = CARTESIAN_POINT('',(7.25,-0.35,2.6));
#2292 = LINE('',#2293,#2294);
#2293 = CARTESIAN_POINT('',(7.25,-0.35,3.6));
#2294 = VECTOR('',#2295,1.);
#2295 = DIRECTION('',(-1.359631073447E-32,-1.110223024625E-16,-1.));
#2296 = ORIENTED_EDGE('',*,*,#2297,.T.);
#2297 = EDGE_CURVE('',#2290,#1212,#2298,.T.);
#2298 = LINE('',#2299,#2300);
#2299 = CARTESIAN_POINT('',(7.25,-0.35,2.6));
#2300 = VECTOR('',#2301,1.);
#2301 = DIRECTION('',(-5.319525767383E-18,-4.343722427631E-02,
    -0.999056158355));
#2302 = ORIENTED_EDGE('',*,*,#1219,.T.);
#2303 = ORIENTED_EDGE('',*,*,#2304,.T.);
#2304 = EDGE_CURVE('',#1220,#1083,#2305,.T.);
#2305 = LINE('',#2306,#2307);
#2306 = CARTESIAN_POINT('',(7.25,-0.25,0.3));
#2307 = VECTOR('',#2308,1.);
#2308 = DIRECTION('',(1.359631073447E-32,1.110223024625E-16,1.));
#2309 = PLANE('',#2310);
#2310 = AXIS2_PLACEMENT_3D('',#2311,#2312,#2313);
#2311 = CARTESIAN_POINT('',(7.25,-0.320798035545,2.550475523299));
#2312 = DIRECTION('',(1.,-1.224646799147E-16,0.));
#2313 = DIRECTION('',(1.224646799147E-16,1.,-1.110223024625E-16));
#2314 = ADVANCED_FACE('',(#2315),#2326,.F.);
#2315 = FACE_BOUND('',#2316,.F.);
#2316 = EDGE_LOOP('',(#2317,#2318,#2319,#2320));
#2317 = ORIENTED_EDGE('',*,*,#1227,.T.);
#2318 = ORIENTED_EDGE('',*,*,#2304,.T.);
#2319 = ORIENTED_EDGE('',*,*,#1082,.T.);
#2320 = ORIENTED_EDGE('',*,*,#2321,.F.);
#2321 = EDGE_CURVE('',#1228,#1075,#2322,.T.);
#2322 = LINE('',#2323,#2324);
#2323 = CARTESIAN_POINT('',(6.75,-0.25,0.3));
#2324 = VECTOR('',#2325,1.);
#2325 = DIRECTION('',(1.359631073447E-32,1.110223024625E-16,1.));
#2326 = PLANE('',#2327);
#2327 = AXIS2_PLACEMENT_3D('',#2328,#2329,#2330);
#2328 = CARTESIAN_POINT('',(4.,-0.25,2.55));
#2329 = DIRECTION('',(-1.224646799147E-16,-1.,1.110223024625E-16));
#2330 = DIRECTION('',(-1.,1.224646799147E-16,0.));
#2331 = ADVANCED_FACE('',(#2332),#2359,.F.);
#2332 = FACE_BOUND('',#2333,.F.);
#2333 = EDGE_LOOP('',(#2334,#2335,#2343,#2351,#2357,#2358));
#2334 = ORIENTED_EDGE('',*,*,#1074,.T.);
#2335 = ORIENTED_EDGE('',*,*,#2336,.T.);
#2336 = EDGE_CURVE('',#1067,#2337,#2339,.T.);
#2337 = VERTEX_POINT('',#2338);
#2338 = CARTESIAN_POINT('',(6.75,-0.35,3.6));
#2339 = LINE('',#2340,#2341);
#2340 = CARTESIAN_POINT('',(6.75,-0.45,4.8));
#2341 = VECTOR('',#2342,1.);
#2342 = DIRECTION('',(1.017013810865E-17,8.304547985373E-02,
    -0.996545758245));
#2343 = ORIENTED_EDGE('',*,*,#2344,.T.);
#2344 = EDGE_CURVE('',#2337,#2345,#2347,.T.);
#2345 = VERTEX_POINT('',#2346);
#2346 = CARTESIAN_POINT('',(6.75,-0.35,2.6));
#2347 = LINE('',#2348,#2349);
#2348 = CARTESIAN_POINT('',(6.75,-0.35,3.6));
#2349 = VECTOR('',#2350,1.);
#2350 = DIRECTION('',(-1.359631073447E-32,-1.110223024625E-16,-1.));
#2351 = ORIENTED_EDGE('',*,*,#2352,.T.);
#2352 = EDGE_CURVE('',#2345,#1236,#2353,.T.);
#2353 = LINE('',#2354,#2355);
#2354 = CARTESIAN_POINT('',(6.75,-0.35,2.6));
#2355 = VECTOR('',#2356,1.);
#2356 = DIRECTION('',(-5.319525767383E-18,-4.343722427631E-02,
    -0.999056158355));
#2357 = ORIENTED_EDGE('',*,*,#1235,.T.);
#2358 = ORIENTED_EDGE('',*,*,#2321,.T.);
#2359 = PLANE('',#2360);
#2360 = AXIS2_PLACEMENT_3D('',#2361,#2362,#2363);
#2361 = CARTESIAN_POINT('',(6.75,-0.320798035545,2.550475523299));
#2362 = DIRECTION('',(1.,-1.224646799147E-16,0.));
#2363 = DIRECTION('',(1.224646799147E-16,1.,-1.110223024625E-16));
#2364 = ADVANCED_FACE('',(#2365),#2383,.F.);
#2365 = FACE_BOUND('',#2366,.F.);
#2366 = EDGE_LOOP('',(#2367,#2368,#2376,#2382));
#2367 = ORIENTED_EDGE('',*,*,#1066,.T.);
#2368 = ORIENTED_EDGE('',*,*,#2369,.T.);
#2369 = EDGE_CURVE('',#1059,#2370,#2372,.T.);
#2370 = VERTEX_POINT('',#2371);
#2371 = CARTESIAN_POINT('',(5.25,-0.35,3.6));
#2372 = LINE('',#2373,#2374);
#2373 = CARTESIAN_POINT('',(5.25,-0.45,4.8));
#2374 = VECTOR('',#2375,1.);
#2375 = DIRECTION('',(1.017013810865E-17,8.304547985373E-02,
    -0.996545758245));
#2376 = ORIENTED_EDGE('',*,*,#2377,.F.);
#2377 = EDGE_CURVE('',#2337,#2370,#2378,.T.);
#2378 = LINE('',#2379,#2380);
#2379 = CARTESIAN_POINT('',(6.75,-0.35,3.6));
#2380 = VECTOR('',#2381,1.);
#2381 = DIRECTION('',(-1.,1.224646799147E-16,0.));
#2382 = ORIENTED_EDGE('',*,*,#2336,.F.);
#2383 = PLANE('',#2384);
#2384 = AXIS2_PLACEMENT_3D('',#2385,#2386,#2387);
#2385 = CARTESIAN_POINT('',(6.75,-0.45,4.8));
#2386 = DIRECTION('',(-1.220416573038E-16,-0.996545758245,
    -8.304547985373E-02));
#2387 = DIRECTION('',(1.017013810865E-17,8.304547985373E-02,
    -0.996545758245));
#2388 = ADVANCED_FACE('',(#2389),#2414,.T.);
#2389 = FACE_BOUND('',#2390,.T.);
#2390 = EDGE_LOOP('',(#2391,#2392,#2393,#2401,#2407,#2408));
#2391 = ORIENTED_EDGE('',*,*,#1058,.T.);
#2392 = ORIENTED_EDGE('',*,*,#2369,.T.);
#2393 = ORIENTED_EDGE('',*,*,#2394,.T.);
#2394 = EDGE_CURVE('',#2370,#2395,#2397,.T.);
#2395 = VERTEX_POINT('',#2396);
#2396 = CARTESIAN_POINT('',(5.25,-0.35,2.6));
#2397 = LINE('',#2398,#2399);
#2398 = CARTESIAN_POINT('',(5.25,-0.35,3.6));
#2399 = VECTOR('',#2400,1.);
#2400 = DIRECTION('',(-1.359631073447E-32,-1.110223024625E-16,-1.));
#2401 = ORIENTED_EDGE('',*,*,#2402,.T.);
#2402 = EDGE_CURVE('',#2395,#1244,#2403,.T.);
#2403 = LINE('',#2404,#2405);
#2404 = CARTESIAN_POINT('',(5.25,-0.35,2.6));
#2405 = VECTOR('',#2406,1.);
#2406 = DIRECTION('',(-5.319525767383E-18,-4.343722427631E-02,
    -0.999056158355));
#2407 = ORIENTED_EDGE('',*,*,#1251,.T.);
#2408 = ORIENTED_EDGE('',*,*,#2409,.T.);
#2409 = EDGE_CURVE('',#1252,#1051,#2410,.T.);
#2410 = LINE('',#2411,#2412);
#2411 = CARTESIAN_POINT('',(5.25,-0.25,0.3));
#2412 = VECTOR('',#2413,1.);
#2413 = DIRECTION('',(1.359631073447E-32,1.110223024625E-16,1.));
#2414 = PLANE('',#2415);
#2415 = AXIS2_PLACEMENT_3D('',#2416,#2417,#2418);
#2416 = CARTESIAN_POINT('',(5.25,-0.320798035545,2.550475523299));
#2417 = DIRECTION('',(1.,-1.224646799147E-16,0.));
#2418 = DIRECTION('',(1.224646799147E-16,1.,-1.110223024625E-16));
#2419 = ADVANCED_FACE('',(#2420),#2431,.F.);
#2420 = FACE_BOUND('',#2421,.F.);
#2421 = EDGE_LOOP('',(#2422,#2428,#2429,#2430));
#2422 = ORIENTED_EDGE('',*,*,#2423,.F.);
#2423 = EDGE_CURVE('',#1260,#1043,#2424,.T.);
#2424 = LINE('',#2425,#2426);
#2425 = CARTESIAN_POINT('',(4.75,-0.25,0.3));
#2426 = VECTOR('',#2427,1.);
#2427 = DIRECTION('',(1.359631073447E-32,1.110223024625E-16,1.));
#2428 = ORIENTED_EDGE('',*,*,#1259,.T.);
#2429 = ORIENTED_EDGE('',*,*,#2409,.T.);
#2430 = ORIENTED_EDGE('',*,*,#1050,.T.);
#2431 = PLANE('',#2432);
#2432 = AXIS2_PLACEMENT_3D('',#2433,#2434,#2435);
#2433 = CARTESIAN_POINT('',(4.,-0.25,2.55));
#2434 = DIRECTION('',(-1.224646799147E-16,-1.,1.110223024625E-16));
#2435 = DIRECTION('',(-1.,1.224646799147E-16,0.));
#2436 = ADVANCED_FACE('',(#2437),#2464,.F.);
#2437 = FACE_BOUND('',#2438,.F.);
#2438 = EDGE_LOOP('',(#2439,#2440,#2448,#2456,#2462,#2463));
#2439 = ORIENTED_EDGE('',*,*,#1042,.T.);
#2440 = ORIENTED_EDGE('',*,*,#2441,.T.);
#2441 = EDGE_CURVE('',#1035,#2442,#2444,.T.);
#2442 = VERTEX_POINT('',#2443);
#2443 = CARTESIAN_POINT('',(4.75,-0.35,3.6));
#2444 = LINE('',#2445,#2446);
#2445 = CARTESIAN_POINT('',(4.75,-0.45,4.8));
#2446 = VECTOR('',#2447,1.);
#2447 = DIRECTION('',(1.017013810865E-17,8.304547985373E-02,
    -0.996545758245));
#2448 = ORIENTED_EDGE('',*,*,#2449,.T.);
#2449 = EDGE_CURVE('',#2442,#2450,#2452,.T.);
#2450 = VERTEX_POINT('',#2451);
#2451 = CARTESIAN_POINT('',(4.75,-0.35,2.6));
#2452 = LINE('',#2453,#2454);
#2453 = CARTESIAN_POINT('',(4.75,-0.35,3.6));
#2454 = VECTOR('',#2455,1.);
#2455 = DIRECTION('',(-1.359631073447E-32,-1.110223024625E-16,-1.));
#2456 = ORIENTED_EDGE('',*,*,#2457,.T.);
#2457 = EDGE_CURVE('',#2450,#1268,#2458,.T.);
#2458 = LINE('',#2459,#2460);
#2459 = CARTESIAN_POINT('',(4.75,-0.35,2.6));
#2460 = VECTOR('',#2461,1.);
#2461 = DIRECTION('',(-5.319525767383E-18,-4.343722427631E-02,
    -0.999056158355));
#2462 = ORIENTED_EDGE('',*,*,#1267,.T.);
#2463 = ORIENTED_EDGE('',*,*,#2423,.T.);
#2464 = PLANE('',#2465);
#2465 = AXIS2_PLACEMENT_3D('',#2466,#2467,#2468);
#2466 = CARTESIAN_POINT('',(4.75,-0.320798035545,2.550475523299));
#2467 = DIRECTION('',(1.,-1.224646799147E-16,0.));
#2468 = DIRECTION('',(1.224646799147E-16,1.,-1.110223024625E-16));
#2469 = ADVANCED_FACE('',(#2470),#2488,.F.);
#2470 = FACE_BOUND('',#2471,.F.);
#2471 = EDGE_LOOP('',(#2472,#2473,#2481,#2487));
#2472 = ORIENTED_EDGE('',*,*,#1034,.T.);
#2473 = ORIENTED_EDGE('',*,*,#2474,.T.);
#2474 = EDGE_CURVE('',#1027,#2475,#2477,.T.);
#2475 = VERTEX_POINT('',#2476);
#2476 = CARTESIAN_POINT('',(3.25,-0.35,3.6));
#2477 = LINE('',#2478,#2479);
#2478 = CARTESIAN_POINT('',(3.25,-0.45,4.8));
#2479 = VECTOR('',#2480,1.);
#2480 = DIRECTION('',(1.017013810865E-17,8.304547985373E-02,
    -0.996545758245));
#2481 = ORIENTED_EDGE('',*,*,#2482,.F.);
#2482 = EDGE_CURVE('',#2442,#2475,#2483,.T.);
#2483 = LINE('',#2484,#2485);
#2484 = CARTESIAN_POINT('',(4.75,-0.35,3.6));
#2485 = VECTOR('',#2486,1.);
#2486 = DIRECTION('',(-1.,1.224646799147E-16,0.));
#2487 = ORIENTED_EDGE('',*,*,#2441,.F.);
#2488 = PLANE('',#2489);
#2489 = AXIS2_PLACEMENT_3D('',#2490,#2491,#2492);
#2490 = CARTESIAN_POINT('',(4.75,-0.45,4.8));
#2491 = DIRECTION('',(-1.220416573038E-16,-0.996545758245,
    -8.304547985373E-02));
#2492 = DIRECTION('',(1.017013810865E-17,8.304547985373E-02,
    -0.996545758245));
#2493 = ADVANCED_FACE('',(#2494),#2519,.T.);
#2494 = FACE_BOUND('',#2495,.T.);
#2495 = EDGE_LOOP('',(#2496,#2497,#2498,#2506,#2512,#2513));
#2496 = ORIENTED_EDGE('',*,*,#1026,.T.);
#2497 = ORIENTED_EDGE('',*,*,#2474,.T.);
#2498 = ORIENTED_EDGE('',*,*,#2499,.T.);
#2499 = EDGE_CURVE('',#2475,#2500,#2502,.T.);
#2500 = VERTEX_POINT('',#2501);
#2501 = CARTESIAN_POINT('',(3.25,-0.35,2.6));
#2502 = LINE('',#2503,#2504);
#2503 = CARTESIAN_POINT('',(3.25,-0.35,3.6));
#2504 = VECTOR('',#2505,1.);
#2505 = DIRECTION('',(-1.359631073447E-32,-1.110223024625E-16,-1.));
#2506 = ORIENTED_EDGE('',*,*,#2507,.T.);
#2507 = EDGE_CURVE('',#2500,#1276,#2508,.T.);
#2508 = LINE('',#2509,#2510);
#2509 = CARTESIAN_POINT('',(3.25,-0.35,2.6));
#2510 = VECTOR('',#2511,1.);
#2511 = DIRECTION('',(-5.319525767383E-18,-4.343722427631E-02,
    -0.999056158355));
#2512 = ORIENTED_EDGE('',*,*,#1283,.T.);
#2513 = ORIENTED_EDGE('',*,*,#2514,.T.);
#2514 = EDGE_CURVE('',#1284,#1019,#2515,.T.);
#2515 = LINE('',#2516,#2517);
#2516 = CARTESIAN_POINT('',(3.25,-0.25,0.3));
#2517 = VECTOR('',#2518,1.);
#2518 = DIRECTION('',(1.359631073447E-32,1.110223024625E-16,1.));
#2519 = PLANE('',#2520);
#2520 = AXIS2_PLACEMENT_3D('',#2521,#2522,#2523);
#2521 = CARTESIAN_POINT('',(3.25,-0.320798035545,2.550475523299));
#2522 = DIRECTION('',(1.,-1.224646799147E-16,0.));
#2523 = DIRECTION('',(1.224646799147E-16,1.,-1.110223024625E-16));
#2524 = ADVANCED_FACE('',(#2525),#2536,.F.);
#2525 = FACE_BOUND('',#2526,.F.);
#2526 = EDGE_LOOP('',(#2527,#2528,#2534,#2535));
#2527 = ORIENTED_EDGE('',*,*,#1018,.T.);
#2528 = ORIENTED_EDGE('',*,*,#2529,.F.);
#2529 = EDGE_CURVE('',#1292,#1011,#2530,.T.);
#2530 = LINE('',#2531,#2532);
#2531 = CARTESIAN_POINT('',(2.75,-0.25,0.3));
#2532 = VECTOR('',#2533,1.);
#2533 = DIRECTION('',(1.359631073447E-32,1.110223024625E-16,1.));
#2534 = ORIENTED_EDGE('',*,*,#1291,.T.);
#2535 = ORIENTED_EDGE('',*,*,#2514,.T.);
#2536 = PLANE('',#2537);
#2537 = AXIS2_PLACEMENT_3D('',#2538,#2539,#2540);
#2538 = CARTESIAN_POINT('',(4.,-0.25,2.55));
#2539 = DIRECTION('',(-1.224646799147E-16,-1.,1.110223024625E-16));
#2540 = DIRECTION('',(-1.,1.224646799147E-16,0.));
#2541 = ADVANCED_FACE('',(#2542),#2569,.F.);
#2542 = FACE_BOUND('',#2543,.F.);
#2543 = EDGE_LOOP('',(#2544,#2545,#2553,#2561,#2567,#2568));
#2544 = ORIENTED_EDGE('',*,*,#1010,.T.);
#2545 = ORIENTED_EDGE('',*,*,#2546,.T.);
#2546 = EDGE_CURVE('',#1003,#2547,#2549,.T.);
#2547 = VERTEX_POINT('',#2548);
#2548 = CARTESIAN_POINT('',(2.75,-0.35,3.6));
#2549 = LINE('',#2550,#2551);
#2550 = CARTESIAN_POINT('',(2.75,-0.45,4.8));
#2551 = VECTOR('',#2552,1.);
#2552 = DIRECTION('',(1.017013810865E-17,8.304547985373E-02,
    -0.996545758245));
#2553 = ORIENTED_EDGE('',*,*,#2554,.T.);
#2554 = EDGE_CURVE('',#2547,#2555,#2557,.T.);
#2555 = VERTEX_POINT('',#2556);
#2556 = CARTESIAN_POINT('',(2.75,-0.35,2.6));
#2557 = LINE('',#2558,#2559);
#2558 = CARTESIAN_POINT('',(2.75,-0.35,3.6));
#2559 = VECTOR('',#2560,1.);
#2560 = DIRECTION('',(-1.359631073447E-32,-1.110223024625E-16,-1.));
#2561 = ORIENTED_EDGE('',*,*,#2562,.T.);
#2562 = EDGE_CURVE('',#2555,#1300,#2563,.T.);
#2563 = LINE('',#2564,#2565);
#2564 = CARTESIAN_POINT('',(2.75,-0.35,2.6));
#2565 = VECTOR('',#2566,1.);
#2566 = DIRECTION('',(-5.319525767383E-18,-4.343722427631E-02,
    -0.999056158355));
#2567 = ORIENTED_EDGE('',*,*,#1299,.T.);
#2568 = ORIENTED_EDGE('',*,*,#2529,.T.);
#2569 = PLANE('',#2570);
#2570 = AXIS2_PLACEMENT_3D('',#2571,#2572,#2573);
#2571 = CARTESIAN_POINT('',(2.75,-0.320798035545,2.550475523299));
#2572 = DIRECTION('',(1.,-1.224646799147E-16,0.));
#2573 = DIRECTION('',(1.224646799147E-16,1.,-1.110223024625E-16));
#2574 = ADVANCED_FACE('',(#2575),#2593,.F.);
#2575 = FACE_BOUND('',#2576,.F.);
#2576 = EDGE_LOOP('',(#2577,#2578,#2586,#2592));
#2577 = ORIENTED_EDGE('',*,*,#1002,.T.);
#2578 = ORIENTED_EDGE('',*,*,#2579,.T.);
#2579 = EDGE_CURVE('',#995,#2580,#2582,.T.);
#2580 = VERTEX_POINT('',#2581);
#2581 = CARTESIAN_POINT('',(1.25,-0.35,3.6));
#2582 = LINE('',#2583,#2584);
#2583 = CARTESIAN_POINT('',(1.25,-0.45,4.8));
#2584 = VECTOR('',#2585,1.);
#2585 = DIRECTION('',(1.017013810865E-17,8.304547985373E-02,
    -0.996545758245));
#2586 = ORIENTED_EDGE('',*,*,#2587,.F.);
#2587 = EDGE_CURVE('',#2547,#2580,#2588,.T.);
#2588 = LINE('',#2589,#2590);
#2589 = CARTESIAN_POINT('',(2.75,-0.35,3.6));
#2590 = VECTOR('',#2591,1.);
#2591 = DIRECTION('',(-1.,1.224646799147E-16,0.));
#2592 = ORIENTED_EDGE('',*,*,#2546,.F.);
#2593 = PLANE('',#2594);
#2594 = AXIS2_PLACEMENT_3D('',#2595,#2596,#2597);
#2595 = CARTESIAN_POINT('',(2.75,-0.45,4.8));
#2596 = DIRECTION('',(-1.220416573038E-16,-0.996545758245,
    -8.304547985373E-02));
#2597 = DIRECTION('',(1.017013810865E-17,8.304547985373E-02,
    -0.996545758245));
#2598 = ADVANCED_FACE('',(#2599),#2624,.T.);
#2599 = FACE_BOUND('',#2600,.T.);
#2600 = EDGE_LOOP('',(#2601,#2602,#2603,#2611,#2617,#2618));
#2601 = ORIENTED_EDGE('',*,*,#994,.T.);
#2602 = ORIENTED_EDGE('',*,*,#2579,.T.);
#2603 = ORIENTED_EDGE('',*,*,#2604,.T.);
#2604 = EDGE_CURVE('',#2580,#2605,#2607,.T.);
#2605 = VERTEX_POINT('',#2606);
#2606 = CARTESIAN_POINT('',(1.25,-0.35,2.6));
#2607 = LINE('',#2608,#2609);
#2608 = CARTESIAN_POINT('',(1.25,-0.35,3.6));
#2609 = VECTOR('',#2610,1.);
#2610 = DIRECTION('',(-1.359631073447E-32,-1.110223024625E-16,-1.));
#2611 = ORIENTED_EDGE('',*,*,#2612,.T.);
#2612 = EDGE_CURVE('',#2605,#1308,#2613,.T.);
#2613 = LINE('',#2614,#2615);
#2614 = CARTESIAN_POINT('',(1.25,-0.35,2.6));
#2615 = VECTOR('',#2616,1.);
#2616 = DIRECTION('',(-5.319525767383E-18,-4.343722427631E-02,
    -0.999056158355));
#2617 = ORIENTED_EDGE('',*,*,#1315,.T.);
#2618 = ORIENTED_EDGE('',*,*,#2619,.T.);
#2619 = EDGE_CURVE('',#1316,#987,#2620,.T.);
#2620 = LINE('',#2621,#2622);
#2621 = CARTESIAN_POINT('',(1.25,-0.25,0.3));
#2622 = VECTOR('',#2623,1.);
#2623 = DIRECTION('',(1.359631073447E-32,1.110223024625E-16,1.));
#2624 = PLANE('',#2625);
#2625 = AXIS2_PLACEMENT_3D('',#2626,#2627,#2628);
#2626 = CARTESIAN_POINT('',(1.25,-0.320798035545,2.550475523299));
#2627 = DIRECTION('',(1.,-1.224646799147E-16,0.));
#2628 = DIRECTION('',(1.224646799147E-16,1.,-1.110223024625E-16));
#2629 = ADVANCED_FACE('',(#2630),#2641,.F.);
#2630 = FACE_BOUND('',#2631,.F.);
#2631 = EDGE_LOOP('',(#2632,#2633,#2634,#2640));
#2632 = ORIENTED_EDGE('',*,*,#2619,.T.);
#2633 = ORIENTED_EDGE('',*,*,#986,.T.);
#2634 = ORIENTED_EDGE('',*,*,#2635,.F.);
#2635 = EDGE_CURVE('',#1324,#979,#2636,.T.);
#2636 = LINE('',#2637,#2638);
#2637 = CARTESIAN_POINT('',(0.75,-0.25,0.3));
#2638 = VECTOR('',#2639,1.);
#2639 = DIRECTION('',(1.359631073447E-32,1.110223024625E-16,1.));
#2640 = ORIENTED_EDGE('',*,*,#1323,.T.);
#2641 = PLANE('',#2642);
#2642 = AXIS2_PLACEMENT_3D('',#2643,#2644,#2645);
#2643 = CARTESIAN_POINT('',(4.,-0.25,2.55));
#2644 = DIRECTION('',(-1.224646799147E-16,-1.,1.110223024625E-16));
#2645 = DIRECTION('',(-1.,1.224646799147E-16,0.));
#2646 = ADVANCED_FACE('',(#2647),#2674,.F.);
#2647 = FACE_BOUND('',#2648,.F.);
#2648 = EDGE_LOOP('',(#2649,#2650,#2658,#2666,#2672,#2673));
#2649 = ORIENTED_EDGE('',*,*,#978,.T.);
#2650 = ORIENTED_EDGE('',*,*,#2651,.T.);
#2651 = EDGE_CURVE('',#971,#2652,#2654,.T.);
#2652 = VERTEX_POINT('',#2653);
#2653 = CARTESIAN_POINT('',(0.75,-0.35,3.6));
#2654 = LINE('',#2655,#2656);
#2655 = CARTESIAN_POINT('',(0.75,-0.45,4.8));
#2656 = VECTOR('',#2657,1.);
#2657 = DIRECTION('',(1.017013810865E-17,8.304547985373E-02,
    -0.996545758245));
#2658 = ORIENTED_EDGE('',*,*,#2659,.T.);
#2659 = EDGE_CURVE('',#2652,#2660,#2662,.T.);
#2660 = VERTEX_POINT('',#2661);
#2661 = CARTESIAN_POINT('',(0.75,-0.35,2.6));
#2662 = LINE('',#2663,#2664);
#2663 = CARTESIAN_POINT('',(0.75,-0.35,3.6));
#2664 = VECTOR('',#2665,1.);
#2665 = DIRECTION('',(-1.359631073447E-32,-1.110223024625E-16,-1.));
#2666 = ORIENTED_EDGE('',*,*,#2667,.T.);
#2667 = EDGE_CURVE('',#2660,#1332,#2668,.T.);
#2668 = LINE('',#2669,#2670);
#2669 = CARTESIAN_POINT('',(0.75,-0.35,2.6));
#2670 = VECTOR('',#2671,1.);
#2671 = DIRECTION('',(-5.319525767383E-18,-4.343722427631E-02,
    -0.999056158355));
#2672 = ORIENTED_EDGE('',*,*,#1331,.T.);
#2673 = ORIENTED_EDGE('',*,*,#2635,.T.);
#2674 = PLANE('',#2675);
#2675 = AXIS2_PLACEMENT_3D('',#2676,#2677,#2678);
#2676 = CARTESIAN_POINT('',(0.75,-0.320798035545,2.550475523299));
#2677 = DIRECTION('',(1.,-1.224646799147E-16,0.));
#2678 = DIRECTION('',(1.224646799147E-16,1.,-1.110223024625E-16));
#2679 = ADVANCED_FACE('',(#2680),#2714,.F.);
#2680 = FACE_BOUND('',#2681,.F.);
#2681 = EDGE_LOOP('',(#2682,#2683,#2684,#2692,#2700,#2708));
#2682 = ORIENTED_EDGE('',*,*,#2651,.F.);
#2683 = ORIENTED_EDGE('',*,*,#970,.T.);
#2684 = ORIENTED_EDGE('',*,*,#2685,.T.);
#2685 = EDGE_CURVE('',#963,#2686,#2688,.T.);
#2686 = VERTEX_POINT('',#2687);
#2687 = CARTESIAN_POINT('',(-0.4,-0.4,4.2));
#2688 = LINE('',#2689,#2690);
#2689 = CARTESIAN_POINT('',(-0.4,-0.449310344828,4.791724137931));
#2690 = VECTOR('',#2691,1.);
#2691 = DIRECTION('',(1.017013810865E-17,8.304547985373E-02,
    -0.996545758245));
#2692 = ORIENTED_EDGE('',*,*,#2693,.F.);
#2693 = EDGE_CURVE('',#2694,#2686,#2696,.T.);
#2694 = VERTEX_POINT('',#2695);
#2695 = CARTESIAN_POINT('',(-0.75,-0.4,4.2));
#2696 = LINE('',#2697,#2698);
#2697 = CARTESIAN_POINT('',(-7.5E-02,-0.4,4.2));
#2698 = VECTOR('',#2699,1.);
#2699 = DIRECTION('',(1.,-1.224646799147E-16,-1.582936636138E-30));
#2700 = ORIENTED_EDGE('',*,*,#2701,.T.);
#2701 = EDGE_CURVE('',#2694,#2702,#2704,.T.);
#2702 = VERTEX_POINT('',#2703);
#2703 = CARTESIAN_POINT('',(-0.75,-0.35,3.6));
#2704 = LINE('',#2705,#2706);
#2705 = CARTESIAN_POINT('',(-0.75,-0.45,4.8));
#2706 = VECTOR('',#2707,1.);
#2707 = DIRECTION('',(1.017013810865E-17,8.304547985373E-02,
    -0.996545758245));
#2708 = ORIENTED_EDGE('',*,*,#2709,.F.);
#2709 = EDGE_CURVE('',#2652,#2702,#2710,.T.);
#2710 = LINE('',#2711,#2712);
#2711 = CARTESIAN_POINT('',(0.75,-0.35,3.6));
#2712 = VECTOR('',#2713,1.);
#2713 = DIRECTION('',(-1.,1.224646799147E-16,0.));
#2714 = PLANE('',#2715);
#2715 = AXIS2_PLACEMENT_3D('',#2716,#2717,#2718);
#2716 = CARTESIAN_POINT('',(0.75,-0.45,4.8));
#2717 = DIRECTION('',(-1.220416573038E-16,-0.996545758245,
    -8.304547985373E-02));
#2718 = DIRECTION('',(1.017013810865E-17,8.304547985373E-02,
    -0.996545758245));
#2719 = ADVANCED_FACE('',(#2720),#2737,.T.);
#2720 = FACE_BOUND('',#2721,.T.);
#2721 = EDGE_LOOP('',(#2722,#2723,#2724,#2730,#2731));
#2722 = ORIENTED_EDGE('',*,*,#962,.F.);
#2723 = ORIENTED_EDGE('',*,*,#2685,.T.);
#2724 = ORIENTED_EDGE('',*,*,#2725,.T.);
#2725 = EDGE_CURVE('',#2686,#1773,#2726,.T.);
#2726 = LINE('',#2727,#2728);
#2727 = CARTESIAN_POINT('',(-0.4,-0.25,4.2));
#2728 = VECTOR('',#2729,1.);
#2729 = DIRECTION('',(-1.224646799147E-16,-1.,1.110223024625E-16));
#2730 = ORIENTED_EDGE('',*,*,#1780,.T.);
#2731 = ORIENTED_EDGE('',*,*,#2732,.F.);
#2732 = EDGE_CURVE('',#955,#1781,#2733,.T.);
#2733 = LINE('',#2734,#2735);
#2734 = CARTESIAN_POINT('',(-0.4,-4.45,4.8));
#2735 = VECTOR('',#2736,1.);
#2736 = DIRECTION('',(-1.359631073447E-32,-1.110223024625E-16,-1.));
#2737 = PLANE('',#2738);
#2738 = AXIS2_PLACEMENT_3D('',#2739,#2740,#2741);
#2739 = CARTESIAN_POINT('',(-0.4,-0.25,4.8));
#2740 = DIRECTION('',(-1.,1.224646799147E-16,0.));
#2741 = DIRECTION('',(-1.224646799147E-16,-1.,1.110223024625E-16));
#2742 = ADVANCED_FACE('',(#2743),#2786,.T.);
#2743 = FACE_BOUND('',#2744,.T.);
#2744 = EDGE_LOOP('',(#2745,#2746,#2747,#2748,#2756,#2764,#2772,#2780));
#2745 = ORIENTED_EDGE('',*,*,#954,.F.);
#2746 = ORIENTED_EDGE('',*,*,#2732,.T.);
#2747 = ORIENTED_EDGE('',*,*,#1788,.T.);
#2748 = ORIENTED_EDGE('',*,*,#2749,.F.);
#2749 = EDGE_CURVE('',#2750,#1789,#2752,.T.);
#2750 = VERTEX_POINT('',#2751);
#2751 = CARTESIAN_POINT('',(-1.4,-4.45,4.8));
#2752 = LINE('',#2753,#2754);
#2753 = CARTESIAN_POINT('',(-1.4,-4.45,4.8));
#2754 = VECTOR('',#2755,1.);
#2755 = DIRECTION('',(-1.359631073447E-32,-1.110223024625E-16,-1.));
#2756 = ORIENTED_EDGE('',*,*,#2757,.F.);
#2757 = EDGE_CURVE('',#2758,#2750,#2760,.T.);
#2758 = VERTEX_POINT('',#2759);
#2759 = CARTESIAN_POINT('',(-0.95,-4.45,4.8));
#2760 = LINE('',#2761,#2762);
#2761 = CARTESIAN_POINT('',(-0.4,-4.45,4.8));
#2762 = VECTOR('',#2763,1.);
#2763 = DIRECTION('',(-1.,1.224646799147E-16,0.));
#2764 = ORIENTED_EDGE('',*,*,#2765,.F.);
#2765 = EDGE_CURVE('',#2766,#2758,#2768,.T.);
#2766 = VERTEX_POINT('',#2767);
#2767 = CARTESIAN_POINT('',(-0.95,-4.45,4.85));
#2768 = LINE('',#2769,#2770);
#2769 = CARTESIAN_POINT('',(-0.95,-4.45,4.85));
#2770 = VECTOR('',#2771,1.);
#2771 = DIRECTION('',(-1.359631073447E-32,-1.110223024625E-16,-1.));
#2772 = ORIENTED_EDGE('',*,*,#2773,.F.);
#2773 = EDGE_CURVE('',#2774,#2766,#2776,.T.);
#2774 = VERTEX_POINT('',#2775);
#2775 = CARTESIAN_POINT('',(-0.45,-4.45,4.85));
#2776 = LINE('',#2777,#2778);
#2777 = CARTESIAN_POINT('',(-0.45,-4.45,4.85));
#2778 = VECTOR('',#2779,1.);
#2779 = DIRECTION('',(-1.,1.224646799147E-16,0.));
#2780 = ORIENTED_EDGE('',*,*,#2781,.F.);
#2781 = EDGE_CURVE('',#947,#2774,#2782,.T.);
#2782 = LINE('',#2783,#2784);
#2783 = CARTESIAN_POINT('',(-0.45,-4.45,4.8));
#2784 = VECTOR('',#2785,1.);
#2785 = DIRECTION('',(1.359631073447E-32,1.110223024625E-16,1.));
#2786 = PLANE('',#2787);
#2787 = AXIS2_PLACEMENT_3D('',#2788,#2789,#2790);
#2788 = CARTESIAN_POINT('',(-0.893939393939,-4.45,4.517424242424));
#2789 = DIRECTION('',(1.224646799147E-16,1.,-1.110223024625E-16));
#2790 = DIRECTION('',(1.359631073447E-32,1.110223024625E-16,1.));
#2791 = ADVANCED_FACE('',(#2792),#2810,.F.);
#2792 = FACE_BOUND('',#2793,.F.);
#2793 = EDGE_LOOP('',(#2794,#2795,#2803,#2809));
#2794 = ORIENTED_EDGE('',*,*,#946,.T.);
#2795 = ORIENTED_EDGE('',*,*,#2796,.T.);
#2796 = EDGE_CURVE('',#939,#2797,#2799,.T.);
#2797 = VERTEX_POINT('',#2798);
#2798 = CARTESIAN_POINT('',(-0.45,-6.25,4.85));
#2799 = LINE('',#2800,#2801);
#2800 = CARTESIAN_POINT('',(-0.45,-6.25,4.8));
#2801 = VECTOR('',#2802,1.);
#2802 = DIRECTION('',(1.359631073447E-32,1.110223024625E-16,1.));
#2803 = ORIENTED_EDGE('',*,*,#2804,.F.);
#2804 = EDGE_CURVE('',#2774,#2797,#2805,.T.);
#2805 = LINE('',#2806,#2807);
#2806 = CARTESIAN_POINT('',(-0.45,-4.45,4.85));
#2807 = VECTOR('',#2808,1.);
#2808 = DIRECTION('',(-1.224646799147E-16,-1.,1.110223024625E-16));
#2809 = ORIENTED_EDGE('',*,*,#2781,.F.);
#2810 = PLANE('',#2811);
#2811 = AXIS2_PLACEMENT_3D('',#2812,#2813,#2814);
#2812 = CARTESIAN_POINT('',(-0.45,-4.45,4.8));
#2813 = DIRECTION('',(-1.,1.224646799147E-16,0.));
#2814 = DIRECTION('',(1.359631073446E-32,1.110223024625E-16,1.));
#2815 = ADVANCED_FACE('',(#2816),#2857,.T.);
#2816 = FACE_BOUND('',#2817,.T.);
#2817 = EDGE_LOOP('',(#2818,#2824,#2825,#2826,#2834,#2842,#2848,#2849,
    #2855,#2856));
#2818 = ORIENTED_EDGE('',*,*,#2819,.F.);
#2819 = EDGE_CURVE('',#931,#1812,#2820,.T.);
#2820 = LINE('',#2821,#2822);
#2821 = CARTESIAN_POINT('',(0.55,-6.25,4.8));
#2822 = VECTOR('',#2823,1.);
#2823 = DIRECTION('',(-1.359631073447E-32,-1.110223024625E-16,-1.));
#2824 = ORIENTED_EDGE('',*,*,#938,.T.);
#2825 = ORIENTED_EDGE('',*,*,#2796,.T.);
#2826 = ORIENTED_EDGE('',*,*,#2827,.T.);
#2827 = EDGE_CURVE('',#2797,#2828,#2830,.T.);
#2828 = VERTEX_POINT('',#2829);
#2829 = CARTESIAN_POINT('',(-0.95,-6.25,4.85));
#2830 = LINE('',#2831,#2832);
#2831 = CARTESIAN_POINT('',(-0.45,-6.25,4.85));
#2832 = VECTOR('',#2833,1.);
#2833 = DIRECTION('',(-1.,1.224646799147E-16,0.));
#2834 = ORIENTED_EDGE('',*,*,#2835,.T.);
#2835 = EDGE_CURVE('',#2828,#2836,#2838,.T.);
#2836 = VERTEX_POINT('',#2837);
#2837 = CARTESIAN_POINT('',(-0.95,-6.25,4.8));
#2838 = LINE('',#2839,#2840);
#2839 = CARTESIAN_POINT('',(-0.95,-6.25,4.85));
#2840 = VECTOR('',#2841,1.);
#2841 = DIRECTION('',(-1.359631073447E-32,-1.110223024625E-16,-1.));
#2842 = ORIENTED_EDGE('',*,*,#2843,.T.);
#2843 = EDGE_CURVE('',#2836,#1660,#2844,.T.);
#2844 = LINE('',#2845,#2846);
#2845 = CARTESIAN_POINT('',(9.95,-6.25,4.8));
#2846 = VECTOR('',#2847,1.);
#2847 = DIRECTION('',(-1.,1.224646799147E-16,0.));
#2848 = ORIENTED_EDGE('',*,*,#1659,.T.);
#2849 = ORIENTED_EDGE('',*,*,#2850,.F.);
#2850 = EDGE_CURVE('',#1530,#1652,#2851,.T.);
#2851 = LINE('',#2852,#2853);
#2852 = CARTESIAN_POINT('',(9.95,-6.25,3.3));
#2853 = VECTOR('',#2854,1.);
#2854 = DIRECTION('',(-1.,1.224646799147E-16,0.));
#2855 = ORIENTED_EDGE('',*,*,#1527,.F.);
#2856 = ORIENTED_EDGE('',*,*,#1811,.F.);
#2857 = PLANE('',#2858);
#2858 = AXIS2_PLACEMENT_3D('',#2859,#2860,#2861);
#2859 = CARTESIAN_POINT('',(-0.922222222222,-6.25,4.28487654321));
#2860 = DIRECTION('',(-1.224646799147E-16,-1.,1.110223024625E-16));
#2861 = DIRECTION('',(-1.359631073447E-32,-1.110223024625E-16,-1.));
#2862 = ADVANCED_FACE('',(#2863),#2874,.F.);
#2863 = FACE_BOUND('',#2864,.F.);
#2864 = EDGE_LOOP('',(#2865,#2866,#2872,#2873));
#2865 = ORIENTED_EDGE('',*,*,#930,.F.);
#2866 = ORIENTED_EDGE('',*,*,#2867,.T.);
#2867 = EDGE_CURVE('',#923,#1820,#2868,.T.);
#2868 = LINE('',#2869,#2870);
#2869 = CARTESIAN_POINT('',(0.55,-2.35,4.8));
#2870 = VECTOR('',#2871,1.);
#2871 = DIRECTION('',(-1.359631073447E-32,-1.110223024625E-16,-1.));
#2872 = ORIENTED_EDGE('',*,*,#1819,.T.);
#2873 = ORIENTED_EDGE('',*,*,#2819,.F.);
#2874 = PLANE('',#2875);
#2875 = AXIS2_PLACEMENT_3D('',#2876,#2877,#2878);
#2876 = CARTESIAN_POINT('',(0.55,-2.35,4.8));
#2877 = DIRECTION('',(-1.,1.224646799147E-16,0.));
#2878 = DIRECTION('',(-1.224646799147E-16,-1.,1.110223024625E-16));
#2879 = ADVANCED_FACE('',(#2880),#2891,.F.);
#2880 = FACE_BOUND('',#2881,.F.);
#2881 = EDGE_LOOP('',(#2882,#2883,#2889,#2890));
#2882 = ORIENTED_EDGE('',*,*,#922,.F.);
#2883 = ORIENTED_EDGE('',*,*,#2884,.T.);
#2884 = EDGE_CURVE('',#915,#1828,#2885,.T.);
#2885 = LINE('',#2886,#2887);
#2886 = CARTESIAN_POINT('',(7.45,-2.35,4.8));
#2887 = VECTOR('',#2888,1.);
#2888 = DIRECTION('',(-1.359631073447E-32,-1.110223024625E-16,-1.));
#2889 = ORIENTED_EDGE('',*,*,#1827,.T.);
#2890 = ORIENTED_EDGE('',*,*,#2867,.F.);
#2891 = PLANE('',#2892);
#2892 = AXIS2_PLACEMENT_3D('',#2893,#2894,#2895);
#2893 = CARTESIAN_POINT('',(7.45,-2.35,4.8));
#2894 = DIRECTION('',(1.224646799147E-16,1.,-1.110223024625E-16));
#2895 = DIRECTION('',(-1.,1.224646799147E-16,0.));
#2896 = ADVANCED_FACE('',(#2897),#2903,.F.);
#2897 = FACE_BOUND('',#2898,.F.);
#2898 = EDGE_LOOP('',(#2899,#2900,#2901,#2902));
#2899 = ORIENTED_EDGE('',*,*,#914,.F.);
#2900 = ORIENTED_EDGE('',*,*,#1144,.T.);
#2901 = ORIENTED_EDGE('',*,*,#1835,.T.);
#2902 = ORIENTED_EDGE('',*,*,#2884,.F.);
#2903 = PLANE('',#2904);
#2904 = AXIS2_PLACEMENT_3D('',#2905,#2906,#2907);
#2905 = CARTESIAN_POINT('',(7.45,-6.25,4.8));
#2906 = DIRECTION('',(1.,-1.224646799147E-16,-0.));
#2907 = DIRECTION('',(1.224646799147E-16,1.,-1.110223024625E-16));
#2908 = ADVANCED_FACE('',(#2909),#2950,.F.);
#2909 = FACE_BOUND('',#2910,.F.);
#2910 = EDGE_LOOP('',(#2911,#2912,#2913,#2921,#2929,#2937,#2943,#2944));
#2911 = ORIENTED_EDGE('',*,*,#1705,.F.);
#2912 = ORIENTED_EDGE('',*,*,#1179,.T.);
#2913 = ORIENTED_EDGE('',*,*,#2914,.T.);
#2914 = EDGE_CURVE('',#1182,#2915,#2917,.T.);
#2915 = VERTEX_POINT('',#2916);
#2916 = CARTESIAN_POINT('',(-0.75,-0.25,4.2));
#2917 = LINE('',#2918,#2919);
#2918 = CARTESIAN_POINT('',(-0.75,-0.25,0.3));
#2919 = VECTOR('',#2920,1.);
#2920 = DIRECTION('',(1.359631073447E-32,1.110223024625E-16,1.));
#2921 = ORIENTED_EDGE('',*,*,#2922,.F.);
#2922 = EDGE_CURVE('',#2923,#2915,#2925,.T.);
#2923 = VERTEX_POINT('',#2924);
#2924 = CARTESIAN_POINT('',(-1.4,-0.25,4.2));
#2925 = LINE('',#2926,#2927);
#2926 = CARTESIAN_POINT('',(-1.4,-0.25,4.2));
#2927 = VECTOR('',#2928,1.);
#2928 = DIRECTION('',(1.,-1.224646799147E-16,0.));
#2929 = ORIENTED_EDGE('',*,*,#2930,.F.);
#2930 = EDGE_CURVE('',#2931,#2923,#2933,.T.);
#2931 = VERTEX_POINT('',#2932);
#2932 = CARTESIAN_POINT('',(-1.4,-0.25,4.8));
#2933 = LINE('',#2934,#2935);
#2934 = CARTESIAN_POINT('',(-1.4,-0.25,4.8));
#2935 = VECTOR('',#2936,1.);
#2936 = DIRECTION('',(-1.359631073447E-32,-1.110223024625E-16,-1.));
#2937 = ORIENTED_EDGE('',*,*,#2938,.T.);
#2938 = EDGE_CURVE('',#2931,#1609,#2939,.T.);
#2939 = LINE('',#2940,#2941);
#2940 = CARTESIAN_POINT('',(9.95,-0.25,4.8));
#2941 = VECTOR('',#2942,1.);
#2942 = DIRECTION('',(-1.,1.224646799147E-16,0.));
#2943 = ORIENTED_EDGE('',*,*,#1608,.T.);
#2944 = ORIENTED_EDGE('',*,*,#2945,.F.);
#2945 = EDGE_CURVE('',#1706,#1611,#2946,.T.);
#2946 = LINE('',#2947,#2948);
#2947 = CARTESIAN_POINT('',(-0.95,-0.25,4.1));
#2948 = VECTOR('',#2949,1.);
#2949 = DIRECTION('',(-1.,1.224646799147E-16,0.));
#2950 = PLANE('',#2951);
#2951 = AXIS2_PLACEMENT_3D('',#2952,#2953,#2954);
#2952 = CARTESIAN_POINT('',(4.,-0.25,2.55));
#2953 = DIRECTION('',(-1.224646799147E-16,-1.,1.110223024625E-16));
#2954 = DIRECTION('',(-1.,1.224646799147E-16,0.));
#2955 = ADVANCED_FACE('',(#2956),#2981,.T.);
#2956 = FACE_BOUND('',#2957,.T.);
#2957 = EDGE_LOOP('',(#2958,#2959,#2965,#2966,#2974,#2980));
#2958 = ORIENTED_EDGE('',*,*,#2914,.T.);
#2959 = ORIENTED_EDGE('',*,*,#2960,.F.);
#2960 = EDGE_CURVE('',#2694,#2915,#2961,.T.);
#2961 = LINE('',#2962,#2963);
#2962 = CARTESIAN_POINT('',(-0.75,-1.335399017773,4.2));
#2963 = VECTOR('',#2964,1.);
#2964 = DIRECTION('',(1.224646799147E-16,1.,-1.110223024625E-16));
#2965 = ORIENTED_EDGE('',*,*,#2701,.T.);
#2966 = ORIENTED_EDGE('',*,*,#2967,.T.);
#2967 = EDGE_CURVE('',#2702,#2968,#2970,.T.);
#2968 = VERTEX_POINT('',#2969);
#2969 = CARTESIAN_POINT('',(-0.75,-0.35,2.6));
#2970 = LINE('',#2971,#2972);
#2971 = CARTESIAN_POINT('',(-0.75,-0.35,3.6));
#2972 = VECTOR('',#2973,1.);
#2973 = DIRECTION('',(-1.359631073447E-32,-1.110223024625E-16,-1.));
#2974 = ORIENTED_EDGE('',*,*,#2975,.T.);
#2975 = EDGE_CURVE('',#2968,#1340,#2976,.T.);
#2976 = LINE('',#2977,#2978);
#2977 = CARTESIAN_POINT('',(-0.75,-0.35,2.6));
#2978 = VECTOR('',#2979,1.);
#2979 = DIRECTION('',(-5.319525767383E-18,-4.343722427631E-02,
    -0.999056158355));
#2980 = ORIENTED_EDGE('',*,*,#1347,.T.);
#2981 = PLANE('',#2982);
#2982 = AXIS2_PLACEMENT_3D('',#2983,#2984,#2985);
#2983 = CARTESIAN_POINT('',(-0.75,-0.320798035545,2.550475523299));
#2984 = DIRECTION('',(1.,-1.224646799147E-16,0.));
#2985 = DIRECTION('',(1.224646799147E-16,1.,-1.110223024625E-16));
#2986 = ADVANCED_FACE('',(#2987),#2998,.F.);
#2987 = FACE_BOUND('',#2988,.F.);
#2988 = EDGE_LOOP('',(#2989,#2995,#2996,#2997));
#2989 = ORIENTED_EDGE('',*,*,#2990,.T.);
#2990 = EDGE_CURVE('',#2660,#2968,#2991,.T.);
#2991 = LINE('',#2992,#2993);
#2992 = CARTESIAN_POINT('',(0.75,-0.35,2.6));
#2993 = VECTOR('',#2994,1.);
#2994 = DIRECTION('',(-1.,1.224646799147E-16,0.));
#2995 = ORIENTED_EDGE('',*,*,#2975,.T.);
#2996 = ORIENTED_EDGE('',*,*,#1339,.F.);
#2997 = ORIENTED_EDGE('',*,*,#2667,.F.);
#2998 = PLANE('',#2999);
#2999 = AXIS2_PLACEMENT_3D('',#3000,#3001,#3002);
#3000 = CARTESIAN_POINT('',(0.75,-0.35,2.6));
#3001 = DIRECTION('',(-1.223490926498E-16,-0.999056158355,
    4.343722427631E-02));
#3002 = DIRECTION('',(-5.319525767383E-18,-4.343722427631E-02,
    -0.999056158355));
#3003 = ADVANCED_FACE('',(#3004),#3015,.F.);
#3004 = FACE_BOUND('',#3005,.F.);
#3005 = EDGE_LOOP('',(#3006,#3012,#3013,#3014));
#3006 = ORIENTED_EDGE('',*,*,#3007,.T.);
#3007 = EDGE_CURVE('',#2555,#2605,#3008,.T.);
#3008 = LINE('',#3009,#3010);
#3009 = CARTESIAN_POINT('',(2.75,-0.35,2.6));
#3010 = VECTOR('',#3011,1.);
#3011 = DIRECTION('',(-1.,1.224646799147E-16,0.));
#3012 = ORIENTED_EDGE('',*,*,#2612,.T.);
#3013 = ORIENTED_EDGE('',*,*,#1307,.F.);
#3014 = ORIENTED_EDGE('',*,*,#2562,.F.);
#3015 = PLANE('',#3016);
#3016 = AXIS2_PLACEMENT_3D('',#3017,#3018,#3019);
#3017 = CARTESIAN_POINT('',(2.75,-0.35,2.6));
#3018 = DIRECTION('',(-1.223490926498E-16,-0.999056158355,
    4.343722427631E-02));
#3019 = DIRECTION('',(-5.319525767383E-18,-4.343722427631E-02,
    -0.999056158355));
#3020 = ADVANCED_FACE('',(#3021),#3032,.F.);
#3021 = FACE_BOUND('',#3022,.F.);
#3022 = EDGE_LOOP('',(#3023,#3029,#3030,#3031));
#3023 = ORIENTED_EDGE('',*,*,#3024,.T.);
#3024 = EDGE_CURVE('',#2450,#2500,#3025,.T.);
#3025 = LINE('',#3026,#3027);
#3026 = CARTESIAN_POINT('',(4.75,-0.35,2.6));
#3027 = VECTOR('',#3028,1.);
#3028 = DIRECTION('',(-1.,1.224646799147E-16,0.));
#3029 = ORIENTED_EDGE('',*,*,#2507,.T.);
#3030 = ORIENTED_EDGE('',*,*,#1275,.F.);
#3031 = ORIENTED_EDGE('',*,*,#2457,.F.);
#3032 = PLANE('',#3033);
#3033 = AXIS2_PLACEMENT_3D('',#3034,#3035,#3036);
#3034 = CARTESIAN_POINT('',(4.75,-0.35,2.6));
#3035 = DIRECTION('',(-1.223490926498E-16,-0.999056158355,
    4.343722427631E-02));
#3036 = DIRECTION('',(-5.319525767383E-18,-4.343722427631E-02,
    -0.999056158355));
#3037 = ADVANCED_FACE('',(#3038),#3049,.F.);
#3038 = FACE_BOUND('',#3039,.F.);
#3039 = EDGE_LOOP('',(#3040,#3046,#3047,#3048));
#3040 = ORIENTED_EDGE('',*,*,#3041,.T.);
#3041 = EDGE_CURVE('',#2345,#2395,#3042,.T.);
#3042 = LINE('',#3043,#3044);
#3043 = CARTESIAN_POINT('',(6.75,-0.35,2.6));
#3044 = VECTOR('',#3045,1.);
#3045 = DIRECTION('',(-1.,1.224646799147E-16,0.));
#3046 = ORIENTED_EDGE('',*,*,#2402,.T.);
#3047 = ORIENTED_EDGE('',*,*,#1243,.F.);
#3048 = ORIENTED_EDGE('',*,*,#2352,.F.);
#3049 = PLANE('',#3050);
#3050 = AXIS2_PLACEMENT_3D('',#3051,#3052,#3053);
#3051 = CARTESIAN_POINT('',(6.75,-0.35,2.6));
#3052 = DIRECTION('',(-1.223490926498E-16,-0.999056158355,
    4.343722427631E-02));
#3053 = DIRECTION('',(-5.319525767383E-18,-4.343722427631E-02,
    -0.999056158355));
#3054 = ADVANCED_FACE('',(#3055),#3066,.F.);
#3055 = FACE_BOUND('',#3056,.F.);
#3056 = EDGE_LOOP('',(#3057,#3063,#3064,#3065));
#3057 = ORIENTED_EDGE('',*,*,#3058,.T.);
#3058 = EDGE_CURVE('',#2155,#2290,#3059,.T.);
#3059 = LINE('',#3060,#3061);
#3060 = CARTESIAN_POINT('',(8.75,-0.35,2.6));
#3061 = VECTOR('',#3062,1.);
#3062 = DIRECTION('',(-1.,1.224646799147E-16,0.));
#3063 = ORIENTED_EDGE('',*,*,#2297,.T.);
#3064 = ORIENTED_EDGE('',*,*,#1211,.F.);
#3065 = ORIENTED_EDGE('',*,*,#2162,.F.);
#3066 = PLANE('',#3067);
#3067 = AXIS2_PLACEMENT_3D('',#3068,#3069,#3070);
#3068 = CARTESIAN_POINT('',(8.75,-0.35,2.6));
#3069 = DIRECTION('',(-1.223490926498E-16,-0.999056158355,
    4.343722427631E-02));
#3070 = DIRECTION('',(-5.319525767383E-18,-4.343722427631E-02,
    -0.999056158355));
#3071 = ADVANCED_FACE('',(#3072),#3090,.F.);
#3072 = FACE_BOUND('',#3073,.F.);
#3073 = EDGE_LOOP('',(#3074,#3075,#3083,#3089));
#3074 = ORIENTED_EDGE('',*,*,#1504,.T.);
#3075 = ORIENTED_EDGE('',*,*,#3076,.T.);
#3076 = EDGE_CURVE('',#1497,#3077,#3079,.T.);
#3077 = VERTEX_POINT('',#3078);
#3078 = CARTESIAN_POINT('',(7.2,-3.95,1.1));
#3079 = LINE('',#3080,#3081);
#3080 = CARTESIAN_POINT('',(7.2,-3.95,0.8));
#3081 = VECTOR('',#3082,1.);
#3082 = DIRECTION('',(1.359631073447E-32,1.110223024625E-16,1.));
#3083 = ORIENTED_EDGE('',*,*,#3084,.F.);
#3084 = EDGE_CURVE('',#1850,#3077,#3085,.T.);
#3085 = LINE('',#3086,#3087);
#3086 = CARTESIAN_POINT('',(7.2,-2.05,1.1));
#3087 = VECTOR('',#3088,1.);
#3088 = DIRECTION('',(-1.224646799147E-16,-1.,1.110223024625E-16));
#3089 = ORIENTED_EDGE('',*,*,#1849,.F.);
#3090 = PLANE('',#3091);
#3091 = AXIS2_PLACEMENT_3D('',#3092,#3093,#3094);
#3092 = CARTESIAN_POINT('',(7.2,-2.05,0.8));
#3093 = DIRECTION('',(-1.,1.224646799147E-16,0.));
#3094 = DIRECTION('',(1.359631073446E-32,1.110223024625E-16,1.));
#3095 = ADVANCED_FACE('',(#3096),#3114,.T.);
#3096 = FACE_BOUND('',#3097,.T.);
#3097 = EDGE_LOOP('',(#3098,#3106,#3112,#3113));
#3098 = ORIENTED_EDGE('',*,*,#3099,.T.);
#3099 = EDGE_CURVE('',#3077,#3100,#3102,.T.);
#3100 = VERTEX_POINT('',#3101);
#3101 = CARTESIAN_POINT('',(6.8,-3.95,1.1));
#3102 = LINE('',#3103,#3104);
#3103 = CARTESIAN_POINT('',(7.2,-3.95,1.1));
#3104 = VECTOR('',#3105,1.);
#3105 = DIRECTION('',(-1.,1.224646799147E-16,0.));
#3106 = ORIENTED_EDGE('',*,*,#3107,.T.);
#3107 = EDGE_CURVE('',#3100,#1489,#3108,.T.);
#3108 = LINE('',#3109,#3110);
#3109 = CARTESIAN_POINT('',(6.8,-3.95,1.1));
#3110 = VECTOR('',#3111,1.);
#3111 = DIRECTION('',(-1.359631073447E-32,-1.110223024625E-16,-1.));
#3112 = ORIENTED_EDGE('',*,*,#1496,.T.);
#3113 = ORIENTED_EDGE('',*,*,#3076,.T.);
#3114 = PLANE('',#3115);
#3115 = AXIS2_PLACEMENT_3D('',#3116,#3117,#3118);
#3116 = CARTESIAN_POINT('',(7.,-3.95,0.95));
#3117 = DIRECTION('',(-1.224646799147E-16,-1.,1.110223024625E-16));
#3118 = DIRECTION('',(-1.,1.224646799147E-16,0.));
#3119 = ADVANCED_FACE('',(#3120),#3131,.F.);
#3120 = FACE_BOUND('',#3121,.F.);
#3121 = EDGE_LOOP('',(#3122,#3128,#3129,#3130));
#3122 = ORIENTED_EDGE('',*,*,#3123,.T.);
#3123 = EDGE_CURVE('',#1946,#3100,#3124,.T.);
#3124 = LINE('',#3125,#3126);
#3125 = CARTESIAN_POINT('',(6.8,-2.05,1.1));
#3126 = VECTOR('',#3127,1.);
#3127 = DIRECTION('',(-1.224646799147E-16,-1.,1.110223024625E-16));
#3128 = ORIENTED_EDGE('',*,*,#3107,.T.);
#3129 = ORIENTED_EDGE('',*,*,#1488,.F.);
#3130 = ORIENTED_EDGE('',*,*,#1945,.F.);
#3131 = PLANE('',#3132);
#3132 = AXIS2_PLACEMENT_3D('',#3133,#3134,#3135);
#3133 = CARTESIAN_POINT('',(6.8,-2.05,1.1));
#3134 = DIRECTION('',(1.,-1.224646799147E-16,0.));
#3135 = DIRECTION('',(-1.359631073446E-32,-1.110223024625E-16,-1.));
#3136 = ADVANCED_FACE('',(#3137),#3155,.F.);
#3137 = FACE_BOUND('',#3138,.F.);
#3138 = EDGE_LOOP('',(#3139,#3140,#3148,#3154));
#3139 = ORIENTED_EDGE('',*,*,#1472,.T.);
#3140 = ORIENTED_EDGE('',*,*,#3141,.T.);
#3141 = EDGE_CURVE('',#1465,#3142,#3144,.T.);
#3142 = VERTEX_POINT('',#3143);
#3143 = CARTESIAN_POINT('',(5.2,-3.95,1.1));
#3144 = LINE('',#3145,#3146);
#3145 = CARTESIAN_POINT('',(5.2,-3.95,0.8));
#3146 = VECTOR('',#3147,1.);
#3147 = DIRECTION('',(1.359631073447E-32,1.110223024625E-16,1.));
#3148 = ORIENTED_EDGE('',*,*,#3149,.F.);
#3149 = EDGE_CURVE('',#1931,#3142,#3150,.T.);
#3150 = LINE('',#3151,#3152);
#3151 = CARTESIAN_POINT('',(5.2,-2.05,1.1));
#3152 = VECTOR('',#3153,1.);
#3153 = DIRECTION('',(-1.224646799147E-16,-1.,1.110223024625E-16));
#3154 = ORIENTED_EDGE('',*,*,#1938,.F.);
#3155 = PLANE('',#3156);
#3156 = AXIS2_PLACEMENT_3D('',#3157,#3158,#3159);
#3157 = CARTESIAN_POINT('',(5.2,-2.05,0.8));
#3158 = DIRECTION('',(-1.,1.224646799147E-16,0.));
#3159 = DIRECTION('',(1.359631073446E-32,1.110223024625E-16,1.));
#3160 = ADVANCED_FACE('',(#3161),#3179,.T.);
#3161 = FACE_BOUND('',#3162,.T.);
#3162 = EDGE_LOOP('',(#3163,#3171,#3177,#3178));
#3163 = ORIENTED_EDGE('',*,*,#3164,.T.);
#3164 = EDGE_CURVE('',#3142,#3165,#3167,.T.);
#3165 = VERTEX_POINT('',#3166);
#3166 = CARTESIAN_POINT('',(4.8,-3.95,1.1));
#3167 = LINE('',#3168,#3169);
#3168 = CARTESIAN_POINT('',(5.2,-3.95,1.1));
#3169 = VECTOR('',#3170,1.);
#3170 = DIRECTION('',(-1.,1.224646799147E-16,0.));
#3171 = ORIENTED_EDGE('',*,*,#3172,.T.);
#3172 = EDGE_CURVE('',#3165,#1457,#3173,.T.);
#3173 = LINE('',#3174,#3175);
#3174 = CARTESIAN_POINT('',(4.8,-3.95,1.1));
#3175 = VECTOR('',#3176,1.);
#3176 = DIRECTION('',(-1.359631073447E-32,-1.110223024625E-16,-1.));
#3177 = ORIENTED_EDGE('',*,*,#1464,.T.);
#3178 = ORIENTED_EDGE('',*,*,#3141,.T.);
#3179 = PLANE('',#3180);
#3180 = AXIS2_PLACEMENT_3D('',#3181,#3182,#3183);
#3181 = CARTESIAN_POINT('',(5.,-3.95,0.95));
#3182 = DIRECTION('',(-1.224646799147E-16,-1.,1.110223024625E-16));
#3183 = DIRECTION('',(-1.,1.224646799147E-16,0.));
#3184 = ADVANCED_FACE('',(#3185),#3196,.F.);
#3185 = FACE_BOUND('',#3186,.F.);
#3186 = EDGE_LOOP('',(#3187,#3193,#3194,#3195));
#3187 = ORIENTED_EDGE('',*,*,#3188,.T.);
#3188 = EDGE_CURVE('',#1923,#3165,#3189,.T.);
#3189 = LINE('',#3190,#3191);
#3190 = CARTESIAN_POINT('',(4.8,-2.05,1.1));
#3191 = VECTOR('',#3192,1.);
#3192 = DIRECTION('',(-1.224646799147E-16,-1.,1.110223024625E-16));
#3193 = ORIENTED_EDGE('',*,*,#3172,.T.);
#3194 = ORIENTED_EDGE('',*,*,#1456,.F.);
#3195 = ORIENTED_EDGE('',*,*,#1922,.F.);
#3196 = PLANE('',#3197);
#3197 = AXIS2_PLACEMENT_3D('',#3198,#3199,#3200);
#3198 = CARTESIAN_POINT('',(4.8,-2.05,1.1));
#3199 = DIRECTION('',(1.,-1.224646799147E-16,0.));
#3200 = DIRECTION('',(-1.359631073446E-32,-1.110223024625E-16,-1.));
#3201 = ADVANCED_FACE('',(#3202),#3220,.F.);
#3202 = FACE_BOUND('',#3203,.F.);
#3203 = EDGE_LOOP('',(#3204,#3205,#3213,#3219));
#3204 = ORIENTED_EDGE('',*,*,#1440,.T.);
#3205 = ORIENTED_EDGE('',*,*,#3206,.T.);
#3206 = EDGE_CURVE('',#1433,#3207,#3209,.T.);
#3207 = VERTEX_POINT('',#3208);
#3208 = CARTESIAN_POINT('',(3.2,-3.95,1.1));
#3209 = LINE('',#3210,#3211);
#3210 = CARTESIAN_POINT('',(3.2,-3.95,0.8));
#3211 = VECTOR('',#3212,1.);
#3212 = DIRECTION('',(1.359631073447E-32,1.110223024625E-16,1.));
#3213 = ORIENTED_EDGE('',*,*,#3214,.F.);
#3214 = EDGE_CURVE('',#1908,#3207,#3215,.T.);
#3215 = LINE('',#3216,#3217);
#3216 = CARTESIAN_POINT('',(3.2,-2.05,1.1));
#3217 = VECTOR('',#3218,1.);
#3218 = DIRECTION('',(-1.224646799147E-16,-1.,1.110223024625E-16));
#3219 = ORIENTED_EDGE('',*,*,#1915,.F.);
#3220 = PLANE('',#3221);
#3221 = AXIS2_PLACEMENT_3D('',#3222,#3223,#3224);
#3222 = CARTESIAN_POINT('',(3.2,-2.05,0.8));
#3223 = DIRECTION('',(-1.,1.224646799147E-16,0.));
#3224 = DIRECTION('',(1.359631073446E-32,1.110223024625E-16,1.));
#3225 = ADVANCED_FACE('',(#3226),#3244,.T.);
#3226 = FACE_BOUND('',#3227,.T.);
#3227 = EDGE_LOOP('',(#3228,#3236,#3242,#3243));
#3228 = ORIENTED_EDGE('',*,*,#3229,.T.);
#3229 = EDGE_CURVE('',#3207,#3230,#3232,.T.);
#3230 = VERTEX_POINT('',#3231);
#3231 = CARTESIAN_POINT('',(2.8,-3.95,1.1));
#3232 = LINE('',#3233,#3234);
#3233 = CARTESIAN_POINT('',(3.2,-3.95,1.1));
#3234 = VECTOR('',#3235,1.);
#3235 = DIRECTION('',(-1.,1.224646799147E-16,0.));
#3236 = ORIENTED_EDGE('',*,*,#3237,.T.);
#3237 = EDGE_CURVE('',#3230,#1425,#3238,.T.);
#3238 = LINE('',#3239,#3240);
#3239 = CARTESIAN_POINT('',(2.8,-3.95,1.1));
#3240 = VECTOR('',#3241,1.);
#3241 = DIRECTION('',(-1.359631073447E-32,-1.110223024625E-16,-1.));
#3242 = ORIENTED_EDGE('',*,*,#1432,.T.);
#3243 = ORIENTED_EDGE('',*,*,#3206,.T.);
#3244 = PLANE('',#3245);
#3245 = AXIS2_PLACEMENT_3D('',#3246,#3247,#3248);
#3246 = CARTESIAN_POINT('',(3.,-3.95,0.95));
#3247 = DIRECTION('',(-1.224646799147E-16,-1.,1.110223024625E-16));
#3248 = DIRECTION('',(-1.,1.224646799147E-16,0.));
#3249 = ADVANCED_FACE('',(#3250),#3261,.F.);
#3250 = FACE_BOUND('',#3251,.F.);
#3251 = EDGE_LOOP('',(#3252,#3258,#3259,#3260));
#3252 = ORIENTED_EDGE('',*,*,#3253,.T.);
#3253 = EDGE_CURVE('',#1900,#3230,#3254,.T.);
#3254 = LINE('',#3255,#3256);
#3255 = CARTESIAN_POINT('',(2.8,-2.05,1.1));
#3256 = VECTOR('',#3257,1.);
#3257 = DIRECTION('',(-1.224646799147E-16,-1.,1.110223024625E-16));
#3258 = ORIENTED_EDGE('',*,*,#3237,.T.);
#3259 = ORIENTED_EDGE('',*,*,#1424,.F.);
#3260 = ORIENTED_EDGE('',*,*,#1899,.F.);
#3261 = PLANE('',#3262);
#3262 = AXIS2_PLACEMENT_3D('',#3263,#3264,#3265);
#3263 = CARTESIAN_POINT('',(2.8,-2.05,1.1));
#3264 = DIRECTION('',(1.,-1.224646799147E-16,0.));
#3265 = DIRECTION('',(-1.359631073446E-32,-1.110223024625E-16,-1.));
#3266 = ADVANCED_FACE('',(#3267),#3285,.F.);
#3267 = FACE_BOUND('',#3268,.F.);
#3268 = EDGE_LOOP('',(#3269,#3270,#3278,#3284));
#3269 = ORIENTED_EDGE('',*,*,#1408,.T.);
#3270 = ORIENTED_EDGE('',*,*,#3271,.T.);
#3271 = EDGE_CURVE('',#1401,#3272,#3274,.T.);
#3272 = VERTEX_POINT('',#3273);
#3273 = CARTESIAN_POINT('',(1.2,-3.95,1.1));
#3274 = LINE('',#3275,#3276);
#3275 = CARTESIAN_POINT('',(1.2,-3.95,0.8));
#3276 = VECTOR('',#3277,1.);
#3277 = DIRECTION('',(1.359631073447E-32,1.110223024625E-16,1.));
#3278 = ORIENTED_EDGE('',*,*,#3279,.F.);
#3279 = EDGE_CURVE('',#1885,#3272,#3280,.T.);
#3280 = LINE('',#3281,#3282);
#3281 = CARTESIAN_POINT('',(1.2,-2.05,1.1));
#3282 = VECTOR('',#3283,1.);
#3283 = DIRECTION('',(-1.224646799147E-16,-1.,1.110223024625E-16));
#3284 = ORIENTED_EDGE('',*,*,#1892,.F.);
#3285 = PLANE('',#3286);
#3286 = AXIS2_PLACEMENT_3D('',#3287,#3288,#3289);
#3287 = CARTESIAN_POINT('',(1.2,-2.05,0.8));
#3288 = DIRECTION('',(-1.,1.224646799147E-16,0.));
#3289 = DIRECTION('',(1.359631073446E-32,1.110223024625E-16,1.));
#3290 = ADVANCED_FACE('',(#3291),#3309,.T.);
#3291 = FACE_BOUND('',#3292,.T.);
#3292 = EDGE_LOOP('',(#3293,#3301,#3307,#3308));
#3293 = ORIENTED_EDGE('',*,*,#3294,.T.);
#3294 = EDGE_CURVE('',#3272,#3295,#3297,.T.);
#3295 = VERTEX_POINT('',#3296);
#3296 = CARTESIAN_POINT('',(0.8,-3.95,1.1));
#3297 = LINE('',#3298,#3299);
#3298 = CARTESIAN_POINT('',(1.2,-3.95,1.1));
#3299 = VECTOR('',#3300,1.);
#3300 = DIRECTION('',(-1.,1.224646799147E-16,0.));
#3301 = ORIENTED_EDGE('',*,*,#3302,.T.);
#3302 = EDGE_CURVE('',#3295,#1393,#3303,.T.);
#3303 = LINE('',#3304,#3305);
#3304 = CARTESIAN_POINT('',(0.8,-3.95,1.1));
#3305 = VECTOR('',#3306,1.);
#3306 = DIRECTION('',(-1.359631073447E-32,-1.110223024625E-16,-1.));
#3307 = ORIENTED_EDGE('',*,*,#1400,.T.);
#3308 = ORIENTED_EDGE('',*,*,#3271,.T.);
#3309 = PLANE('',#3310);
#3310 = AXIS2_PLACEMENT_3D('',#3311,#3312,#3313);
#3311 = CARTESIAN_POINT('',(1.,-3.95,0.95));
#3312 = DIRECTION('',(-1.224646799147E-16,-1.,1.110223024625E-16));
#3313 = DIRECTION('',(-1.,1.224646799147E-16,0.));
#3314 = ADVANCED_FACE('',(#3315),#3326,.F.);
#3315 = FACE_BOUND('',#3316,.F.);
#3316 = EDGE_LOOP('',(#3317,#3323,#3324,#3325));
#3317 = ORIENTED_EDGE('',*,*,#3318,.T.);
#3318 = EDGE_CURVE('',#1877,#3295,#3319,.T.);
#3319 = LINE('',#3320,#3321);
#3320 = CARTESIAN_POINT('',(0.8,-2.05,1.1));
#3321 = VECTOR('',#3322,1.);
#3322 = DIRECTION('',(-1.224646799147E-16,-1.,1.110223024625E-16));
#3323 = ORIENTED_EDGE('',*,*,#3302,.T.);
#3324 = ORIENTED_EDGE('',*,*,#1392,.F.);
#3325 = ORIENTED_EDGE('',*,*,#1876,.F.);
#3326 = PLANE('',#3327);
#3327 = AXIS2_PLACEMENT_3D('',#3328,#3329,#3330);
#3328 = CARTESIAN_POINT('',(0.8,-2.05,1.1));
#3329 = DIRECTION('',(1.,-1.224646799147E-16,0.));
#3330 = DIRECTION('',(-1.359631073446E-32,-1.110223024625E-16,-1.));
#3331 = ADVANCED_FACE('',(#3332),#3343,.T.);
#3332 = FACE_BOUND('',#3333,.T.);
#3333 = EDGE_LOOP('',(#3334,#3335,#3336,#3337));
#3334 = ORIENTED_EDGE('',*,*,#1570,.T.);
#3335 = ORIENTED_EDGE('',*,*,#2850,.T.);
#3336 = ORIENTED_EDGE('',*,*,#1651,.T.);
#3337 = ORIENTED_EDGE('',*,*,#3338,.F.);
#3338 = EDGE_CURVE('',#1562,#1643,#3339,.T.);
#3339 = LINE('',#3340,#3341);
#3340 = CARTESIAN_POINT('',(9.95,-4.65,3.3));
#3341 = VECTOR('',#3342,1.);
#3342 = DIRECTION('',(-1.,1.224646799147E-16,0.));
#3343 = PLANE('',#3344);
#3344 = AXIS2_PLACEMENT_3D('',#3345,#3346,#3347);
#3345 = CARTESIAN_POINT('',(9.95,-6.25,3.3));
#3346 = DIRECTION('',(-1.359631073447E-32,-1.110223024625E-16,-1.));
#3347 = DIRECTION('',(1.224646799147E-16,1.,-1.110223024625E-16));
#3348 = ADVANCED_FACE('',(#3349),#3355,.F.);
#3349 = FACE_BOUND('',#3350,.F.);
#3350 = EDGE_LOOP('',(#3351,#3352,#3353,#3354));
#3351 = ORIENTED_EDGE('',*,*,#1585,.T.);
#3352 = ORIENTED_EDGE('',*,*,#1642,.T.);
#3353 = ORIENTED_EDGE('',*,*,#3338,.F.);
#3354 = ORIENTED_EDGE('',*,*,#1561,.F.);
#3355 = CYLINDRICAL_SURFACE('',#3356,0.4);
#3356 = AXIS2_PLACEMENT_3D('',#3357,#3358,#3359);
#3357 = CARTESIAN_POINT('',(9.95,-4.65,2.9));
#3358 = DIRECTION('',(1.,-1.224646799147E-16,0.));
#3359 = DIRECTION('',(1.359631073446E-32,1.110223024625E-16,1.));
#3360 = ADVANCED_FACE('',(#3361),#3372,.F.);
#3361 = FACE_BOUND('',#3362,.F.);
#3362 = EDGE_LOOP('',(#3363,#3364,#3365,#3371));
#3363 = ORIENTED_EDGE('',*,*,#2945,.T.);
#3364 = ORIENTED_EDGE('',*,*,#1618,.T.);
#3365 = ORIENTED_EDGE('',*,*,#3366,.F.);
#3366 = EDGE_CURVE('',#1714,#1619,#3367,.T.);
#3367 = LINE('',#3368,#3369);
#3368 = CARTESIAN_POINT('',(-0.95,1.35,3.2));
#3369 = VECTOR('',#3370,1.);
#3370 = DIRECTION('',(-1.,1.224646799147E-16,0.));
#3371 = ORIENTED_EDGE('',*,*,#1713,.F.);
#3372 = PLANE('',#3373);
#3373 = AXIS2_PLACEMENT_3D('',#3374,#3375,#3376);
#3374 = CARTESIAN_POINT('',(-0.95,-0.25,4.1));
#3375 = DIRECTION('',(-6.003968578616E-17,-0.490261239633,
    -0.871575537124));
#3376 = DIRECTION('',(1.067372191754E-16,0.871575537124,-0.490261239633)
  );
#3377 = ADVANCED_FACE('',(#3378),#3384,.F.);
#3378 = FACE_BOUND('',#3379,.F.);
#3379 = EDGE_LOOP('',(#3380,#3381,#3382,#3383));
#3380 = ORIENTED_EDGE('',*,*,#3366,.T.);
#3381 = ORIENTED_EDGE('',*,*,#1626,.T.);
#3382 = ORIENTED_EDGE('',*,*,#1681,.F.);
#3383 = ORIENTED_EDGE('',*,*,#1721,.F.);
#3384 = PLANE('',#3385);
#3385 = AXIS2_PLACEMENT_3D('',#3386,#3387,#3388);
#3386 = CARTESIAN_POINT('',(-0.95,1.35,3.2));
#3387 = DIRECTION('',(-1.224646799147E-16,-1.,0.));
#3388 = DIRECTION('',(-0.,0.,-1.));
#3389 = ADVANCED_FACE('',(#3390),#3408,.F.);
#3390 = FACE_BOUND('',#3391,.F.);
#3391 = EDGE_LOOP('',(#3392,#3393,#3399,#3400,#3406,#3407));
#3392 = ORIENTED_EDGE('',*,*,#2938,.F.);
#3393 = ORIENTED_EDGE('',*,*,#3394,.F.);
#3394 = EDGE_CURVE('',#2750,#2931,#3395,.T.);
#3395 = LINE('',#3396,#3397);
#3396 = CARTESIAN_POINT('',(-1.4,-4.45,4.8));
#3397 = VECTOR('',#3398,1.);
#3398 = DIRECTION('',(1.224646799147E-16,1.,-1.110223024625E-16));
#3399 = ORIENTED_EDGE('',*,*,#2757,.F.);
#3400 = ORIENTED_EDGE('',*,*,#3401,.T.);
#3401 = EDGE_CURVE('',#2758,#2836,#3402,.T.);
#3402 = LINE('',#3403,#3404);
#3403 = CARTESIAN_POINT('',(-0.95,-4.45,4.8));
#3404 = VECTOR('',#3405,1.);
#3405 = DIRECTION('',(-1.224646799147E-16,-1.,1.110223024625E-16));
#3406 = ORIENTED_EDGE('',*,*,#2843,.T.);
#3407 = ORIENTED_EDGE('',*,*,#1667,.F.);
#3408 = PLANE('',#3409);
#3409 = AXIS2_PLACEMENT_3D('',#3410,#3411,#3412);
#3410 = CARTESIAN_POINT('',(9.95,-0.25,4.8));
#3411 = DIRECTION('',(-1.359631073447E-32,-1.110223024625E-16,-1.));
#3412 = DIRECTION('',(-1.,1.224646799147E-16,6.927121900793E-45));
#3413 = ADVANCED_FACE('',(#3414),#3426,.T.);
#3414 = FACE_BOUND('',#3415,.T.);
#3415 = EDGE_LOOP('',(#3416,#3417,#3418,#3419,#3425));
#3416 = ORIENTED_EDGE('',*,*,#3394,.F.);
#3417 = ORIENTED_EDGE('',*,*,#2749,.T.);
#3418 = ORIENTED_EDGE('',*,*,#1796,.T.);
#3419 = ORIENTED_EDGE('',*,*,#3420,.T.);
#3420 = EDGE_CURVE('',#1797,#2923,#3421,.T.);
#3421 = LINE('',#3422,#3423);
#3422 = CARTESIAN_POINT('',(-1.4,-4.45,4.2));
#3423 = VECTOR('',#3424,1.);
#3424 = DIRECTION('',(1.224646799147E-16,1.,-1.110223024625E-16));
#3425 = ORIENTED_EDGE('',*,*,#2930,.F.);
#3426 = PLANE('',#3427);
#3427 = AXIS2_PLACEMENT_3D('',#3428,#3429,#3430);
#3428 = CARTESIAN_POINT('',(-1.4,-4.45,4.8));
#3429 = DIRECTION('',(1.,-1.224646799147E-16,0.));
#3430 = DIRECTION('',(1.224646799147E-16,1.,-1.110223024625E-16));
#3431 = ADVANCED_FACE('',(#3432),#3438,.F.);
#3432 = FACE_BOUND('',#3433,.F.);
#3433 = EDGE_LOOP('',(#3434,#3435,#3436,#3437));
#3434 = ORIENTED_EDGE('',*,*,#3084,.T.);
#3435 = ORIENTED_EDGE('',*,*,#3099,.T.);
#3436 = ORIENTED_EDGE('',*,*,#3123,.F.);
#3437 = ORIENTED_EDGE('',*,*,#1953,.F.);
#3438 = PLANE('',#3439);
#3439 = AXIS2_PLACEMENT_3D('',#3440,#3441,#3442);
#3440 = CARTESIAN_POINT('',(7.2,-2.05,1.1));
#3441 = DIRECTION('',(-1.359631073447E-32,-1.110223024625E-16,-1.));
#3442 = DIRECTION('',(-1.,1.224646799147E-16,6.927121900793E-45));
#3443 = ADVANCED_FACE('',(#3444),#3450,.F.);
#3444 = FACE_BOUND('',#3445,.F.);
#3445 = EDGE_LOOP('',(#3446,#3447,#3448,#3449));
#3446 = ORIENTED_EDGE('',*,*,#3149,.T.);
#3447 = ORIENTED_EDGE('',*,*,#3164,.T.);
#3448 = ORIENTED_EDGE('',*,*,#3188,.F.);
#3449 = ORIENTED_EDGE('',*,*,#1930,.F.);
#3450 = PLANE('',#3451);
#3451 = AXIS2_PLACEMENT_3D('',#3452,#3453,#3454);
#3452 = CARTESIAN_POINT('',(5.2,-2.05,1.1));
#3453 = DIRECTION('',(-1.359631073447E-32,-1.110223024625E-16,-1.));
#3454 = DIRECTION('',(-1.,1.224646799147E-16,6.927121900793E-45));
#3455 = ADVANCED_FACE('',(#3456),#3464,.F.);
#3456 = FACE_BOUND('',#3457,.F.);
#3457 = EDGE_LOOP('',(#3458,#3459,#3460,#3461,#3462,#3463));
#3458 = ORIENTED_EDGE('',*,*,#1867,.T.);
#3459 = ORIENTED_EDGE('',*,*,#3420,.T.);
#3460 = ORIENTED_EDGE('',*,*,#2922,.T.);
#3461 = ORIENTED_EDGE('',*,*,#2960,.F.);
#3462 = ORIENTED_EDGE('',*,*,#2693,.T.);
#3463 = ORIENTED_EDGE('',*,*,#2725,.T.);
#3464 = PLANE('',#3465);
#3465 = AXIS2_PLACEMENT_3D('',#3466,#3467,#3468);
#3466 = CARTESIAN_POINT('',(-0.9,-2.35,4.2));
#3467 = DIRECTION('',(-1.596532946872E-30,-1.110223024625E-16,-1.));
#3468 = DIRECTION('',(-1.,1.224646799147E-16,1.582936636138E-30));
#3469 = ADVANCED_FACE('',(#3470),#3476,.F.);
#3470 = FACE_BOUND('',#3471,.F.);
#3471 = EDGE_LOOP('',(#3472,#3473,#3474,#3475));
#3472 = ORIENTED_EDGE('',*,*,#3214,.T.);
#3473 = ORIENTED_EDGE('',*,*,#3229,.T.);
#3474 = ORIENTED_EDGE('',*,*,#3253,.F.);
#3475 = ORIENTED_EDGE('',*,*,#1907,.F.);
#3476 = PLANE('',#3477);
#3477 = AXIS2_PLACEMENT_3D('',#3478,#3479,#3480);
#3478 = CARTESIAN_POINT('',(3.2,-2.05,1.1));
#3479 = DIRECTION('',(-1.359631073447E-32,-1.110223024625E-16,-1.));
#3480 = DIRECTION('',(-1.,1.224646799147E-16,6.927121900793E-45));
#3481 = ADVANCED_FACE('',(#3482),#3488,.F.);
#3482 = FACE_BOUND('',#3483,.F.);
#3483 = EDGE_LOOP('',(#3484,#3485,#3486,#3487));
#3484 = ORIENTED_EDGE('',*,*,#3279,.T.);
#3485 = ORIENTED_EDGE('',*,*,#3294,.T.);
#3486 = ORIENTED_EDGE('',*,*,#3318,.F.);
#3487 = ORIENTED_EDGE('',*,*,#1884,.F.);
#3488 = PLANE('',#3489);
#3489 = AXIS2_PLACEMENT_3D('',#3490,#3491,#3492);
#3490 = CARTESIAN_POINT('',(1.2,-2.05,1.1));
#3491 = DIRECTION('',(-1.359631073447E-32,-1.110223024625E-16,-1.));
#3492 = DIRECTION('',(-1.,1.224646799147E-16,6.927121900793E-45));
#3493 = ADVANCED_FACE('',(#3494),#3519,.F.);
#3494 = FACE_BOUND('',#3495,.F.);
#3495 = EDGE_LOOP('',(#3496,#3506,#3512,#3513));
#3496 = ORIENTED_EDGE('',*,*,#3497,.T.);
#3497 = EDGE_CURVE('',#3498,#3500,#3502,.T.);
#3498 = VERTEX_POINT('',#3499);
#3499 = CARTESIAN_POINT('',(4.25,-5.55,2.85));
#3500 = VERTEX_POINT('',#3501);
#3501 = CARTESIAN_POINT('',(4.25,-5.55,3.35));
#3502 = LINE('',#3503,#3504);
#3503 = CARTESIAN_POINT('',(4.25,-5.55,2.85));
#3504 = VECTOR('',#3505,1.);
#3505 = DIRECTION('',(0.,0.,1.));
#3506 = ORIENTED_EDGE('',*,*,#3507,.T.);
#3507 = EDGE_CURVE('',#3500,#1962,#3508,.T.);
#3508 = LINE('',#3509,#3510);
#3509 = CARTESIAN_POINT('',(4.25,-5.75,3.35));
#3510 = VECTOR('',#3511,1.);
#3511 = DIRECTION('',(1.224646799147E-16,1.,0.));
#3512 = ORIENTED_EDGE('',*,*,#1961,.T.);
#3513 = ORIENTED_EDGE('',*,*,#3514,.T.);
#3514 = EDGE_CURVE('',#1964,#3498,#3515,.T.);
#3515 = LINE('',#3516,#3517);
#3516 = CARTESIAN_POINT('',(4.25,-0.25,2.85));
#3517 = VECTOR('',#3518,1.);
#3518 = DIRECTION('',(-1.224646799147E-16,-1.,0.));
#3519 = PLANE('',#3520);
#3520 = AXIS2_PLACEMENT_3D('',#3521,#3522,#3523);
#3521 = CARTESIAN_POINT('',(4.25,-1.401960784314,1.323039215686));
#3522 = DIRECTION('',(-1.,1.224646799147E-16,0.));
#3523 = DIRECTION('',(0.,0.,1.));
#3524 = ADVANCED_FACE('',(#3525),#3543,.F.);
#3525 = FACE_BOUND('',#3526,.F.);
#3526 = EDGE_LOOP('',(#3527,#3528,#3536,#3542));
#3527 = ORIENTED_EDGE('',*,*,#3507,.F.);
#3528 = ORIENTED_EDGE('',*,*,#3529,.T.);
#3529 = EDGE_CURVE('',#3500,#3530,#3532,.T.);
#3530 = VERTEX_POINT('',#3531);
#3531 = CARTESIAN_POINT('',(3.75,-5.55,3.35));
#3532 = LINE('',#3533,#3534);
#3533 = CARTESIAN_POINT('',(4.25,-5.55,3.35));
#3534 = VECTOR('',#3535,1.);
#3535 = DIRECTION('',(-1.,1.224646799147E-16,0.));
#3536 = ORIENTED_EDGE('',*,*,#3537,.T.);
#3537 = EDGE_CURVE('',#3530,#1980,#3538,.T.);
#3538 = LINE('',#3539,#3540);
#3539 = CARTESIAN_POINT('',(3.75,-5.75,3.35));
#3540 = VECTOR('',#3541,1.);
#3541 = DIRECTION('',(1.224646799147E-16,1.,0.));
#3542 = ORIENTED_EDGE('',*,*,#1987,.T.);
#3543 = PLANE('',#3544);
#3544 = AXIS2_PLACEMENT_3D('',#3545,#3546,#3547);
#3545 = CARTESIAN_POINT('',(4.25,-5.75,3.35));
#3546 = DIRECTION('',(-0.,0.,-1.));
#3547 = DIRECTION('',(1.224646799147E-16,1.,0.));
#3548 = ADVANCED_FACE('',(#3549),#3567,.T.);
#3549 = FACE_BOUND('',#3550,.T.);
#3550 = EDGE_LOOP('',(#3551,#3559,#3560,#3561));
#3551 = ORIENTED_EDGE('',*,*,#3552,.T.);
#3552 = EDGE_CURVE('',#3553,#3530,#3555,.T.);
#3553 = VERTEX_POINT('',#3554);
#3554 = CARTESIAN_POINT('',(3.75,-5.55,2.85));
#3555 = LINE('',#3556,#3557);
#3556 = CARTESIAN_POINT('',(3.75,-5.55,2.85));
#3557 = VECTOR('',#3558,1.);
#3558 = DIRECTION('',(0.,0.,1.));
#3559 = ORIENTED_EDGE('',*,*,#3537,.T.);
#3560 = ORIENTED_EDGE('',*,*,#1979,.T.);
#3561 = ORIENTED_EDGE('',*,*,#3562,.T.);
#3562 = EDGE_CURVE('',#1972,#3553,#3563,.T.);
#3563 = LINE('',#3564,#3565);
#3564 = CARTESIAN_POINT('',(3.75,-0.25,2.85));
#3565 = VECTOR('',#3566,1.);
#3566 = DIRECTION('',(-1.224646799147E-16,-1.,0.));
#3567 = PLANE('',#3568);
#3568 = AXIS2_PLACEMENT_3D('',#3569,#3570,#3571);
#3569 = CARTESIAN_POINT('',(3.75,-1.401960784314,1.323039215686));
#3570 = DIRECTION('',(-1.,1.224646799147E-16,0.));
#3571 = DIRECTION('',(0.,0.,1.));
#3572 = ADVANCED_FACE('',(#3573),#3584,.F.);
#3573 = FACE_BOUND('',#3574,.F.);
#3574 = EDGE_LOOP('',(#3575,#3576,#3577,#3578));
#3575 = ORIENTED_EDGE('',*,*,#3514,.F.);
#3576 = ORIENTED_EDGE('',*,*,#1971,.T.);
#3577 = ORIENTED_EDGE('',*,*,#3562,.T.);
#3578 = ORIENTED_EDGE('',*,*,#3579,.F.);
#3579 = EDGE_CURVE('',#3498,#3553,#3580,.T.);
#3580 = LINE('',#3581,#3582);
#3581 = CARTESIAN_POINT('',(4.25,-5.55,2.85));
#3582 = VECTOR('',#3583,1.);
#3583 = DIRECTION('',(-1.,1.224646799147E-16,0.));
#3584 = PLANE('',#3585);
#3585 = AXIS2_PLACEMENT_3D('',#3586,#3587,#3588);
#3586 = CARTESIAN_POINT('',(4.25,-0.25,2.85));
#3587 = DIRECTION('',(0.,0.,1.));
#3588 = DIRECTION('',(-1.224646799147E-16,-1.,0.));
#3589 = ADVANCED_FACE('',(#3590),#3615,.T.);
#3590 = FACE_BOUND('',#3591,.T.);
#3591 = EDGE_LOOP('',(#3592,#3602,#3608,#3609));
#3592 = ORIENTED_EDGE('',*,*,#3593,.T.);
#3593 = EDGE_CURVE('',#3594,#3596,#3598,.T.);
#3594 = VERTEX_POINT('',#3595);
#3595 = CARTESIAN_POINT('',(5.75,-5.55,2.85));
#3596 = VERTEX_POINT('',#3597);
#3597 = CARTESIAN_POINT('',(5.75,-5.55,3.35));
#3598 = LINE('',#3599,#3600);
#3599 = CARTESIAN_POINT('',(5.75,-5.55,2.85));
#3600 = VECTOR('',#3601,1.);
#3601 = DIRECTION('',(0.,0.,1.));
#3602 = ORIENTED_EDGE('',*,*,#3603,.T.);
#3603 = EDGE_CURVE('',#3596,#1996,#3604,.T.);
#3604 = LINE('',#3605,#3606);
#3605 = CARTESIAN_POINT('',(5.75,-5.75,3.35));
#3606 = VECTOR('',#3607,1.);
#3607 = DIRECTION('',(1.224646799147E-16,1.,0.));
#3608 = ORIENTED_EDGE('',*,*,#1995,.T.);
#3609 = ORIENTED_EDGE('',*,*,#3610,.T.);
#3610 = EDGE_CURVE('',#1998,#3594,#3611,.T.);
#3611 = LINE('',#3612,#3613);
#3612 = CARTESIAN_POINT('',(5.75,-0.25,2.85));
#3613 = VECTOR('',#3614,1.);
#3614 = DIRECTION('',(-1.224646799147E-16,-1.,0.));
#3615 = PLANE('',#3616);
#3616 = AXIS2_PLACEMENT_3D('',#3617,#3618,#3619);
#3617 = CARTESIAN_POINT('',(5.75,-1.401960784314,1.323039215686));
#3618 = DIRECTION('',(-1.,1.224646799147E-16,0.));
#3619 = DIRECTION('',(0.,0.,1.));
#3620 = ADVANCED_FACE('',(#3621),#3639,.F.);
#3621 = FACE_BOUND('',#3622,.F.);
#3622 = EDGE_LOOP('',(#3623,#3631,#3632,#3633));
#3623 = ORIENTED_EDGE('',*,*,#3624,.F.);
#3624 = EDGE_CURVE('',#2014,#3625,#3627,.T.);
#3625 = VERTEX_POINT('',#3626);
#3626 = CARTESIAN_POINT('',(6.25,-5.55,2.85));
#3627 = LINE('',#3628,#3629);
#3628 = CARTESIAN_POINT('',(6.25,-0.25,2.85));
#3629 = VECTOR('',#3630,1.);
#3630 = DIRECTION('',(-1.224646799147E-16,-1.,0.));
#3631 = ORIENTED_EDGE('',*,*,#2021,.T.);
#3632 = ORIENTED_EDGE('',*,*,#3610,.T.);
#3633 = ORIENTED_EDGE('',*,*,#3634,.F.);
#3634 = EDGE_CURVE('',#3625,#3594,#3635,.T.);
#3635 = LINE('',#3636,#3637);
#3636 = CARTESIAN_POINT('',(6.25,-5.55,2.85));
#3637 = VECTOR('',#3638,1.);
#3638 = DIRECTION('',(-1.,1.224646799147E-16,0.));
#3639 = PLANE('',#3640);
#3640 = AXIS2_PLACEMENT_3D('',#3641,#3642,#3643);
#3641 = CARTESIAN_POINT('',(6.25,-0.25,2.85));
#3642 = DIRECTION('',(0.,0.,1.));
#3643 = DIRECTION('',(-1.224646799147E-16,-1.,0.));
#3644 = ADVANCED_FACE('',(#3645),#3663,.F.);
#3645 = FACE_BOUND('',#3646,.F.);
#3646 = EDGE_LOOP('',(#3647,#3655,#3661,#3662));
#3647 = ORIENTED_EDGE('',*,*,#3648,.T.);
#3648 = EDGE_CURVE('',#3625,#3649,#3651,.T.);
#3649 = VERTEX_POINT('',#3650);
#3650 = CARTESIAN_POINT('',(6.25,-5.55,3.35));
#3651 = LINE('',#3652,#3653);
#3652 = CARTESIAN_POINT('',(6.25,-5.55,2.85));
#3653 = VECTOR('',#3654,1.);
#3654 = DIRECTION('',(0.,0.,1.));
#3655 = ORIENTED_EDGE('',*,*,#3656,.T.);
#3656 = EDGE_CURVE('',#3649,#2006,#3657,.T.);
#3657 = LINE('',#3658,#3659);
#3658 = CARTESIAN_POINT('',(6.25,-5.75,3.35));
#3659 = VECTOR('',#3660,1.);
#3660 = DIRECTION('',(1.224646799147E-16,1.,0.));
#3661 = ORIENTED_EDGE('',*,*,#2013,.T.);
#3662 = ORIENTED_EDGE('',*,*,#3624,.T.);
#3663 = PLANE('',#3664);
#3664 = AXIS2_PLACEMENT_3D('',#3665,#3666,#3667);
#3665 = CARTESIAN_POINT('',(6.25,-1.401960784314,1.323039215686));
#3666 = DIRECTION('',(-1.,1.224646799147E-16,0.));
#3667 = DIRECTION('',(0.,0.,1.));
#3668 = ADVANCED_FACE('',(#3669),#3680,.F.);
#3669 = FACE_BOUND('',#3670,.F.);
#3670 = EDGE_LOOP('',(#3671,#3672,#3678,#3679));
#3671 = ORIENTED_EDGE('',*,*,#3656,.F.);
#3672 = ORIENTED_EDGE('',*,*,#3673,.T.);
#3673 = EDGE_CURVE('',#3649,#3596,#3674,.T.);
#3674 = LINE('',#3675,#3676);
#3675 = CARTESIAN_POINT('',(6.25,-5.55,3.35));
#3676 = VECTOR('',#3677,1.);
#3677 = DIRECTION('',(-1.,1.224646799147E-16,0.));
#3678 = ORIENTED_EDGE('',*,*,#3603,.T.);
#3679 = ORIENTED_EDGE('',*,*,#2005,.T.);
#3680 = PLANE('',#3681);
#3681 = AXIS2_PLACEMENT_3D('',#3682,#3683,#3684);
#3682 = CARTESIAN_POINT('',(6.25,-5.75,3.35));
#3683 = DIRECTION('',(-0.,0.,-1.));
#3684 = DIRECTION('',(1.224646799147E-16,1.,0.));
#3685 = ADVANCED_FACE('',(#3686),#3711,.F.);
#3686 = FACE_BOUND('',#3687,.F.);
#3687 = EDGE_LOOP('',(#3688,#3696,#3704,#3710));
#3688 = ORIENTED_EDGE('',*,*,#3689,.F.);
#3689 = EDGE_CURVE('',#3690,#2032,#3692,.T.);
#3690 = VERTEX_POINT('',#3691);
#3691 = CARTESIAN_POINT('',(0.25,-5.55,3.35));
#3692 = LINE('',#3693,#3694);
#3693 = CARTESIAN_POINT('',(0.25,-5.75,3.35));
#3694 = VECTOR('',#3695,1.);
#3695 = DIRECTION('',(1.224646799147E-16,1.,0.));
#3696 = ORIENTED_EDGE('',*,*,#3697,.T.);
#3697 = EDGE_CURVE('',#3690,#3698,#3700,.T.);
#3698 = VERTEX_POINT('',#3699);
#3699 = CARTESIAN_POINT('',(-0.25,-5.55,3.35));
#3700 = LINE('',#3701,#3702);
#3701 = CARTESIAN_POINT('',(0.25,-5.55,3.35));
#3702 = VECTOR('',#3703,1.);
#3703 = DIRECTION('',(-1.,1.224646799147E-16,0.));
#3704 = ORIENTED_EDGE('',*,*,#3705,.T.);
#3705 = EDGE_CURVE('',#3698,#2030,#3706,.T.);
#3706 = LINE('',#3707,#3708);
#3707 = CARTESIAN_POINT('',(-0.25,-5.75,3.35));
#3708 = VECTOR('',#3709,1.);
#3709 = DIRECTION('',(1.224646799147E-16,1.,0.));
#3710 = ORIENTED_EDGE('',*,*,#2029,.T.);
#3711 = PLANE('',#3712);
#3712 = AXIS2_PLACEMENT_3D('',#3713,#3714,#3715);
#3713 = CARTESIAN_POINT('',(0.25,-5.75,3.35));
#3714 = DIRECTION('',(-0.,0.,-1.));
#3715 = DIRECTION('',(1.224646799147E-16,1.,0.));
#3716 = ADVANCED_FACE('',(#3717),#3735,.T.);
#3717 = FACE_BOUND('',#3718,.T.);
#3718 = EDGE_LOOP('',(#3719,#3727,#3728,#3729));
#3719 = ORIENTED_EDGE('',*,*,#3720,.T.);
#3720 = EDGE_CURVE('',#3721,#3698,#3723,.T.);
#3721 = VERTEX_POINT('',#3722);
#3722 = CARTESIAN_POINT('',(-0.25,-5.55,2.85));
#3723 = LINE('',#3724,#3725);
#3724 = CARTESIAN_POINT('',(-0.25,-5.55,2.85));
#3725 = VECTOR('',#3726,1.);
#3726 = DIRECTION('',(0.,0.,1.));
#3727 = ORIENTED_EDGE('',*,*,#3705,.T.);
#3728 = ORIENTED_EDGE('',*,*,#2055,.T.);
#3729 = ORIENTED_EDGE('',*,*,#3730,.T.);
#3730 = EDGE_CURVE('',#2048,#3721,#3731,.T.);
#3731 = LINE('',#3732,#3733);
#3732 = CARTESIAN_POINT('',(-0.25,-0.25,2.85));
#3733 = VECTOR('',#3734,1.);
#3734 = DIRECTION('',(-1.224646799147E-16,-1.,0.));
#3735 = PLANE('',#3736);
#3736 = AXIS2_PLACEMENT_3D('',#3737,#3738,#3739);
#3737 = CARTESIAN_POINT('',(-0.25,-1.421959173294,1.302213422577));
#3738 = DIRECTION('',(-1.,1.224646799147E-16,0.));
#3739 = DIRECTION('',(0.,0.,1.));
#3740 = ADVANCED_FACE('',(#3741),#3759,.F.);
#3741 = FACE_BOUND('',#3742,.F.);
#3742 = EDGE_LOOP('',(#3743,#3751,#3752,#3753));
#3743 = ORIENTED_EDGE('',*,*,#3744,.F.);
#3744 = EDGE_CURVE('',#2040,#3745,#3747,.T.);
#3745 = VERTEX_POINT('',#3746);
#3746 = CARTESIAN_POINT('',(0.25,-5.55,2.85));
#3747 = LINE('',#3748,#3749);
#3748 = CARTESIAN_POINT('',(0.25,-0.25,2.85));
#3749 = VECTOR('',#3750,1.);
#3750 = DIRECTION('',(-1.224646799147E-16,-1.,0.));
#3751 = ORIENTED_EDGE('',*,*,#2047,.T.);
#3752 = ORIENTED_EDGE('',*,*,#3730,.T.);
#3753 = ORIENTED_EDGE('',*,*,#3754,.F.);
#3754 = EDGE_CURVE('',#3745,#3721,#3755,.T.);
#3755 = LINE('',#3756,#3757);
#3756 = CARTESIAN_POINT('',(0.25,-5.55,2.85));
#3757 = VECTOR('',#3758,1.);
#3758 = DIRECTION('',(-1.,1.224646799147E-16,0.));
#3759 = PLANE('',#3760);
#3760 = AXIS2_PLACEMENT_3D('',#3761,#3762,#3763);
#3761 = CARTESIAN_POINT('',(0.25,-0.25,2.85));
#3762 = DIRECTION('',(0.,0.,1.));
#3763 = DIRECTION('',(-1.224646799147E-16,-1.,0.));
#3764 = ADVANCED_FACE('',(#3765),#3776,.F.);
#3765 = FACE_BOUND('',#3766,.F.);
#3766 = EDGE_LOOP('',(#3767,#3773,#3774,#3775));
#3767 = ORIENTED_EDGE('',*,*,#3768,.T.);
#3768 = EDGE_CURVE('',#3745,#3690,#3769,.T.);
#3769 = LINE('',#3770,#3771);
#3770 = CARTESIAN_POINT('',(0.25,-5.55,2.85));
#3771 = VECTOR('',#3772,1.);
#3772 = DIRECTION('',(0.,0.,1.));
#3773 = ORIENTED_EDGE('',*,*,#3689,.T.);
#3774 = ORIENTED_EDGE('',*,*,#2039,.T.);
#3775 = ORIENTED_EDGE('',*,*,#3744,.T.);
#3776 = PLANE('',#3777);
#3777 = AXIS2_PLACEMENT_3D('',#3778,#3779,#3780);
#3778 = CARTESIAN_POINT('',(0.25,-1.421959173294,1.302213422577));
#3779 = DIRECTION('',(-1.,1.224646799147E-16,0.));
#3780 = DIRECTION('',(0.,0.,1.));
#3781 = ADVANCED_FACE('',(#3782),#3807,.T.);
#3782 = FACE_BOUND('',#3783,.T.);
#3783 = EDGE_LOOP('',(#3784,#3794,#3800,#3801));
#3784 = ORIENTED_EDGE('',*,*,#3785,.T.);
#3785 = EDGE_CURVE('',#3786,#3788,#3790,.T.);
#3786 = VERTEX_POINT('',#3787);
#3787 = CARTESIAN_POINT('',(1.75,-5.55,2.85));
#3788 = VERTEX_POINT('',#3789);
#3789 = CARTESIAN_POINT('',(1.75,-5.55,3.35));
#3790 = LINE('',#3791,#3792);
#3791 = CARTESIAN_POINT('',(1.75,-5.55,2.85));
#3792 = VECTOR('',#3793,1.);
#3793 = DIRECTION('',(0.,0.,1.));
#3794 = ORIENTED_EDGE('',*,*,#3795,.T.);
#3795 = EDGE_CURVE('',#3788,#2064,#3796,.T.);
#3796 = LINE('',#3797,#3798);
#3797 = CARTESIAN_POINT('',(1.75,-5.75,3.35));
#3798 = VECTOR('',#3799,1.);
#3799 = DIRECTION('',(1.224646799147E-16,1.,0.));
#3800 = ORIENTED_EDGE('',*,*,#2063,.T.);
#3801 = ORIENTED_EDGE('',*,*,#3802,.T.);
#3802 = EDGE_CURVE('',#2066,#3786,#3803,.T.);
#3803 = LINE('',#3804,#3805);
#3804 = CARTESIAN_POINT('',(1.75,-0.25,2.85));
#3805 = VECTOR('',#3806,1.);
#3806 = DIRECTION('',(-1.224646799147E-16,-1.,0.));
#3807 = PLANE('',#3808);
#3808 = AXIS2_PLACEMENT_3D('',#3809,#3810,#3811);
#3809 = CARTESIAN_POINT('',(1.75,-1.401960784314,1.323039215686));
#3810 = DIRECTION('',(-1.,1.224646799147E-16,0.));
#3811 = DIRECTION('',(0.,0.,1.));
#3812 = ADVANCED_FACE('',(#3813),#3831,.F.);
#3813 = FACE_BOUND('',#3814,.F.);
#3814 = EDGE_LOOP('',(#3815,#3823,#3824,#3825));
#3815 = ORIENTED_EDGE('',*,*,#3816,.F.);
#3816 = EDGE_CURVE('',#2082,#3817,#3819,.T.);
#3817 = VERTEX_POINT('',#3818);
#3818 = CARTESIAN_POINT('',(2.25,-5.55,2.85));
#3819 = LINE('',#3820,#3821);
#3820 = CARTESIAN_POINT('',(2.25,-0.25,2.85));
#3821 = VECTOR('',#3822,1.);
#3822 = DIRECTION('',(-1.224646799147E-16,-1.,0.));
#3823 = ORIENTED_EDGE('',*,*,#2089,.T.);
#3824 = ORIENTED_EDGE('',*,*,#3802,.T.);
#3825 = ORIENTED_EDGE('',*,*,#3826,.F.);
#3826 = EDGE_CURVE('',#3817,#3786,#3827,.T.);
#3827 = LINE('',#3828,#3829);
#3828 = CARTESIAN_POINT('',(2.25,-5.55,2.85));
#3829 = VECTOR('',#3830,1.);
#3830 = DIRECTION('',(-1.,1.224646799147E-16,0.));
#3831 = PLANE('',#3832);
#3832 = AXIS2_PLACEMENT_3D('',#3833,#3834,#3835);
#3833 = CARTESIAN_POINT('',(2.25,-0.25,2.85));
#3834 = DIRECTION('',(0.,0.,1.));
#3835 = DIRECTION('',(-1.224646799147E-16,-1.,0.));
#3836 = ADVANCED_FACE('',(#3837),#3855,.F.);
#3837 = FACE_BOUND('',#3838,.F.);
#3838 = EDGE_LOOP('',(#3839,#3847,#3853,#3854));
#3839 = ORIENTED_EDGE('',*,*,#3840,.T.);
#3840 = EDGE_CURVE('',#3817,#3841,#3843,.T.);
#3841 = VERTEX_POINT('',#3842);
#3842 = CARTESIAN_POINT('',(2.25,-5.55,3.35));
#3843 = LINE('',#3844,#3845);
#3844 = CARTESIAN_POINT('',(2.25,-5.55,2.85));
#3845 = VECTOR('',#3846,1.);
#3846 = DIRECTION('',(0.,0.,1.));
#3847 = ORIENTED_EDGE('',*,*,#3848,.T.);
#3848 = EDGE_CURVE('',#3841,#2074,#3849,.T.);
#3849 = LINE('',#3850,#3851);
#3850 = CARTESIAN_POINT('',(2.25,-5.75,3.35));
#3851 = VECTOR('',#3852,1.);
#3852 = DIRECTION('',(1.224646799147E-16,1.,0.));
#3853 = ORIENTED_EDGE('',*,*,#2081,.T.);
#3854 = ORIENTED_EDGE('',*,*,#3816,.T.);
#3855 = PLANE('',#3856);
#3856 = AXIS2_PLACEMENT_3D('',#3857,#3858,#3859);
#3857 = CARTESIAN_POINT('',(2.25,-1.401960784314,1.323039215686));
#3858 = DIRECTION('',(-1.,1.224646799147E-16,0.));
#3859 = DIRECTION('',(0.,0.,1.));
#3860 = ADVANCED_FACE('',(#3861),#3872,.F.);
#3861 = FACE_BOUND('',#3862,.F.);
#3862 = EDGE_LOOP('',(#3863,#3864,#3870,#3871));
#3863 = ORIENTED_EDGE('',*,*,#3848,.F.);
#3864 = ORIENTED_EDGE('',*,*,#3865,.T.);
#3865 = EDGE_CURVE('',#3841,#3788,#3866,.T.);
#3866 = LINE('',#3867,#3868);
#3867 = CARTESIAN_POINT('',(2.25,-5.55,3.35));
#3868 = VECTOR('',#3869,1.);
#3869 = DIRECTION('',(-1.,1.224646799147E-16,0.));
#3870 = ORIENTED_EDGE('',*,*,#3795,.T.);
#3871 = ORIENTED_EDGE('',*,*,#2073,.T.);
#3872 = PLANE('',#3873);
#3873 = AXIS2_PLACEMENT_3D('',#3874,#3875,#3876);
#3874 = CARTESIAN_POINT('',(2.25,-5.75,3.35));
#3875 = DIRECTION('',(-0.,0.,-1.));
#3876 = DIRECTION('',(1.224646799147E-16,1.,0.));
#3877 = ADVANCED_FACE('',(#3878),#3903,.F.);
#3878 = FACE_BOUND('',#3879,.F.);
#3879 = EDGE_LOOP('',(#3880,#3888,#3896,#3902));
#3880 = ORIENTED_EDGE('',*,*,#3881,.F.);
#3881 = EDGE_CURVE('',#3882,#2100,#3884,.T.);
#3882 = VERTEX_POINT('',#3883);
#3883 = CARTESIAN_POINT('',(8.25,-5.55,3.35));
#3884 = LINE('',#3885,#3886);
#3885 = CARTESIAN_POINT('',(8.25,-5.75,3.35));
#3886 = VECTOR('',#3887,1.);
#3887 = DIRECTION('',(1.224646799147E-16,1.,0.));
#3888 = ORIENTED_EDGE('',*,*,#3889,.T.);
#3889 = EDGE_CURVE('',#3882,#3890,#3892,.T.);
#3890 = VERTEX_POINT('',#3891);
#3891 = CARTESIAN_POINT('',(7.75,-5.55,3.35));
#3892 = LINE('',#3893,#3894);
#3893 = CARTESIAN_POINT('',(8.25,-5.55,3.35));
#3894 = VECTOR('',#3895,1.);
#3895 = DIRECTION('',(-1.,1.224646799147E-16,0.));
#3896 = ORIENTED_EDGE('',*,*,#3897,.T.);
#3897 = EDGE_CURVE('',#3890,#2098,#3898,.T.);
#3898 = LINE('',#3899,#3900);
#3899 = CARTESIAN_POINT('',(7.75,-5.75,3.35));
#3900 = VECTOR('',#3901,1.);
#3901 = DIRECTION('',(1.224646799147E-16,1.,0.));
#3902 = ORIENTED_EDGE('',*,*,#2097,.T.);
#3903 = PLANE('',#3904);
#3904 = AXIS2_PLACEMENT_3D('',#3905,#3906,#3907);
#3905 = CARTESIAN_POINT('',(8.25,-5.75,3.35));
#3906 = DIRECTION('',(-0.,0.,-1.));
#3907 = DIRECTION('',(1.224646799147E-16,1.,0.));
#3908 = ADVANCED_FACE('',(#3909),#3927,.T.);
#3909 = FACE_BOUND('',#3910,.T.);
#3910 = EDGE_LOOP('',(#3911,#3919,#3920,#3921));
#3911 = ORIENTED_EDGE('',*,*,#3912,.T.);
#3912 = EDGE_CURVE('',#3913,#3890,#3915,.T.);
#3913 = VERTEX_POINT('',#3914);
#3914 = CARTESIAN_POINT('',(7.75,-5.55,2.85));
#3915 = LINE('',#3916,#3917);
#3916 = CARTESIAN_POINT('',(7.75,-5.55,2.85));
#3917 = VECTOR('',#3918,1.);
#3918 = DIRECTION('',(0.,0.,1.));
#3919 = ORIENTED_EDGE('',*,*,#3897,.T.);
#3920 = ORIENTED_EDGE('',*,*,#2123,.T.);
#3921 = ORIENTED_EDGE('',*,*,#3922,.T.);
#3922 = EDGE_CURVE('',#2116,#3913,#3923,.T.);
#3923 = LINE('',#3924,#3925);
#3924 = CARTESIAN_POINT('',(7.75,-0.25,2.85));
#3925 = VECTOR('',#3926,1.);
#3926 = DIRECTION('',(-1.224646799147E-16,-1.,0.));
#3927 = PLANE('',#3928);
#3928 = AXIS2_PLACEMENT_3D('',#3929,#3930,#3931);
#3929 = CARTESIAN_POINT('',(7.75,-1.421959173294,1.302213422577));
#3930 = DIRECTION('',(-1.,1.224646799147E-16,0.));
#3931 = DIRECTION('',(0.,0.,1.));
#3932 = ADVANCED_FACE('',(#3933),#3951,.F.);
#3933 = FACE_BOUND('',#3934,.F.);
#3934 = EDGE_LOOP('',(#3935,#3943,#3944,#3945));
#3935 = ORIENTED_EDGE('',*,*,#3936,.F.);
#3936 = EDGE_CURVE('',#2108,#3937,#3939,.T.);
#3937 = VERTEX_POINT('',#3938);
#3938 = CARTESIAN_POINT('',(8.25,-5.55,2.85));
#3939 = LINE('',#3940,#3941);
#3940 = CARTESIAN_POINT('',(8.25,-0.25,2.85));
#3941 = VECTOR('',#3942,1.);
#3942 = DIRECTION('',(-1.224646799147E-16,-1.,0.));
#3943 = ORIENTED_EDGE('',*,*,#2115,.T.);
#3944 = ORIENTED_EDGE('',*,*,#3922,.T.);
#3945 = ORIENTED_EDGE('',*,*,#3946,.F.);
#3946 = EDGE_CURVE('',#3937,#3913,#3947,.T.);
#3947 = LINE('',#3948,#3949);
#3948 = CARTESIAN_POINT('',(8.25,-5.55,2.85));
#3949 = VECTOR('',#3950,1.);
#3950 = DIRECTION('',(-1.,1.224646799147E-16,0.));
#3951 = PLANE('',#3952);
#3952 = AXIS2_PLACEMENT_3D('',#3953,#3954,#3955);
#3953 = CARTESIAN_POINT('',(8.25,-0.25,2.85));
#3954 = DIRECTION('',(0.,0.,1.));
#3955 = DIRECTION('',(-1.224646799147E-16,-1.,0.));
#3956 = ADVANCED_FACE('',(#3957),#3968,.F.);
#3957 = FACE_BOUND('',#3958,.F.);
#3958 = EDGE_LOOP('',(#3959,#3965,#3966,#3967));
#3959 = ORIENTED_EDGE('',*,*,#3960,.T.);
#3960 = EDGE_CURVE('',#3937,#3882,#3961,.T.);
#3961 = LINE('',#3962,#3963);
#3962 = CARTESIAN_POINT('',(8.25,-5.55,2.85));
#3963 = VECTOR('',#3964,1.);
#3964 = DIRECTION('',(0.,0.,1.));
#3965 = ORIENTED_EDGE('',*,*,#3881,.T.);
#3966 = ORIENTED_EDGE('',*,*,#2107,.T.);
#3967 = ORIENTED_EDGE('',*,*,#3936,.T.);
#3968 = PLANE('',#3969);
#3969 = AXIS2_PLACEMENT_3D('',#3970,#3971,#3972);
#3970 = CARTESIAN_POINT('',(8.25,-1.421959173294,1.302213422577));
#3971 = DIRECTION('',(-1.,1.224646799147E-16,0.));
#3972 = DIRECTION('',(0.,0.,1.));
#3973 = ADVANCED_FACE('',(#3974,#3980),#4014,.F.);
#3974 = FACE_BOUND('',#3975,.F.);
#3975 = EDGE_LOOP('',(#3976,#3977,#3978,#3979));
#3976 = ORIENTED_EDGE('',*,*,#2271,.T.);
#3977 = ORIENTED_EDGE('',*,*,#2289,.T.);
#3978 = ORIENTED_EDGE('',*,*,#3058,.F.);
#3979 = ORIENTED_EDGE('',*,*,#2154,.F.);
#3980 = FACE_BOUND('',#3981,.F.);
#3981 = EDGE_LOOP('',(#3982,#3992,#4000,#4008));
#3982 = ORIENTED_EDGE('',*,*,#3983,.T.);
#3983 = EDGE_CURVE('',#3984,#3986,#3988,.T.);
#3984 = VERTEX_POINT('',#3985);
#3985 = CARTESIAN_POINT('',(7.75,-0.35,3.35));
#3986 = VERTEX_POINT('',#3987);
#3987 = CARTESIAN_POINT('',(8.25,-0.35,3.35));
#3988 = LINE('',#3989,#3990);
#3989 = CARTESIAN_POINT('',(8.5,-0.35,3.35));
#3990 = VECTOR('',#3991,1.);
#3991 = DIRECTION('',(1.,-1.224646799147E-16,0.));
#3992 = ORIENTED_EDGE('',*,*,#3993,.T.);
#3993 = EDGE_CURVE('',#3986,#3994,#3996,.T.);
#3994 = VERTEX_POINT('',#3995);
#3995 = CARTESIAN_POINT('',(8.25,-0.35,2.85));
#3996 = LINE('',#3997,#3998);
#3997 = CARTESIAN_POINT('',(8.25,-0.35,2.451106711288));
#3998 = VECTOR('',#3999,1.);
#3999 = DIRECTION('',(-1.359631073447E-32,-1.110223024625E-16,-1.));
#4000 = ORIENTED_EDGE('',*,*,#4001,.T.);
#4001 = EDGE_CURVE('',#3994,#4002,#4004,.T.);
#4002 = VERTEX_POINT('',#4003);
#4003 = CARTESIAN_POINT('',(7.75,-0.35,2.85));
#4004 = LINE('',#4005,#4006);
#4005 = CARTESIAN_POINT('',(8.5,-0.35,2.85));
#4006 = VECTOR('',#4007,1.);
#4007 = DIRECTION('',(-1.,1.224646799147E-16,0.));
#4008 = ORIENTED_EDGE('',*,*,#4009,.F.);
#4009 = EDGE_CURVE('',#3984,#4002,#4010,.T.);
#4010 = LINE('',#4011,#4012);
#4011 = CARTESIAN_POINT('',(7.75,-0.35,2.451106711288));
#4012 = VECTOR('',#4013,1.);
#4013 = DIRECTION('',(-1.359631073447E-32,-1.110223024625E-16,-1.));
#4014 = PLANE('',#4015);
#4015 = AXIS2_PLACEMENT_3D('',#4016,#4017,#4018);
#4016 = CARTESIAN_POINT('',(8.75,-0.35,3.6));
#4017 = DIRECTION('',(-1.224646799147E-16,-1.,1.110223024625E-16));
#4018 = DIRECTION('',(-1.359631073447E-32,-1.110223024625E-16,-1.));
#4019 = ADVANCED_FACE('',(#4020,#4026),#4060,.F.);
#4020 = FACE_BOUND('',#4021,.F.);
#4021 = EDGE_LOOP('',(#4022,#4023,#4024,#4025));
#4022 = ORIENTED_EDGE('',*,*,#2377,.T.);
#4023 = ORIENTED_EDGE('',*,*,#2394,.T.);
#4024 = ORIENTED_EDGE('',*,*,#3041,.F.);
#4025 = ORIENTED_EDGE('',*,*,#2344,.F.);
#4026 = FACE_BOUND('',#4027,.F.);
#4027 = EDGE_LOOP('',(#4028,#4038,#4046,#4054));
#4028 = ORIENTED_EDGE('',*,*,#4029,.F.);
#4029 = EDGE_CURVE('',#4030,#4032,#4034,.T.);
#4030 = VERTEX_POINT('',#4031);
#4031 = CARTESIAN_POINT('',(5.75,-0.35,3.35));
#4032 = VERTEX_POINT('',#4033);
#4033 = CARTESIAN_POINT('',(5.75,-0.35,2.85));
#4034 = LINE('',#4035,#4036);
#4035 = CARTESIAN_POINT('',(5.75,-0.35,2.461519607843));
#4036 = VECTOR('',#4037,1.);
#4037 = DIRECTION('',(-1.359631073447E-32,-1.110223024625E-16,-1.));
#4038 = ORIENTED_EDGE('',*,*,#4039,.T.);
#4039 = EDGE_CURVE('',#4030,#4040,#4042,.T.);
#4040 = VERTEX_POINT('',#4041);
#4041 = CARTESIAN_POINT('',(6.25,-0.35,3.35));
#4042 = LINE('',#4043,#4044);
#4043 = CARTESIAN_POINT('',(6.5,-0.35,3.35));
#4044 = VECTOR('',#4045,1.);
#4045 = DIRECTION('',(1.,-1.224646799147E-16,0.));
#4046 = ORIENTED_EDGE('',*,*,#4047,.T.);
#4047 = EDGE_CURVE('',#4040,#4048,#4050,.T.);
#4048 = VERTEX_POINT('',#4049);
#4049 = CARTESIAN_POINT('',(6.25,-0.35,2.85));
#4050 = LINE('',#4051,#4052);
#4051 = CARTESIAN_POINT('',(6.25,-0.35,2.461519607843));
#4052 = VECTOR('',#4053,1.);
#4053 = DIRECTION('',(-1.359631073447E-32,-1.110223024625E-16,-1.));
#4054 = ORIENTED_EDGE('',*,*,#4055,.T.);
#4055 = EDGE_CURVE('',#4048,#4032,#4056,.T.);
#4056 = LINE('',#4057,#4058);
#4057 = CARTESIAN_POINT('',(6.5,-0.35,2.85));
#4058 = VECTOR('',#4059,1.);
#4059 = DIRECTION('',(-1.,1.224646799147E-16,0.));
#4060 = PLANE('',#4061);
#4061 = AXIS2_PLACEMENT_3D('',#4062,#4063,#4064);
#4062 = CARTESIAN_POINT('',(6.75,-0.35,3.6));
#4063 = DIRECTION('',(-1.224646799147E-16,-1.,1.110223024625E-16));
#4064 = DIRECTION('',(-1.359631073447E-32,-1.110223024625E-16,-1.));
#4065 = ADVANCED_FACE('',(#4066,#4072),#4106,.F.);
#4066 = FACE_BOUND('',#4067,.F.);
#4067 = EDGE_LOOP('',(#4068,#4069,#4070,#4071));
#4068 = ORIENTED_EDGE('',*,*,#2482,.T.);
#4069 = ORIENTED_EDGE('',*,*,#2499,.T.);
#4070 = ORIENTED_EDGE('',*,*,#3024,.F.);
#4071 = ORIENTED_EDGE('',*,*,#2449,.F.);
#4072 = FACE_BOUND('',#4073,.F.);
#4073 = EDGE_LOOP('',(#4074,#4084,#4092,#4100));
#4074 = ORIENTED_EDGE('',*,*,#4075,.T.);
#4075 = EDGE_CURVE('',#4076,#4078,#4080,.T.);
#4076 = VERTEX_POINT('',#4077);
#4077 = CARTESIAN_POINT('',(4.25,-0.35,3.35));
#4078 = VERTEX_POINT('',#4079);
#4079 = CARTESIAN_POINT('',(4.25,-0.35,2.85));
#4080 = LINE('',#4081,#4082);
#4081 = CARTESIAN_POINT('',(4.25,-0.35,2.461519607843));
#4082 = VECTOR('',#4083,1.);
#4083 = DIRECTION('',(-1.359631073447E-32,-1.110223024625E-16,-1.));
#4084 = ORIENTED_EDGE('',*,*,#4085,.T.);
#4085 = EDGE_CURVE('',#4078,#4086,#4088,.T.);
#4086 = VERTEX_POINT('',#4087);
#4087 = CARTESIAN_POINT('',(3.75,-0.35,2.85));
#4088 = LINE('',#4089,#4090);
#4089 = CARTESIAN_POINT('',(4.5,-0.35,2.85));
#4090 = VECTOR('',#4091,1.);
#4091 = DIRECTION('',(-1.,1.224646799147E-16,0.));
#4092 = ORIENTED_EDGE('',*,*,#4093,.F.);
#4093 = EDGE_CURVE('',#4094,#4086,#4096,.T.);
#4094 = VERTEX_POINT('',#4095);
#4095 = CARTESIAN_POINT('',(3.75,-0.35,3.35));
#4096 = LINE('',#4097,#4098);
#4097 = CARTESIAN_POINT('',(3.75,-0.35,2.461519607843));
#4098 = VECTOR('',#4099,1.);
#4099 = DIRECTION('',(-1.359631073447E-32,-1.110223024625E-16,-1.));
#4100 = ORIENTED_EDGE('',*,*,#4101,.T.);
#4101 = EDGE_CURVE('',#4094,#4076,#4102,.T.);
#4102 = LINE('',#4103,#4104);
#4103 = CARTESIAN_POINT('',(4.5,-0.35,3.35));
#4104 = VECTOR('',#4105,1.);
#4105 = DIRECTION('',(1.,-1.224646799147E-16,0.));
#4106 = PLANE('',#4107);
#4107 = AXIS2_PLACEMENT_3D('',#4108,#4109,#4110);
#4108 = CARTESIAN_POINT('',(4.75,-0.35,3.6));
#4109 = DIRECTION('',(-1.224646799147E-16,-1.,1.110223024625E-16));
#4110 = DIRECTION('',(-1.359631073447E-32,-1.110223024625E-16,-1.));
#4111 = ADVANCED_FACE('',(#4112,#4118),#4152,.F.);
#4112 = FACE_BOUND('',#4113,.F.);
#4113 = EDGE_LOOP('',(#4114,#4115,#4116,#4117));
#4114 = ORIENTED_EDGE('',*,*,#2587,.T.);
#4115 = ORIENTED_EDGE('',*,*,#2604,.T.);
#4116 = ORIENTED_EDGE('',*,*,#3007,.F.);
#4117 = ORIENTED_EDGE('',*,*,#2554,.F.);
#4118 = FACE_BOUND('',#4119,.F.);
#4119 = EDGE_LOOP('',(#4120,#4130,#4138,#4146));
#4120 = ORIENTED_EDGE('',*,*,#4121,.F.);
#4121 = EDGE_CURVE('',#4122,#4124,#4126,.T.);
#4122 = VERTEX_POINT('',#4123);
#4123 = CARTESIAN_POINT('',(1.75,-0.35,3.35));
#4124 = VERTEX_POINT('',#4125);
#4125 = CARTESIAN_POINT('',(1.75,-0.35,2.85));
#4126 = LINE('',#4127,#4128);
#4127 = CARTESIAN_POINT('',(1.75,-0.35,2.461519607843));
#4128 = VECTOR('',#4129,1.);
#4129 = DIRECTION('',(-1.359631073447E-32,-1.110223024625E-16,-1.));
#4130 = ORIENTED_EDGE('',*,*,#4131,.T.);
#4131 = EDGE_CURVE('',#4122,#4132,#4134,.T.);
#4132 = VERTEX_POINT('',#4133);
#4133 = CARTESIAN_POINT('',(2.25,-0.35,3.35));
#4134 = LINE('',#4135,#4136);
#4135 = CARTESIAN_POINT('',(2.5,-0.35,3.35));
#4136 = VECTOR('',#4137,1.);
#4137 = DIRECTION('',(1.,-1.224646799147E-16,0.));
#4138 = ORIENTED_EDGE('',*,*,#4139,.T.);
#4139 = EDGE_CURVE('',#4132,#4140,#4142,.T.);
#4140 = VERTEX_POINT('',#4141);
#4141 = CARTESIAN_POINT('',(2.25,-0.35,2.85));
#4142 = LINE('',#4143,#4144);
#4143 = CARTESIAN_POINT('',(2.25,-0.35,2.461519607843));
#4144 = VECTOR('',#4145,1.);
#4145 = DIRECTION('',(-1.359631073447E-32,-1.110223024625E-16,-1.));
#4146 = ORIENTED_EDGE('',*,*,#4147,.T.);
#4147 = EDGE_CURVE('',#4140,#4124,#4148,.T.);
#4148 = LINE('',#4149,#4150);
#4149 = CARTESIAN_POINT('',(2.5,-0.35,2.85));
#4150 = VECTOR('',#4151,1.);
#4151 = DIRECTION('',(-1.,1.224646799147E-16,0.));
#4152 = PLANE('',#4153);
#4153 = AXIS2_PLACEMENT_3D('',#4154,#4155,#4156);
#4154 = CARTESIAN_POINT('',(2.75,-0.35,3.6));
#4155 = DIRECTION('',(-1.224646799147E-16,-1.,1.110223024625E-16));
#4156 = DIRECTION('',(-1.359631073447E-32,-1.110223024625E-16,-1.));
#4157 = ADVANCED_FACE('',(#4158,#4164),#4198,.F.);
#4158 = FACE_BOUND('',#4159,.F.);
#4159 = EDGE_LOOP('',(#4160,#4161,#4162,#4163));
#4160 = ORIENTED_EDGE('',*,*,#2709,.T.);
#4161 = ORIENTED_EDGE('',*,*,#2967,.T.);
#4162 = ORIENTED_EDGE('',*,*,#2990,.F.);
#4163 = ORIENTED_EDGE('',*,*,#2659,.F.);
#4164 = FACE_BOUND('',#4165,.F.);
#4165 = EDGE_LOOP('',(#4166,#4176,#4184,#4192));
#4166 = ORIENTED_EDGE('',*,*,#4167,.T.);
#4167 = EDGE_CURVE('',#4168,#4170,#4172,.T.);
#4168 = VERTEX_POINT('',#4169);
#4169 = CARTESIAN_POINT('',(-0.25,-0.35,3.35));
#4170 = VERTEX_POINT('',#4171);
#4171 = CARTESIAN_POINT('',(0.25,-0.35,3.35));
#4172 = LINE('',#4173,#4174);
#4173 = CARTESIAN_POINT('',(0.5,-0.35,3.35));
#4174 = VECTOR('',#4175,1.);
#4175 = DIRECTION('',(1.,-1.224646799147E-16,0.));
#4176 = ORIENTED_EDGE('',*,*,#4177,.T.);
#4177 = EDGE_CURVE('',#4170,#4178,#4180,.T.);
#4178 = VERTEX_POINT('',#4179);
#4179 = CARTESIAN_POINT('',(0.25,-0.35,2.85));
#4180 = LINE('',#4181,#4182);
#4181 = CARTESIAN_POINT('',(0.25,-0.35,2.451106711288));
#4182 = VECTOR('',#4183,1.);
#4183 = DIRECTION('',(-1.359631073447E-32,-1.110223024625E-16,-1.));
#4184 = ORIENTED_EDGE('',*,*,#4185,.T.);
#4185 = EDGE_CURVE('',#4178,#4186,#4188,.T.);
#4186 = VERTEX_POINT('',#4187);
#4187 = CARTESIAN_POINT('',(-0.25,-0.35,2.85));
#4188 = LINE('',#4189,#4190);
#4189 = CARTESIAN_POINT('',(0.5,-0.35,2.85));
#4190 = VECTOR('',#4191,1.);
#4191 = DIRECTION('',(-1.,1.224646799147E-16,0.));
#4192 = ORIENTED_EDGE('',*,*,#4193,.F.);
#4193 = EDGE_CURVE('',#4168,#4186,#4194,.T.);
#4194 = LINE('',#4195,#4196);
#4195 = CARTESIAN_POINT('',(-0.25,-0.35,2.451106711288));
#4196 = VECTOR('',#4197,1.);
#4197 = DIRECTION('',(-1.359631073447E-32,-1.110223024625E-16,-1.));
#4198 = PLANE('',#4199);
#4199 = AXIS2_PLACEMENT_3D('',#4200,#4201,#4202);
#4200 = CARTESIAN_POINT('',(0.75,-0.35,3.6));
#4201 = DIRECTION('',(-1.224646799147E-16,-1.,1.110223024625E-16));
#4202 = DIRECTION('',(-1.359631073447E-32,-1.110223024625E-16,-1.));
#4203 = ADVANCED_FACE('',(#4204),#4215,.F.);
#4204 = FACE_BOUND('',#4205,.F.);
#4205 = EDGE_LOOP('',(#4206,#4212,#4213,#4214));
#4206 = ORIENTED_EDGE('',*,*,#4207,.T.);
#4207 = EDGE_CURVE('',#2766,#2828,#4208,.T.);
#4208 = LINE('',#4209,#4210);
#4209 = CARTESIAN_POINT('',(-0.95,-4.45,4.85));
#4210 = VECTOR('',#4211,1.);
#4211 = DIRECTION('',(-1.224646799147E-16,-1.,1.110223024625E-16));
#4212 = ORIENTED_EDGE('',*,*,#2835,.T.);
#4213 = ORIENTED_EDGE('',*,*,#3401,.F.);
#4214 = ORIENTED_EDGE('',*,*,#2765,.F.);
#4215 = PLANE('',#4216);
#4216 = AXIS2_PLACEMENT_3D('',#4217,#4218,#4219);
#4217 = CARTESIAN_POINT('',(-0.95,-4.45,4.85));
#4218 = DIRECTION('',(1.,-1.224646799147E-16,0.));
#4219 = DIRECTION('',(-1.359631073446E-32,-1.110223024625E-16,-1.));
#4220 = ADVANCED_FACE('',(#4221),#4227,.F.);
#4221 = FACE_BOUND('',#4222,.F.);
#4222 = EDGE_LOOP('',(#4223,#4224,#4225,#4226));
#4223 = ORIENTED_EDGE('',*,*,#2804,.T.);
#4224 = ORIENTED_EDGE('',*,*,#2827,.T.);
#4225 = ORIENTED_EDGE('',*,*,#4207,.F.);
#4226 = ORIENTED_EDGE('',*,*,#2773,.F.);
#4227 = PLANE('',#4228);
#4228 = AXIS2_PLACEMENT_3D('',#4229,#4230,#4231);
#4229 = CARTESIAN_POINT('',(-0.45,-4.45,4.85));
#4230 = DIRECTION('',(-1.359631073447E-32,-1.110223024625E-16,-1.));
#4231 = DIRECTION('',(-1.,1.224646799147E-16,6.927121900793E-45));
#4232 = ADVANCED_FACE('',(#4233),#4258,.T.);
#4233 = FACE_BOUND('',#4234,.T.);
#4234 = EDGE_LOOP('',(#4235,#4243,#4244,#4252));
#4235 = ORIENTED_EDGE('',*,*,#4236,.F.);
#4236 = EDGE_CURVE('',#3498,#4237,#4239,.T.);
#4237 = VERTEX_POINT('',#4238);
#4238 = CARTESIAN_POINT('',(4.05,-5.75,3.05));
#4239 = LINE('',#4240,#4241);
#4240 = CARTESIAN_POINT('',(4.183333333333,-5.616666666667,
    2.916666666667));
#4241 = VECTOR('',#4242,1.);
#4242 = DIRECTION('',(-0.57735026919,-0.57735026919,0.57735026919));
#4243 = ORIENTED_EDGE('',*,*,#3497,.T.);
#4244 = ORIENTED_EDGE('',*,*,#4245,.T.);
#4245 = EDGE_CURVE('',#3500,#4246,#4248,.T.);
#4246 = VERTEX_POINT('',#4247);
#4247 = CARTESIAN_POINT('',(4.05,-5.75,3.15));
#4248 = LINE('',#4249,#4250);
#4249 = CARTESIAN_POINT('',(4.1,-5.7,3.2));
#4250 = VECTOR('',#4251,1.);
#4251 = DIRECTION('',(-0.57735026919,-0.57735026919,-0.57735026919));
#4252 = ORIENTED_EDGE('',*,*,#4253,.F.);
#4253 = EDGE_CURVE('',#4237,#4246,#4254,.T.);
#4254 = LINE('',#4255,#4256);
#4255 = CARTESIAN_POINT('',(4.05,-5.75,2.85));
#4256 = VECTOR('',#4257,1.);
#4257 = DIRECTION('',(0.,0.,1.));
#4258 = PLANE('',#4259);
#4259 = AXIS2_PLACEMENT_3D('',#4260,#4261,#4262);
#4260 = CARTESIAN_POINT('',(4.15,-5.65,2.85));
#4261 = DIRECTION('',(0.707106781187,-0.707106781187,-1.735417226644E-18
    ));
#4262 = DIRECTION('',(1.227125289148E-18,-1.227125289148E-18,1.));
#4263 = ADVANCED_FACE('',(#4264),#4282,.T.);
#4264 = FACE_BOUND('',#4265,.T.);
#4265 = EDGE_LOOP('',(#4266,#4267,#4268,#4276));
#4266 = ORIENTED_EDGE('',*,*,#4245,.F.);
#4267 = ORIENTED_EDGE('',*,*,#3529,.T.);
#4268 = ORIENTED_EDGE('',*,*,#4269,.T.);
#4269 = EDGE_CURVE('',#3530,#4270,#4272,.T.);
#4270 = VERTEX_POINT('',#4271);
#4271 = CARTESIAN_POINT('',(3.95,-5.75,3.15));
#4272 = LINE('',#4273,#4274);
#4273 = CARTESIAN_POINT('',(3.983333333333,-5.783333333333,
    3.116666666667));
#4274 = VECTOR('',#4275,1.);
#4275 = DIRECTION('',(0.57735026919,-0.57735026919,-0.57735026919));
#4276 = ORIENTED_EDGE('',*,*,#4277,.F.);
#4277 = EDGE_CURVE('',#4246,#4270,#4278,.T.);
#4278 = LINE('',#4279,#4280);
#4279 = CARTESIAN_POINT('',(4.25,-5.75,3.15));
#4280 = VECTOR('',#4281,1.);
#4281 = DIRECTION('',(-1.,1.224646799147E-16,0.));
#4282 = PLANE('',#4283);
#4283 = AXIS2_PLACEMENT_3D('',#4284,#4285,#4286);
#4284 = CARTESIAN_POINT('',(4.25,-5.65,3.25));
#4285 = DIRECTION('',(-8.659560562349E-17,-0.707106781187,0.707106781187
    ));
#4286 = DIRECTION('',(-1.,1.224646799147E-16,2.105272540809E-29));
#4287 = ADVANCED_FACE('',(#4288),#4306,.F.);
#4288 = FACE_BOUND('',#4289,.F.);
#4289 = EDGE_LOOP('',(#4290,#4298,#4299,#4300));
#4290 = ORIENTED_EDGE('',*,*,#4291,.F.);
#4291 = EDGE_CURVE('',#3553,#4292,#4294,.T.);
#4292 = VERTEX_POINT('',#4293);
#4293 = CARTESIAN_POINT('',(3.95,-5.75,3.05));
#4294 = LINE('',#4295,#4296);
#4295 = CARTESIAN_POINT('',(3.9,-5.7,3.));
#4296 = VECTOR('',#4297,1.);
#4297 = DIRECTION('',(0.57735026919,-0.57735026919,0.57735026919));
#4298 = ORIENTED_EDGE('',*,*,#3552,.T.);
#4299 = ORIENTED_EDGE('',*,*,#4269,.T.);
#4300 = ORIENTED_EDGE('',*,*,#4301,.F.);
#4301 = EDGE_CURVE('',#4292,#4270,#4302,.T.);
#4302 = LINE('',#4303,#4304);
#4303 = CARTESIAN_POINT('',(3.95,-5.75,2.85));
#4304 = VECTOR('',#4305,1.);
#4305 = DIRECTION('',(0.,0.,1.));
#4306 = PLANE('',#4307);
#4307 = AXIS2_PLACEMENT_3D('',#4308,#4309,#4310);
#4308 = CARTESIAN_POINT('',(3.85,-5.65,2.85));
#4309 = DIRECTION('',(0.707106781187,0.707106781187,1.735417226644E-18)
  );
#4310 = DIRECTION('',(-1.227125289148E-18,-1.227125289148E-18,1.));
#4311 = ADVANCED_FACE('',(#4312),#4323,.T.);
#4312 = FACE_BOUND('',#4313,.F.);
#4313 = EDGE_LOOP('',(#4314,#4315,#4316,#4317));
#4314 = ORIENTED_EDGE('',*,*,#4236,.F.);
#4315 = ORIENTED_EDGE('',*,*,#3579,.T.);
#4316 = ORIENTED_EDGE('',*,*,#4291,.T.);
#4317 = ORIENTED_EDGE('',*,*,#4318,.F.);
#4318 = EDGE_CURVE('',#4237,#4292,#4319,.T.);
#4319 = LINE('',#4320,#4321);
#4320 = CARTESIAN_POINT('',(4.25,-5.75,3.05));
#4321 = VECTOR('',#4322,1.);
#4322 = DIRECTION('',(-1.,1.224646799147E-16,0.));
#4323 = PLANE('',#4324);
#4324 = AXIS2_PLACEMENT_3D('',#4325,#4326,#4327);
#4325 = CARTESIAN_POINT('',(4.25,-5.65,2.95));
#4326 = DIRECTION('',(-8.659560562349E-17,-0.707106781187,
    -0.707106781187));
#4327 = DIRECTION('',(1.,-1.224646799147E-16,2.105272540809E-29));
#4328 = ADVANCED_FACE('',(#4329),#4354,.F.);
#4329 = FACE_BOUND('',#4330,.F.);
#4330 = EDGE_LOOP('',(#4331,#4339,#4340,#4348));
#4331 = ORIENTED_EDGE('',*,*,#4332,.F.);
#4332 = EDGE_CURVE('',#3594,#4333,#4335,.T.);
#4333 = VERTEX_POINT('',#4334);
#4334 = CARTESIAN_POINT('',(5.95,-5.75,3.05));
#4335 = LINE('',#4336,#4337);
#4336 = CARTESIAN_POINT('',(5.9,-5.7,3.));
#4337 = VECTOR('',#4338,1.);
#4338 = DIRECTION('',(0.57735026919,-0.57735026919,0.57735026919));
#4339 = ORIENTED_EDGE('',*,*,#3593,.T.);
#4340 = ORIENTED_EDGE('',*,*,#4341,.T.);
#4341 = EDGE_CURVE('',#3596,#4342,#4344,.T.);
#4342 = VERTEX_POINT('',#4343);
#4343 = CARTESIAN_POINT('',(5.95,-5.75,3.15));
#4344 = LINE('',#4345,#4346);
#4345 = CARTESIAN_POINT('',(5.983333333333,-5.783333333333,
    3.116666666667));
#4346 = VECTOR('',#4347,1.);
#4347 = DIRECTION('',(0.57735026919,-0.57735026919,-0.57735026919));
#4348 = ORIENTED_EDGE('',*,*,#4349,.F.);
#4349 = EDGE_CURVE('',#4333,#4342,#4350,.T.);
#4350 = LINE('',#4351,#4352);
#4351 = CARTESIAN_POINT('',(5.95,-5.75,2.85));
#4352 = VECTOR('',#4353,1.);
#4353 = DIRECTION('',(0.,0.,1.));
#4354 = PLANE('',#4355);
#4355 = AXIS2_PLACEMENT_3D('',#4356,#4357,#4358);
#4356 = CARTESIAN_POINT('',(5.85,-5.65,2.85));
#4357 = DIRECTION('',(0.707106781187,0.707106781187,1.735417226644E-18)
  );
#4358 = DIRECTION('',(-1.227125289148E-18,-1.227125289148E-18,1.));
#4359 = ADVANCED_FACE('',(#4360),#4378,.T.);
#4360 = FACE_BOUND('',#4361,.F.);
#4361 = EDGE_LOOP('',(#4362,#4370,#4371,#4372));
#4362 = ORIENTED_EDGE('',*,*,#4363,.F.);
#4363 = EDGE_CURVE('',#3625,#4364,#4366,.T.);
#4364 = VERTEX_POINT('',#4365);
#4365 = CARTESIAN_POINT('',(6.05,-5.75,3.05));
#4366 = LINE('',#4367,#4368);
#4367 = CARTESIAN_POINT('',(6.183333333333,-5.616666666667,
    2.916666666667));
#4368 = VECTOR('',#4369,1.);
#4369 = DIRECTION('',(-0.57735026919,-0.57735026919,0.57735026919));
#4370 = ORIENTED_EDGE('',*,*,#3634,.T.);
#4371 = ORIENTED_EDGE('',*,*,#4332,.T.);
#4372 = ORIENTED_EDGE('',*,*,#4373,.F.);
#4373 = EDGE_CURVE('',#4364,#4333,#4374,.T.);
#4374 = LINE('',#4375,#4376);
#4375 = CARTESIAN_POINT('',(6.25,-5.75,3.05));
#4376 = VECTOR('',#4377,1.);
#4377 = DIRECTION('',(-1.,1.224646799147E-16,0.));
#4378 = PLANE('',#4379);
#4379 = AXIS2_PLACEMENT_3D('',#4380,#4381,#4382);
#4380 = CARTESIAN_POINT('',(6.25,-5.65,2.95));
#4381 = DIRECTION('',(-8.659560562349E-17,-0.707106781187,
    -0.707106781187));
#4382 = DIRECTION('',(1.,-1.224646799147E-16,2.105272540809E-29));
#4383 = ADVANCED_FACE('',(#4384),#4402,.T.);
#4384 = FACE_BOUND('',#4385,.T.);
#4385 = EDGE_LOOP('',(#4386,#4387,#4388,#4396));
#4386 = ORIENTED_EDGE('',*,*,#4363,.F.);
#4387 = ORIENTED_EDGE('',*,*,#3648,.T.);
#4388 = ORIENTED_EDGE('',*,*,#4389,.T.);
#4389 = EDGE_CURVE('',#3649,#4390,#4392,.T.);
#4390 = VERTEX_POINT('',#4391);
#4391 = CARTESIAN_POINT('',(6.05,-5.75,3.15));
#4392 = LINE('',#4393,#4394);
#4393 = CARTESIAN_POINT('',(6.1,-5.7,3.2));
#4394 = VECTOR('',#4395,1.);
#4395 = DIRECTION('',(-0.57735026919,-0.57735026919,-0.57735026919));
#4396 = ORIENTED_EDGE('',*,*,#4397,.F.);
#4397 = EDGE_CURVE('',#4364,#4390,#4398,.T.);
#4398 = LINE('',#4399,#4400);
#4399 = CARTESIAN_POINT('',(6.05,-5.75,2.85));
#4400 = VECTOR('',#4401,1.);
#4401 = DIRECTION('',(0.,0.,1.));
#4402 = PLANE('',#4403);
#4403 = AXIS2_PLACEMENT_3D('',#4404,#4405,#4406);
#4404 = CARTESIAN_POINT('',(6.15,-5.65,2.85));
#4405 = DIRECTION('',(0.707106781187,-0.707106781187,-1.735417226644E-18
    ));
#4406 = DIRECTION('',(1.227125289148E-18,-1.227125289148E-18,1.));
#4407 = ADVANCED_FACE('',(#4408),#4419,.T.);
#4408 = FACE_BOUND('',#4409,.T.);
#4409 = EDGE_LOOP('',(#4410,#4411,#4412,#4413));
#4410 = ORIENTED_EDGE('',*,*,#4389,.F.);
#4411 = ORIENTED_EDGE('',*,*,#3673,.T.);
#4412 = ORIENTED_EDGE('',*,*,#4341,.T.);
#4413 = ORIENTED_EDGE('',*,*,#4414,.F.);
#4414 = EDGE_CURVE('',#4390,#4342,#4415,.T.);
#4415 = LINE('',#4416,#4417);
#4416 = CARTESIAN_POINT('',(6.25,-5.75,3.15));
#4417 = VECTOR('',#4418,1.);
#4418 = DIRECTION('',(-1.,1.224646799147E-16,0.));
#4419 = PLANE('',#4420);
#4420 = AXIS2_PLACEMENT_3D('',#4421,#4422,#4423);
#4421 = CARTESIAN_POINT('',(6.25,-5.65,3.25));
#4422 = DIRECTION('',(-8.659560562349E-17,-0.707106781187,0.707106781187
    ));
#4423 = DIRECTION('',(-1.,1.224646799147E-16,2.105272540809E-29));
#4424 = ADVANCED_FACE('',(#4425),#4450,.T.);
#4425 = FACE_BOUND('',#4426,.F.);
#4426 = EDGE_LOOP('',(#4427,#4435,#4443,#4449));
#4427 = ORIENTED_EDGE('',*,*,#4428,.F.);
#4428 = EDGE_CURVE('',#4429,#3690,#4431,.T.);
#4429 = VERTEX_POINT('',#4430);
#4430 = CARTESIAN_POINT('',(5.E-02,-5.75,3.15));
#4431 = LINE('',#4432,#4433);
#4432 = CARTESIAN_POINT('',(0.1,-5.7,3.2));
#4433 = VECTOR('',#4434,1.);
#4434 = DIRECTION('',(0.57735026919,0.57735026919,0.57735026919));
#4435 = ORIENTED_EDGE('',*,*,#4436,.T.);
#4436 = EDGE_CURVE('',#4429,#4437,#4439,.T.);
#4437 = VERTEX_POINT('',#4438);
#4438 = CARTESIAN_POINT('',(-5.E-02,-5.75,3.15));
#4439 = LINE('',#4440,#4441);
#4440 = CARTESIAN_POINT('',(0.25,-5.75,3.15));
#4441 = VECTOR('',#4442,1.);
#4442 = DIRECTION('',(-1.,1.224646799147E-16,0.));
#4443 = ORIENTED_EDGE('',*,*,#4444,.T.);
#4444 = EDGE_CURVE('',#4437,#3698,#4445,.T.);
#4445 = LINE('',#4446,#4447);
#4446 = CARTESIAN_POINT('',(-1.666666666667E-02,-5.783333333333,
    3.116666666667));
#4447 = VECTOR('',#4448,1.);
#4448 = DIRECTION('',(-0.57735026919,0.57735026919,0.57735026919));
#4449 = ORIENTED_EDGE('',*,*,#3697,.F.);
#4450 = PLANE('',#4451);
#4451 = AXIS2_PLACEMENT_3D('',#4452,#4453,#4454);
#4452 = CARTESIAN_POINT('',(0.25,-5.65,3.25));
#4453 = DIRECTION('',(-8.659560562349E-17,-0.707106781187,0.707106781187
    ));
#4454 = DIRECTION('',(1.,-1.224646799147E-16,-2.105272540809E-29));
#4455 = ADVANCED_FACE('',(#4456),#4474,.F.);
#4456 = FACE_BOUND('',#4457,.F.);
#4457 = EDGE_LOOP('',(#4458,#4466,#4467,#4468));
#4458 = ORIENTED_EDGE('',*,*,#4459,.F.);
#4459 = EDGE_CURVE('',#3721,#4460,#4462,.T.);
#4460 = VERTEX_POINT('',#4461);
#4461 = CARTESIAN_POINT('',(-5.E-02,-5.75,3.05));
#4462 = LINE('',#4463,#4464);
#4463 = CARTESIAN_POINT('',(-0.1,-5.7,3.));
#4464 = VECTOR('',#4465,1.);
#4465 = DIRECTION('',(0.57735026919,-0.57735026919,0.57735026919));
#4466 = ORIENTED_EDGE('',*,*,#3720,.T.);
#4467 = ORIENTED_EDGE('',*,*,#4444,.F.);
#4468 = ORIENTED_EDGE('',*,*,#4469,.F.);
#4469 = EDGE_CURVE('',#4460,#4437,#4470,.T.);
#4470 = LINE('',#4471,#4472);
#4471 = CARTESIAN_POINT('',(-5.E-02,-5.75,2.85));
#4472 = VECTOR('',#4473,1.);
#4473 = DIRECTION('',(0.,0.,1.));
#4474 = PLANE('',#4475);
#4475 = AXIS2_PLACEMENT_3D('',#4476,#4477,#4478);
#4476 = CARTESIAN_POINT('',(-0.15,-5.65,2.85));
#4477 = DIRECTION('',(0.707106781187,0.707106781187,1.735417226644E-18)
  );
#4478 = DIRECTION('',(-1.227125289148E-18,-1.227125289148E-18,1.));
#4479 = ADVANCED_FACE('',(#4480),#4498,.T.);
#4480 = FACE_BOUND('',#4481,.F.);
#4481 = EDGE_LOOP('',(#4482,#4490,#4491,#4492));
#4482 = ORIENTED_EDGE('',*,*,#4483,.F.);
#4483 = EDGE_CURVE('',#3745,#4484,#4486,.T.);
#4484 = VERTEX_POINT('',#4485);
#4485 = CARTESIAN_POINT('',(5.E-02,-5.75,3.05));
#4486 = LINE('',#4487,#4488);
#4487 = CARTESIAN_POINT('',(0.183333333333,-5.616666666667,
    2.916666666667));
#4488 = VECTOR('',#4489,1.);
#4489 = DIRECTION('',(-0.57735026919,-0.57735026919,0.57735026919));
#4490 = ORIENTED_EDGE('',*,*,#3754,.T.);
#4491 = ORIENTED_EDGE('',*,*,#4459,.T.);
#4492 = ORIENTED_EDGE('',*,*,#4493,.F.);
#4493 = EDGE_CURVE('',#4484,#4460,#4494,.T.);
#4494 = LINE('',#4495,#4496);
#4495 = CARTESIAN_POINT('',(0.25,-5.75,3.05));
#4496 = VECTOR('',#4497,1.);
#4497 = DIRECTION('',(-1.,1.224646799147E-16,0.));
#4498 = PLANE('',#4499);
#4499 = AXIS2_PLACEMENT_3D('',#4500,#4501,#4502);
#4500 = CARTESIAN_POINT('',(0.25,-5.65,2.95));
#4501 = DIRECTION('',(-8.659560562349E-17,-0.707106781187,
    -0.707106781187));
#4502 = DIRECTION('',(1.,-1.224646799147E-16,2.105272540809E-29));
#4503 = ADVANCED_FACE('',(#4504),#4515,.T.);
#4504 = FACE_BOUND('',#4505,.T.);
#4505 = EDGE_LOOP('',(#4506,#4507,#4508,#4509));
#4506 = ORIENTED_EDGE('',*,*,#4483,.F.);
#4507 = ORIENTED_EDGE('',*,*,#3768,.T.);
#4508 = ORIENTED_EDGE('',*,*,#4428,.F.);
#4509 = ORIENTED_EDGE('',*,*,#4510,.F.);
#4510 = EDGE_CURVE('',#4484,#4429,#4511,.T.);
#4511 = LINE('',#4512,#4513);
#4512 = CARTESIAN_POINT('',(5.E-02,-5.75,2.85));
#4513 = VECTOR('',#4514,1.);
#4514 = DIRECTION('',(0.,0.,1.));
#4515 = PLANE('',#4516);
#4516 = AXIS2_PLACEMENT_3D('',#4517,#4518,#4519);
#4517 = CARTESIAN_POINT('',(0.15,-5.65,2.85));
#4518 = DIRECTION('',(0.707106781187,-0.707106781187,-1.735417226644E-18
    ));
#4519 = DIRECTION('',(1.227125289148E-18,-1.227125289148E-18,1.));
#4520 = ADVANCED_FACE('',(#4521),#4546,.F.);
#4521 = FACE_BOUND('',#4522,.F.);
#4522 = EDGE_LOOP('',(#4523,#4531,#4532,#4540));
#4523 = ORIENTED_EDGE('',*,*,#4524,.F.);
#4524 = EDGE_CURVE('',#3786,#4525,#4527,.T.);
#4525 = VERTEX_POINT('',#4526);
#4526 = CARTESIAN_POINT('',(1.95,-5.75,3.05));
#4527 = LINE('',#4528,#4529);
#4528 = CARTESIAN_POINT('',(1.9,-5.7,3.));
#4529 = VECTOR('',#4530,1.);
#4530 = DIRECTION('',(0.57735026919,-0.57735026919,0.57735026919));
#4531 = ORIENTED_EDGE('',*,*,#3785,.T.);
#4532 = ORIENTED_EDGE('',*,*,#4533,.T.);
#4533 = EDGE_CURVE('',#3788,#4534,#4536,.T.);
#4534 = VERTEX_POINT('',#4535);
#4535 = CARTESIAN_POINT('',(1.95,-5.75,3.15));
#4536 = LINE('',#4537,#4538);
#4537 = CARTESIAN_POINT('',(1.983333333333,-5.783333333333,
    3.116666666667));
#4538 = VECTOR('',#4539,1.);
#4539 = DIRECTION('',(0.57735026919,-0.57735026919,-0.57735026919));
#4540 = ORIENTED_EDGE('',*,*,#4541,.F.);
#4541 = EDGE_CURVE('',#4525,#4534,#4542,.T.);
#4542 = LINE('',#4543,#4544);
#4543 = CARTESIAN_POINT('',(1.95,-5.75,2.85));
#4544 = VECTOR('',#4545,1.);
#4545 = DIRECTION('',(0.,0.,1.));
#4546 = PLANE('',#4547);
#4547 = AXIS2_PLACEMENT_3D('',#4548,#4549,#4550);
#4548 = CARTESIAN_POINT('',(1.85,-5.65,2.85));
#4549 = DIRECTION('',(0.707106781187,0.707106781187,1.735417226644E-18)
  );
#4550 = DIRECTION('',(-1.227125289148E-18,-1.227125289148E-18,1.));
#4551 = ADVANCED_FACE('',(#4552),#4570,.T.);
#4552 = FACE_BOUND('',#4553,.F.);
#4553 = EDGE_LOOP('',(#4554,#4562,#4563,#4564));
#4554 = ORIENTED_EDGE('',*,*,#4555,.F.);
#4555 = EDGE_CURVE('',#3817,#4556,#4558,.T.);
#4556 = VERTEX_POINT('',#4557);
#4557 = CARTESIAN_POINT('',(2.05,-5.75,3.05));
#4558 = LINE('',#4559,#4560);
#4559 = CARTESIAN_POINT('',(2.183333333333,-5.616666666667,
    2.916666666667));
#4560 = VECTOR('',#4561,1.);
#4561 = DIRECTION('',(-0.57735026919,-0.57735026919,0.57735026919));
#4562 = ORIENTED_EDGE('',*,*,#3826,.T.);
#4563 = ORIENTED_EDGE('',*,*,#4524,.T.);
#4564 = ORIENTED_EDGE('',*,*,#4565,.F.);
#4565 = EDGE_CURVE('',#4556,#4525,#4566,.T.);
#4566 = LINE('',#4567,#4568);
#4567 = CARTESIAN_POINT('',(2.25,-5.75,3.05));
#4568 = VECTOR('',#4569,1.);
#4569 = DIRECTION('',(-1.,1.224646799147E-16,0.));
#4570 = PLANE('',#4571);
#4571 = AXIS2_PLACEMENT_3D('',#4572,#4573,#4574);
#4572 = CARTESIAN_POINT('',(2.25,-5.65,2.95));
#4573 = DIRECTION('',(-8.659560562349E-17,-0.707106781187,
    -0.707106781187));
#4574 = DIRECTION('',(1.,-1.224646799147E-16,2.105272540809E-29));
#4575 = ADVANCED_FACE('',(#4576),#4594,.T.);
#4576 = FACE_BOUND('',#4577,.T.);
#4577 = EDGE_LOOP('',(#4578,#4579,#4580,#4588));
#4578 = ORIENTED_EDGE('',*,*,#4555,.F.);
#4579 = ORIENTED_EDGE('',*,*,#3840,.T.);
#4580 = ORIENTED_EDGE('',*,*,#4581,.T.);
#4581 = EDGE_CURVE('',#3841,#4582,#4584,.T.);
#4582 = VERTEX_POINT('',#4583);
#4583 = CARTESIAN_POINT('',(2.05,-5.75,3.15));
#4584 = LINE('',#4585,#4586);
#4585 = CARTESIAN_POINT('',(2.1,-5.7,3.2));
#4586 = VECTOR('',#4587,1.);
#4587 = DIRECTION('',(-0.57735026919,-0.57735026919,-0.57735026919));
#4588 = ORIENTED_EDGE('',*,*,#4589,.F.);
#4589 = EDGE_CURVE('',#4556,#4582,#4590,.T.);
#4590 = LINE('',#4591,#4592);
#4591 = CARTESIAN_POINT('',(2.05,-5.75,2.85));
#4592 = VECTOR('',#4593,1.);
#4593 = DIRECTION('',(0.,0.,1.));
#4594 = PLANE('',#4595);
#4595 = AXIS2_PLACEMENT_3D('',#4596,#4597,#4598);
#4596 = CARTESIAN_POINT('',(2.15,-5.65,2.85));
#4597 = DIRECTION('',(0.707106781187,-0.707106781187,-1.735417226644E-18
    ));
#4598 = DIRECTION('',(1.227125289148E-18,-1.227125289148E-18,1.));
#4599 = ADVANCED_FACE('',(#4600),#4611,.T.);
#4600 = FACE_BOUND('',#4601,.T.);
#4601 = EDGE_LOOP('',(#4602,#4603,#4604,#4605));
#4602 = ORIENTED_EDGE('',*,*,#4581,.F.);
#4603 = ORIENTED_EDGE('',*,*,#3865,.T.);
#4604 = ORIENTED_EDGE('',*,*,#4533,.T.);
#4605 = ORIENTED_EDGE('',*,*,#4606,.F.);
#4606 = EDGE_CURVE('',#4582,#4534,#4607,.T.);
#4607 = LINE('',#4608,#4609);
#4608 = CARTESIAN_POINT('',(2.25,-5.75,3.15));
#4609 = VECTOR('',#4610,1.);
#4610 = DIRECTION('',(-1.,1.224646799147E-16,0.));
#4611 = PLANE('',#4612);
#4612 = AXIS2_PLACEMENT_3D('',#4613,#4614,#4615);
#4613 = CARTESIAN_POINT('',(2.25,-5.65,3.25));
#4614 = DIRECTION('',(-8.659560562349E-17,-0.707106781187,0.707106781187
    ));
#4615 = DIRECTION('',(-1.,1.224646799147E-16,2.105272540809E-29));
#4616 = ADVANCED_FACE('',(#4617),#4642,.T.);
#4617 = FACE_BOUND('',#4618,.F.);
#4618 = EDGE_LOOP('',(#4619,#4627,#4635,#4641));
#4619 = ORIENTED_EDGE('',*,*,#4620,.F.);
#4620 = EDGE_CURVE('',#4621,#3882,#4623,.T.);
#4621 = VERTEX_POINT('',#4622);
#4622 = CARTESIAN_POINT('',(8.05,-5.75,3.15));
#4623 = LINE('',#4624,#4625);
#4624 = CARTESIAN_POINT('',(8.1,-5.7,3.2));
#4625 = VECTOR('',#4626,1.);
#4626 = DIRECTION('',(0.57735026919,0.57735026919,0.57735026919));
#4627 = ORIENTED_EDGE('',*,*,#4628,.T.);
#4628 = EDGE_CURVE('',#4621,#4629,#4631,.T.);
#4629 = VERTEX_POINT('',#4630);
#4630 = CARTESIAN_POINT('',(7.95,-5.75,3.15));
#4631 = LINE('',#4632,#4633);
#4632 = CARTESIAN_POINT('',(8.25,-5.75,3.15));
#4633 = VECTOR('',#4634,1.);
#4634 = DIRECTION('',(-1.,1.224646799147E-16,0.));
#4635 = ORIENTED_EDGE('',*,*,#4636,.T.);
#4636 = EDGE_CURVE('',#4629,#3890,#4637,.T.);
#4637 = LINE('',#4638,#4639);
#4638 = CARTESIAN_POINT('',(7.983333333333,-5.783333333333,
    3.116666666667));
#4639 = VECTOR('',#4640,1.);
#4640 = DIRECTION('',(-0.57735026919,0.57735026919,0.57735026919));
#4641 = ORIENTED_EDGE('',*,*,#3889,.F.);
#4642 = PLANE('',#4643);
#4643 = AXIS2_PLACEMENT_3D('',#4644,#4645,#4646);
#4644 = CARTESIAN_POINT('',(8.25,-5.65,3.25));
#4645 = DIRECTION('',(-8.659560562349E-17,-0.707106781187,0.707106781187
    ));
#4646 = DIRECTION('',(1.,-1.224646799147E-16,-2.105272540809E-29));
#4647 = ADVANCED_FACE('',(#4648),#4666,.F.);
#4648 = FACE_BOUND('',#4649,.F.);
#4649 = EDGE_LOOP('',(#4650,#4658,#4659,#4660));
#4650 = ORIENTED_EDGE('',*,*,#4651,.F.);
#4651 = EDGE_CURVE('',#3913,#4652,#4654,.T.);
#4652 = VERTEX_POINT('',#4653);
#4653 = CARTESIAN_POINT('',(7.95,-5.75,3.05));
#4654 = LINE('',#4655,#4656);
#4655 = CARTESIAN_POINT('',(7.9,-5.7,3.));
#4656 = VECTOR('',#4657,1.);
#4657 = DIRECTION('',(0.57735026919,-0.57735026919,0.57735026919));
#4658 = ORIENTED_EDGE('',*,*,#3912,.T.);
#4659 = ORIENTED_EDGE('',*,*,#4636,.F.);
#4660 = ORIENTED_EDGE('',*,*,#4661,.F.);
#4661 = EDGE_CURVE('',#4652,#4629,#4662,.T.);
#4662 = LINE('',#4663,#4664);
#4663 = CARTESIAN_POINT('',(7.95,-5.75,2.85));
#4664 = VECTOR('',#4665,1.);
#4665 = DIRECTION('',(0.,0.,1.));
#4666 = PLANE('',#4667);
#4667 = AXIS2_PLACEMENT_3D('',#4668,#4669,#4670);
#4668 = CARTESIAN_POINT('',(7.85,-5.65,2.85));
#4669 = DIRECTION('',(0.707106781187,0.707106781187,1.735417226644E-18)
  );
#4670 = DIRECTION('',(-1.227125289148E-18,-1.227125289148E-18,1.));
#4671 = ADVANCED_FACE('',(#4672),#4690,.T.);
#4672 = FACE_BOUND('',#4673,.F.);
#4673 = EDGE_LOOP('',(#4674,#4682,#4683,#4684));
#4674 = ORIENTED_EDGE('',*,*,#4675,.F.);
#4675 = EDGE_CURVE('',#3937,#4676,#4678,.T.);
#4676 = VERTEX_POINT('',#4677);
#4677 = CARTESIAN_POINT('',(8.05,-5.75,3.05));
#4678 = LINE('',#4679,#4680);
#4679 = CARTESIAN_POINT('',(8.183333333333,-5.616666666667,
    2.916666666667));
#4680 = VECTOR('',#4681,1.);
#4681 = DIRECTION('',(-0.57735026919,-0.57735026919,0.57735026919));
#4682 = ORIENTED_EDGE('',*,*,#3946,.T.);
#4683 = ORIENTED_EDGE('',*,*,#4651,.T.);
#4684 = ORIENTED_EDGE('',*,*,#4685,.F.);
#4685 = EDGE_CURVE('',#4676,#4652,#4686,.T.);
#4686 = LINE('',#4687,#4688);
#4687 = CARTESIAN_POINT('',(8.25,-5.75,3.05));
#4688 = VECTOR('',#4689,1.);
#4689 = DIRECTION('',(-1.,1.224646799147E-16,0.));
#4690 = PLANE('',#4691);
#4691 = AXIS2_PLACEMENT_3D('',#4692,#4693,#4694);
#4692 = CARTESIAN_POINT('',(8.25,-5.65,2.95));
#4693 = DIRECTION('',(-8.659560562349E-17,-0.707106781187,
    -0.707106781187));
#4694 = DIRECTION('',(1.,-1.224646799147E-16,2.105272540809E-29));
#4695 = ADVANCED_FACE('',(#4696),#4707,.T.);
#4696 = FACE_BOUND('',#4697,.T.);
#4697 = EDGE_LOOP('',(#4698,#4699,#4700,#4701));
#4698 = ORIENTED_EDGE('',*,*,#4675,.F.);
#4699 = ORIENTED_EDGE('',*,*,#3960,.T.);
#4700 = ORIENTED_EDGE('',*,*,#4620,.F.);
#4701 = ORIENTED_EDGE('',*,*,#4702,.F.);
#4702 = EDGE_CURVE('',#4676,#4621,#4703,.T.);
#4703 = LINE('',#4704,#4705);
#4704 = CARTESIAN_POINT('',(8.05,-5.75,2.85));
#4705 = VECTOR('',#4706,1.);
#4706 = DIRECTION('',(0.,0.,1.));
#4707 = PLANE('',#4708);
#4708 = AXIS2_PLACEMENT_3D('',#4709,#4710,#4711);
#4709 = CARTESIAN_POINT('',(8.15,-5.65,2.85));
#4710 = DIRECTION('',(0.707106781187,-0.707106781187,-1.735417226644E-18
    ));
#4711 = DIRECTION('',(1.227125289148E-18,-1.227125289148E-18,1.));
#4712 = ADVANCED_FACE('',(#4713),#4738,.F.);
#4713 = FACE_BOUND('',#4714,.F.);
#4714 = EDGE_LOOP('',(#4715,#4723,#4724,#4732));
#4715 = ORIENTED_EDGE('',*,*,#4716,.F.);
#4716 = EDGE_CURVE('',#3986,#4717,#4719,.T.);
#4717 = VERTEX_POINT('',#4718);
#4718 = CARTESIAN_POINT('',(8.25,-0.3,3.35));
#4719 = LINE('',#4720,#4721);
#4720 = CARTESIAN_POINT('',(8.25,-5.75,3.35));
#4721 = VECTOR('',#4722,1.);
#4722 = DIRECTION('',(1.224646799147E-16,1.,0.));
#4723 = ORIENTED_EDGE('',*,*,#3983,.F.);
#4724 = ORIENTED_EDGE('',*,*,#4725,.T.);
#4725 = EDGE_CURVE('',#3984,#4726,#4728,.T.);
#4726 = VERTEX_POINT('',#4727);
#4727 = CARTESIAN_POINT('',(7.75,-0.3,3.35));
#4728 = LINE('',#4729,#4730);
#4729 = CARTESIAN_POINT('',(7.75,-5.75,3.35));
#4730 = VECTOR('',#4731,1.);
#4731 = DIRECTION('',(1.224646799147E-16,1.,0.));
#4732 = ORIENTED_EDGE('',*,*,#4733,.F.);
#4733 = EDGE_CURVE('',#4717,#4726,#4734,.T.);
#4734 = LINE('',#4735,#4736);
#4735 = CARTESIAN_POINT('',(8.25,-0.3,3.35));
#4736 = VECTOR('',#4737,1.);
#4737 = DIRECTION('',(-1.,1.224646799147E-16,0.));
#4738 = PLANE('',#4739);
#4739 = AXIS2_PLACEMENT_3D('',#4740,#4741,#4742);
#4740 = CARTESIAN_POINT('',(8.25,-5.75,3.35));
#4741 = DIRECTION('',(-0.,0.,-1.));
#4742 = DIRECTION('',(1.224646799147E-16,1.,0.));
#4743 = ADVANCED_FACE('',(#4744),#4828,.T.);
#4744 = FACE_BOUND('',#4745,.T.);
#4745 = EDGE_LOOP('',(#4746,#4747,#4748,#4757,#4765,#4773,#4781,#4789,
    #4797,#4805,#4813,#4822));
#4746 = ORIENTED_EDGE('',*,*,#4009,.F.);
#4747 = ORIENTED_EDGE('',*,*,#4725,.T.);
#4748 = ORIENTED_EDGE('',*,*,#4749,.T.);
#4749 = EDGE_CURVE('',#4726,#4750,#4752,.T.);
#4750 = VERTEX_POINT('',#4751);
#4751 = CARTESIAN_POINT('',(7.75,0.25,2.8));
#4752 = CIRCLE('',#4753,0.55);
#4753 = AXIS2_PLACEMENT_3D('',#4754,#4755,#4756);
#4754 = CARTESIAN_POINT('',(7.75,-0.3,2.8));
#4755 = DIRECTION('',(-1.,1.224646799147E-16,0.));
#4756 = DIRECTION('',(0.,0.,1.));
#4757 = ORIENTED_EDGE('',*,*,#4758,.T.);
#4758 = EDGE_CURVE('',#4750,#4759,#4761,.T.);
#4759 = VERTEX_POINT('',#4760);
#4760 = CARTESIAN_POINT('',(7.75,0.25,-0.9));
#4761 = LINE('',#4762,#4763);
#4762 = CARTESIAN_POINT('',(7.75,0.25,3.35));
#4763 = VECTOR('',#4764,1.);
#4764 = DIRECTION('',(-0.,0.,-1.));
#4765 = ORIENTED_EDGE('',*,*,#4766,.T.);
#4766 = EDGE_CURVE('',#4759,#4767,#4769,.T.);
#4767 = VERTEX_POINT('',#4768);
#4768 = CARTESIAN_POINT('',(7.75,-5.E-02,-1.5));
#4769 = LINE('',#4770,#4771);
#4770 = CARTESIAN_POINT('',(7.75,0.25,-0.9));
#4771 = VECTOR('',#4772,1.);
#4772 = DIRECTION('',(-5.476786982641E-17,-0.4472135955,-0.894427191));
#4773 = ORIENTED_EDGE('',*,*,#4774,.T.);
#4774 = EDGE_CURVE('',#4767,#4775,#4777,.T.);
#4775 = VERTEX_POINT('',#4776);
#4776 = CARTESIAN_POINT('',(7.75,0.218421052632,-3.2));
#4777 = LINE('',#4778,#4779);
#4778 = CARTESIAN_POINT('',(7.75,-5.E-02,-1.5));
#4779 = VECTOR('',#4780,1.);
#4780 = DIRECTION('',(1.909990663905E-17,0.155962573473,-0.987762965329)
  );
#4781 = ORIENTED_EDGE('',*,*,#4782,.T.);
#4782 = EDGE_CURVE('',#4775,#4783,#4785,.T.);
#4783 = VERTEX_POINT('',#4784);
#4784 = CARTESIAN_POINT('',(7.75,-0.281578947368,-3.2));
#4785 = LINE('',#4786,#4787);
#4786 = CARTESIAN_POINT('',(7.75,0.25,-3.2));
#4787 = VECTOR('',#4788,1.);
#4788 = DIRECTION('',(-1.224646799147E-16,-1.,0.));
#4789 = ORIENTED_EDGE('',*,*,#4790,.T.);
#4790 = EDGE_CURVE('',#4783,#4791,#4793,.T.);
#4791 = VERTEX_POINT('',#4792);
#4792 = CARTESIAN_POINT('',(7.75,-0.55,-1.5));
#4793 = LINE('',#4794,#4795);
#4794 = CARTESIAN_POINT('',(7.75,-0.25,-3.4));
#4795 = VECTOR('',#4796,1.);
#4796 = DIRECTION('',(-1.909990663905E-17,-0.155962573473,0.987762965329
    ));
#4797 = ORIENTED_EDGE('',*,*,#4798,.T.);
#4798 = EDGE_CURVE('',#4791,#4799,#4801,.T.);
#4799 = VERTEX_POINT('',#4800);
#4800 = CARTESIAN_POINT('',(7.75,-0.25,-0.9));
#4801 = LINE('',#4802,#4803);
#4802 = CARTESIAN_POINT('',(7.75,-0.55,-1.5));
#4803 = VECTOR('',#4804,1.);
#4804 = DIRECTION('',(5.476786982641E-17,0.4472135955,0.894427191));
#4805 = ORIENTED_EDGE('',*,*,#4806,.T.);
#4806 = EDGE_CURVE('',#4799,#4807,#4809,.T.);
#4807 = VERTEX_POINT('',#4808);
#4808 = CARTESIAN_POINT('',(7.75,-0.25,2.8));
#4809 = LINE('',#4810,#4811);
#4810 = CARTESIAN_POINT('',(7.75,-0.25,-0.9));
#4811 = VECTOR('',#4812,1.);
#4812 = DIRECTION('',(0.,0.,1.));
#4813 = ORIENTED_EDGE('',*,*,#4814,.F.);
#4814 = EDGE_CURVE('',#4815,#4807,#4817,.T.);
#4815 = VERTEX_POINT('',#4816);
#4816 = CARTESIAN_POINT('',(7.75,-0.3,2.85));
#4817 = CIRCLE('',#4818,5.E-02);
#4818 = AXIS2_PLACEMENT_3D('',#4819,#4820,#4821);
#4819 = CARTESIAN_POINT('',(7.75,-0.3,2.8));
#4820 = DIRECTION('',(-1.,1.224646799147E-16,0.));
#4821 = DIRECTION('',(0.,0.,1.));
#4822 = ORIENTED_EDGE('',*,*,#4823,.T.);
#4823 = EDGE_CURVE('',#4815,#4002,#4824,.T.);
#4824 = LINE('',#4825,#4826);
#4825 = CARTESIAN_POINT('',(7.75,-0.25,2.85));
#4826 = VECTOR('',#4827,1.);
#4827 = DIRECTION('',(-1.224646799147E-16,-1.,0.));
#4828 = PLANE('',#4829);
#4829 = AXIS2_PLACEMENT_3D('',#4830,#4831,#4832);
#4830 = CARTESIAN_POINT('',(7.75,-1.421959173294,1.302213422577));
#4831 = DIRECTION('',(-1.,1.224646799147E-16,0.));
#4832 = DIRECTION('',(0.,0.,1.));
#4833 = ADVANCED_FACE('',(#4834),#4852,.F.);
#4834 = FACE_BOUND('',#4835,.F.);
#4835 = EDGE_LOOP('',(#4836,#4844,#4850,#4851));
#4836 = ORIENTED_EDGE('',*,*,#4837,.F.);
#4837 = EDGE_CURVE('',#4838,#3994,#4840,.T.);
#4838 = VERTEX_POINT('',#4839);
#4839 = CARTESIAN_POINT('',(8.25,-0.3,2.85));
#4840 = LINE('',#4841,#4842);
#4841 = CARTESIAN_POINT('',(8.25,-0.25,2.85));
#4842 = VECTOR('',#4843,1.);
#4843 = DIRECTION('',(-1.224646799147E-16,-1.,0.));
#4844 = ORIENTED_EDGE('',*,*,#4845,.T.);
#4845 = EDGE_CURVE('',#4838,#4815,#4846,.T.);
#4846 = LINE('',#4847,#4848);
#4847 = CARTESIAN_POINT('',(8.25,-0.3,2.85));
#4848 = VECTOR('',#4849,1.);
#4849 = DIRECTION('',(-1.,1.224646799147E-16,0.));
#4850 = ORIENTED_EDGE('',*,*,#4823,.T.);
#4851 = ORIENTED_EDGE('',*,*,#4001,.F.);
#4852 = PLANE('',#4853);
#4853 = AXIS2_PLACEMENT_3D('',#4854,#4855,#4856);
#4854 = CARTESIAN_POINT('',(8.25,-0.25,2.85));
#4855 = DIRECTION('',(0.,0.,1.));
#4856 = DIRECTION('',(-1.224646799147E-16,-1.,0.));
#4857 = ADVANCED_FACE('',(#4858),#4935,.F.);
#4858 = FACE_BOUND('',#4859,.F.);
#4859 = EDGE_LOOP('',(#4860,#4861,#4862,#4871,#4879,#4887,#4895,#4903,
    #4911,#4919,#4927,#4934));
#4860 = ORIENTED_EDGE('',*,*,#3993,.F.);
#4861 = ORIENTED_EDGE('',*,*,#4716,.T.);
#4862 = ORIENTED_EDGE('',*,*,#4863,.T.);
#4863 = EDGE_CURVE('',#4717,#4864,#4866,.T.);
#4864 = VERTEX_POINT('',#4865);
#4865 = CARTESIAN_POINT('',(8.25,0.25,2.8));
#4866 = CIRCLE('',#4867,0.55);
#4867 = AXIS2_PLACEMENT_3D('',#4868,#4869,#4870);
#4868 = CARTESIAN_POINT('',(8.25,-0.3,2.8));
#4869 = DIRECTION('',(-1.,1.224646799147E-16,0.));
#4870 = DIRECTION('',(0.,0.,1.));
#4871 = ORIENTED_EDGE('',*,*,#4872,.T.);
#4872 = EDGE_CURVE('',#4864,#4873,#4875,.T.);
#4873 = VERTEX_POINT('',#4874);
#4874 = CARTESIAN_POINT('',(8.25,0.25,-0.9));
#4875 = LINE('',#4876,#4877);
#4876 = CARTESIAN_POINT('',(8.25,0.25,3.35));
#4877 = VECTOR('',#4878,1.);
#4878 = DIRECTION('',(-0.,0.,-1.));
#4879 = ORIENTED_EDGE('',*,*,#4880,.T.);
#4880 = EDGE_CURVE('',#4873,#4881,#4883,.T.);
#4881 = VERTEX_POINT('',#4882);
#4882 = CARTESIAN_POINT('',(8.25,-5.E-02,-1.5));
#4883 = LINE('',#4884,#4885);
#4884 = CARTESIAN_POINT('',(8.25,0.25,-0.9));
#4885 = VECTOR('',#4886,1.);
#4886 = DIRECTION('',(-5.476786982641E-17,-0.4472135955,-0.894427191));
#4887 = ORIENTED_EDGE('',*,*,#4888,.T.);
#4888 = EDGE_CURVE('',#4881,#4889,#4891,.T.);
#4889 = VERTEX_POINT('',#4890);
#4890 = CARTESIAN_POINT('',(8.25,0.218421052632,-3.2));
#4891 = LINE('',#4892,#4893);
#4892 = CARTESIAN_POINT('',(8.25,-5.E-02,-1.5));
#4893 = VECTOR('',#4894,1.);
#4894 = DIRECTION('',(1.909990663905E-17,0.155962573473,-0.987762965329)
  );
#4895 = ORIENTED_EDGE('',*,*,#4896,.T.);
#4896 = EDGE_CURVE('',#4889,#4897,#4899,.T.);
#4897 = VERTEX_POINT('',#4898);
#4898 = CARTESIAN_POINT('',(8.25,-0.281578947368,-3.2));
#4899 = LINE('',#4900,#4901);
#4900 = CARTESIAN_POINT('',(8.25,0.25,-3.2));
#4901 = VECTOR('',#4902,1.);
#4902 = DIRECTION('',(-1.224646799147E-16,-1.,0.));
#4903 = ORIENTED_EDGE('',*,*,#4904,.T.);
#4904 = EDGE_CURVE('',#4897,#4905,#4907,.T.);
#4905 = VERTEX_POINT('',#4906);
#4906 = CARTESIAN_POINT('',(8.25,-0.55,-1.5));
#4907 = LINE('',#4908,#4909);
#4908 = CARTESIAN_POINT('',(8.25,-0.25,-3.4));
#4909 = VECTOR('',#4910,1.);
#4910 = DIRECTION('',(-1.909990663905E-17,-0.155962573473,0.987762965329
    ));
#4911 = ORIENTED_EDGE('',*,*,#4912,.T.);
#4912 = EDGE_CURVE('',#4905,#4913,#4915,.T.);
#4913 = VERTEX_POINT('',#4914);
#4914 = CARTESIAN_POINT('',(8.25,-0.25,-0.9));
#4915 = LINE('',#4916,#4917);
#4916 = CARTESIAN_POINT('',(8.25,-0.55,-1.5));
#4917 = VECTOR('',#4918,1.);
#4918 = DIRECTION('',(5.476786982641E-17,0.4472135955,0.894427191));
#4919 = ORIENTED_EDGE('',*,*,#4920,.T.);
#4920 = EDGE_CURVE('',#4913,#4921,#4923,.T.);
#4921 = VERTEX_POINT('',#4922);
#4922 = CARTESIAN_POINT('',(8.25,-0.25,2.8));
#4923 = LINE('',#4924,#4925);
#4924 = CARTESIAN_POINT('',(8.25,-0.25,-0.9));
#4925 = VECTOR('',#4926,1.);
#4926 = DIRECTION('',(0.,0.,1.));
#4927 = ORIENTED_EDGE('',*,*,#4928,.F.);
#4928 = EDGE_CURVE('',#4838,#4921,#4929,.T.);
#4929 = CIRCLE('',#4930,5.E-02);
#4930 = AXIS2_PLACEMENT_3D('',#4931,#4932,#4933);
#4931 = CARTESIAN_POINT('',(8.25,-0.3,2.8));
#4932 = DIRECTION('',(-1.,1.224646799147E-16,0.));
#4933 = DIRECTION('',(0.,0.,1.));
#4934 = ORIENTED_EDGE('',*,*,#4837,.T.);
#4935 = PLANE('',#4936);
#4936 = AXIS2_PLACEMENT_3D('',#4937,#4938,#4939);
#4937 = CARTESIAN_POINT('',(8.25,-1.421959173294,1.302213422577));
#4938 = DIRECTION('',(-1.,1.224646799147E-16,0.));
#4939 = DIRECTION('',(0.,0.,1.));
#4940 = ADVANCED_FACE('',(#4941),#5000,.T.);
#4941 = FACE_BOUND('',#4942,.T.);
#4942 = EDGE_LOOP('',(#4943,#4944,#4952,#4961,#4969,#4977,#4985,#4994));
#4943 = ORIENTED_EDGE('',*,*,#4029,.F.);
#4944 = ORIENTED_EDGE('',*,*,#4945,.T.);
#4945 = EDGE_CURVE('',#4030,#4946,#4948,.T.);
#4946 = VERTEX_POINT('',#4947);
#4947 = CARTESIAN_POINT('',(5.75,-0.3,3.35));
#4948 = LINE('',#4949,#4950);
#4949 = CARTESIAN_POINT('',(5.75,-5.75,3.35));
#4950 = VECTOR('',#4951,1.);
#4951 = DIRECTION('',(1.224646799147E-16,1.,0.));
#4952 = ORIENTED_EDGE('',*,*,#4953,.T.);
#4953 = EDGE_CURVE('',#4946,#4954,#4956,.T.);
#4954 = VERTEX_POINT('',#4955);
#4955 = CARTESIAN_POINT('',(5.75,0.25,2.8));
#4956 = CIRCLE('',#4957,0.55);
#4957 = AXIS2_PLACEMENT_3D('',#4958,#4959,#4960);
#4958 = CARTESIAN_POINT('',(5.75,-0.3,2.8));
#4959 = DIRECTION('',(-1.,1.224646799147E-16,0.));
#4960 = DIRECTION('',(0.,0.,1.));
#4961 = ORIENTED_EDGE('',*,*,#4962,.T.);
#4962 = EDGE_CURVE('',#4954,#4963,#4965,.T.);
#4963 = VERTEX_POINT('',#4964);
#4964 = CARTESIAN_POINT('',(5.75,0.25,-3.2));
#4965 = LINE('',#4966,#4967);
#4966 = CARTESIAN_POINT('',(5.75,0.25,3.35));
#4967 = VECTOR('',#4968,1.);
#4968 = DIRECTION('',(-0.,0.,-1.));
#4969 = ORIENTED_EDGE('',*,*,#4970,.T.);
#4970 = EDGE_CURVE('',#4963,#4971,#4973,.T.);
#4971 = VERTEX_POINT('',#4972);
#4972 = CARTESIAN_POINT('',(5.75,-0.25,-3.2));
#4973 = LINE('',#4974,#4975);
#4974 = CARTESIAN_POINT('',(5.75,0.25,-3.2));
#4975 = VECTOR('',#4976,1.);
#4976 = DIRECTION('',(-1.224646799147E-16,-1.,0.));
#4977 = ORIENTED_EDGE('',*,*,#4978,.T.);
#4978 = EDGE_CURVE('',#4971,#4979,#4981,.T.);
#4979 = VERTEX_POINT('',#4980);
#4980 = CARTESIAN_POINT('',(5.75,-0.25,2.8));
#4981 = LINE('',#4982,#4983);
#4982 = CARTESIAN_POINT('',(5.75,-0.25,-3.4));
#4983 = VECTOR('',#4984,1.);
#4984 = DIRECTION('',(0.,0.,1.));
#4985 = ORIENTED_EDGE('',*,*,#4986,.F.);
#4986 = EDGE_CURVE('',#4987,#4979,#4989,.T.);
#4987 = VERTEX_POINT('',#4988);
#4988 = CARTESIAN_POINT('',(5.75,-0.3,2.85));
#4989 = CIRCLE('',#4990,5.E-02);
#4990 = AXIS2_PLACEMENT_3D('',#4991,#4992,#4993);
#4991 = CARTESIAN_POINT('',(5.75,-0.3,2.8));
#4992 = DIRECTION('',(-1.,1.224646799147E-16,0.));
#4993 = DIRECTION('',(0.,0.,1.));
#4994 = ORIENTED_EDGE('',*,*,#4995,.T.);
#4995 = EDGE_CURVE('',#4987,#4032,#4996,.T.);
#4996 = LINE('',#4997,#4998);
#4997 = CARTESIAN_POINT('',(5.75,-0.25,2.85));
#4998 = VECTOR('',#4999,1.);
#4999 = DIRECTION('',(-1.224646799147E-16,-1.,0.));
#5000 = PLANE('',#5001);
#5001 = AXIS2_PLACEMENT_3D('',#5002,#5003,#5004);
#5002 = CARTESIAN_POINT('',(5.75,-1.401960784314,1.323039215686));
#5003 = DIRECTION('',(-1.,1.224646799147E-16,0.));
#5004 = DIRECTION('',(0.,0.,1.));
#5005 = ADVANCED_FACE('',(#5006),#5024,.F.);
#5006 = FACE_BOUND('',#5007,.F.);
#5007 = EDGE_LOOP('',(#5008,#5016,#5022,#5023));
#5008 = ORIENTED_EDGE('',*,*,#5009,.F.);
#5009 = EDGE_CURVE('',#5010,#4048,#5012,.T.);
#5010 = VERTEX_POINT('',#5011);
#5011 = CARTESIAN_POINT('',(6.25,-0.3,2.85));
#5012 = LINE('',#5013,#5014);
#5013 = CARTESIAN_POINT('',(6.25,-0.25,2.85));
#5014 = VECTOR('',#5015,1.);
#5015 = DIRECTION('',(-1.224646799147E-16,-1.,0.));
#5016 = ORIENTED_EDGE('',*,*,#5017,.T.);
#5017 = EDGE_CURVE('',#5010,#4987,#5018,.T.);
#5018 = LINE('',#5019,#5020);
#5019 = CARTESIAN_POINT('',(6.25,-0.3,2.85));
#5020 = VECTOR('',#5021,1.);
#5021 = DIRECTION('',(-1.,1.224646799147E-16,0.));
#5022 = ORIENTED_EDGE('',*,*,#4995,.T.);
#5023 = ORIENTED_EDGE('',*,*,#4055,.F.);
#5024 = PLANE('',#5025);
#5025 = AXIS2_PLACEMENT_3D('',#5026,#5027,#5028);
#5026 = CARTESIAN_POINT('',(6.25,-0.25,2.85));
#5027 = DIRECTION('',(0.,0.,1.));
#5028 = DIRECTION('',(-1.224646799147E-16,-1.,0.));
#5029 = ADVANCED_FACE('',(#5030),#5082,.F.);
#5030 = FACE_BOUND('',#5031,.F.);
#5031 = EDGE_LOOP('',(#5032,#5033,#5041,#5050,#5058,#5066,#5074,#5081));
#5032 = ORIENTED_EDGE('',*,*,#4047,.F.);
#5033 = ORIENTED_EDGE('',*,*,#5034,.T.);
#5034 = EDGE_CURVE('',#4040,#5035,#5037,.T.);
#5035 = VERTEX_POINT('',#5036);
#5036 = CARTESIAN_POINT('',(6.25,-0.3,3.35));
#5037 = LINE('',#5038,#5039);
#5038 = CARTESIAN_POINT('',(6.25,-5.75,3.35));
#5039 = VECTOR('',#5040,1.);
#5040 = DIRECTION('',(1.224646799147E-16,1.,0.));
#5041 = ORIENTED_EDGE('',*,*,#5042,.T.);
#5042 = EDGE_CURVE('',#5035,#5043,#5045,.T.);
#5043 = VERTEX_POINT('',#5044);
#5044 = CARTESIAN_POINT('',(6.25,0.25,2.8));
#5045 = CIRCLE('',#5046,0.55);
#5046 = AXIS2_PLACEMENT_3D('',#5047,#5048,#5049);
#5047 = CARTESIAN_POINT('',(6.25,-0.3,2.8));
#5048 = DIRECTION('',(-1.,1.224646799147E-16,0.));
#5049 = DIRECTION('',(0.,0.,1.));
#5050 = ORIENTED_EDGE('',*,*,#5051,.T.);
#5051 = EDGE_CURVE('',#5043,#5052,#5054,.T.);
#5052 = VERTEX_POINT('',#5053);
#5053 = CARTESIAN_POINT('',(6.25,0.25,-3.2));
#5054 = LINE('',#5055,#5056);
#5055 = CARTESIAN_POINT('',(6.25,0.25,3.35));
#5056 = VECTOR('',#5057,1.);
#5057 = DIRECTION('',(-0.,0.,-1.));
#5058 = ORIENTED_EDGE('',*,*,#5059,.T.);
#5059 = EDGE_CURVE('',#5052,#5060,#5062,.T.);
#5060 = VERTEX_POINT('',#5061);
#5061 = CARTESIAN_POINT('',(6.25,-0.25,-3.2));
#5062 = LINE('',#5063,#5064);
#5063 = CARTESIAN_POINT('',(6.25,0.25,-3.2));
#5064 = VECTOR('',#5065,1.);
#5065 = DIRECTION('',(-1.224646799147E-16,-1.,0.));
#5066 = ORIENTED_EDGE('',*,*,#5067,.T.);
#5067 = EDGE_CURVE('',#5060,#5068,#5070,.T.);
#5068 = VERTEX_POINT('',#5069);
#5069 = CARTESIAN_POINT('',(6.25,-0.25,2.8));
#5070 = LINE('',#5071,#5072);
#5071 = CARTESIAN_POINT('',(6.25,-0.25,-3.4));
#5072 = VECTOR('',#5073,1.);
#5073 = DIRECTION('',(0.,0.,1.));
#5074 = ORIENTED_EDGE('',*,*,#5075,.F.);
#5075 = EDGE_CURVE('',#5010,#5068,#5076,.T.);
#5076 = CIRCLE('',#5077,5.E-02);
#5077 = AXIS2_PLACEMENT_3D('',#5078,#5079,#5080);
#5078 = CARTESIAN_POINT('',(6.25,-0.3,2.8));
#5079 = DIRECTION('',(-1.,1.224646799147E-16,0.));
#5080 = DIRECTION('',(0.,0.,1.));
#5081 = ORIENTED_EDGE('',*,*,#5009,.T.);
#5082 = PLANE('',#5083);
#5083 = AXIS2_PLACEMENT_3D('',#5084,#5085,#5086);
#5084 = CARTESIAN_POINT('',(6.25,-1.401960784314,1.323039215686));
#5085 = DIRECTION('',(-1.,1.224646799147E-16,0.));
#5086 = DIRECTION('',(0.,0.,1.));
#5087 = ADVANCED_FACE('',(#5088),#5099,.F.);
#5088 = FACE_BOUND('',#5089,.F.);
#5089 = EDGE_LOOP('',(#5090,#5091,#5092,#5093));
#5090 = ORIENTED_EDGE('',*,*,#5034,.F.);
#5091 = ORIENTED_EDGE('',*,*,#4039,.F.);
#5092 = ORIENTED_EDGE('',*,*,#4945,.T.);
#5093 = ORIENTED_EDGE('',*,*,#5094,.F.);
#5094 = EDGE_CURVE('',#5035,#4946,#5095,.T.);
#5095 = LINE('',#5096,#5097);
#5096 = CARTESIAN_POINT('',(6.25,-0.3,3.35));
#5097 = VECTOR('',#5098,1.);
#5098 = DIRECTION('',(-1.,1.224646799147E-16,0.));
#5099 = PLANE('',#5100);
#5100 = AXIS2_PLACEMENT_3D('',#5101,#5102,#5103);
#5101 = CARTESIAN_POINT('',(6.25,-5.75,3.35));
#5102 = DIRECTION('',(-0.,0.,-1.));
#5103 = DIRECTION('',(1.224646799147E-16,1.,0.));
#5104 = ADVANCED_FACE('',(#5105),#5164,.F.);
#5105 = FACE_BOUND('',#5106,.F.);
#5106 = EDGE_LOOP('',(#5107,#5108,#5116,#5125,#5133,#5141,#5149,#5158));
#5107 = ORIENTED_EDGE('',*,*,#4075,.F.);
#5108 = ORIENTED_EDGE('',*,*,#5109,.T.);
#5109 = EDGE_CURVE('',#4076,#5110,#5112,.T.);
#5110 = VERTEX_POINT('',#5111);
#5111 = CARTESIAN_POINT('',(4.25,-0.3,3.35));
#5112 = LINE('',#5113,#5114);
#5113 = CARTESIAN_POINT('',(4.25,-5.75,3.35));
#5114 = VECTOR('',#5115,1.);
#5115 = DIRECTION('',(1.224646799147E-16,1.,0.));
#5116 = ORIENTED_EDGE('',*,*,#5117,.T.);
#5117 = EDGE_CURVE('',#5110,#5118,#5120,.T.);
#5118 = VERTEX_POINT('',#5119);
#5119 = CARTESIAN_POINT('',(4.25,0.25,2.8));
#5120 = CIRCLE('',#5121,0.55);
#5121 = AXIS2_PLACEMENT_3D('',#5122,#5123,#5124);
#5122 = CARTESIAN_POINT('',(4.25,-0.3,2.8));
#5123 = DIRECTION('',(-1.,1.224646799147E-16,0.));
#5124 = DIRECTION('',(0.,0.,1.));
#5125 = ORIENTED_EDGE('',*,*,#5126,.T.);
#5126 = EDGE_CURVE('',#5118,#5127,#5129,.T.);
#5127 = VERTEX_POINT('',#5128);
#5128 = CARTESIAN_POINT('',(4.25,0.25,-3.2));
#5129 = LINE('',#5130,#5131);
#5130 = CARTESIAN_POINT('',(4.25,0.25,3.35));
#5131 = VECTOR('',#5132,1.);
#5132 = DIRECTION('',(-0.,0.,-1.));
#5133 = ORIENTED_EDGE('',*,*,#5134,.T.);
#5134 = EDGE_CURVE('',#5127,#5135,#5137,.T.);
#5135 = VERTEX_POINT('',#5136);
#5136 = CARTESIAN_POINT('',(4.25,-0.25,-3.2));
#5137 = LINE('',#5138,#5139);
#5138 = CARTESIAN_POINT('',(4.25,0.25,-3.2));
#5139 = VECTOR('',#5140,1.);
#5140 = DIRECTION('',(-1.224646799147E-16,-1.,0.));
#5141 = ORIENTED_EDGE('',*,*,#5142,.T.);
#5142 = EDGE_CURVE('',#5135,#5143,#5145,.T.);
#5143 = VERTEX_POINT('',#5144);
#5144 = CARTESIAN_POINT('',(4.25,-0.25,2.8));
#5145 = LINE('',#5146,#5147);
#5146 = CARTESIAN_POINT('',(4.25,-0.25,-3.4));
#5147 = VECTOR('',#5148,1.);
#5148 = DIRECTION('',(0.,0.,1.));
#5149 = ORIENTED_EDGE('',*,*,#5150,.F.);
#5150 = EDGE_CURVE('',#5151,#5143,#5153,.T.);
#5151 = VERTEX_POINT('',#5152);
#5152 = CARTESIAN_POINT('',(4.25,-0.3,2.85));
#5153 = CIRCLE('',#5154,5.E-02);
#5154 = AXIS2_PLACEMENT_3D('',#5155,#5156,#5157);
#5155 = CARTESIAN_POINT('',(4.25,-0.3,2.8));
#5156 = DIRECTION('',(-1.,1.224646799147E-16,0.));
#5157 = DIRECTION('',(0.,0.,1.));
#5158 = ORIENTED_EDGE('',*,*,#5159,.T.);
#5159 = EDGE_CURVE('',#5151,#4078,#5160,.T.);
#5160 = LINE('',#5161,#5162);
#5161 = CARTESIAN_POINT('',(4.25,-0.25,2.85));
#5162 = VECTOR('',#5163,1.);
#5163 = DIRECTION('',(-1.224646799147E-16,-1.,0.));
#5164 = PLANE('',#5165);
#5165 = AXIS2_PLACEMENT_3D('',#5166,#5167,#5168);
#5166 = CARTESIAN_POINT('',(4.25,-1.401960784314,1.323039215686));
#5167 = DIRECTION('',(-1.,1.224646799147E-16,0.));
#5168 = DIRECTION('',(0.,0.,1.));
#5169 = ADVANCED_FACE('',(#5170),#5188,.F.);
#5170 = FACE_BOUND('',#5171,.F.);
#5171 = EDGE_LOOP('',(#5172,#5173,#5174,#5182));
#5172 = ORIENTED_EDGE('',*,*,#5109,.F.);
#5173 = ORIENTED_EDGE('',*,*,#4101,.F.);
#5174 = ORIENTED_EDGE('',*,*,#5175,.T.);
#5175 = EDGE_CURVE('',#4094,#5176,#5178,.T.);
#5176 = VERTEX_POINT('',#5177);
#5177 = CARTESIAN_POINT('',(3.75,-0.3,3.35));
#5178 = LINE('',#5179,#5180);
#5179 = CARTESIAN_POINT('',(3.75,-5.75,3.35));
#5180 = VECTOR('',#5181,1.);
#5181 = DIRECTION('',(1.224646799147E-16,1.,0.));
#5182 = ORIENTED_EDGE('',*,*,#5183,.F.);
#5183 = EDGE_CURVE('',#5110,#5176,#5184,.T.);
#5184 = LINE('',#5185,#5186);
#5185 = CARTESIAN_POINT('',(4.25,-0.3,3.35));
#5186 = VECTOR('',#5187,1.);
#5187 = DIRECTION('',(-1.,1.224646799147E-16,0.));
#5188 = PLANE('',#5189);
#5189 = AXIS2_PLACEMENT_3D('',#5190,#5191,#5192);
#5190 = CARTESIAN_POINT('',(4.25,-5.75,3.35));
#5191 = DIRECTION('',(-0.,0.,-1.));
#5192 = DIRECTION('',(1.224646799147E-16,1.,0.));
#5193 = ADVANCED_FACE('',(#5194),#5246,.T.);
#5194 = FACE_BOUND('',#5195,.T.);
#5195 = EDGE_LOOP('',(#5196,#5197,#5198,#5207,#5215,#5223,#5231,#5240));
#5196 = ORIENTED_EDGE('',*,*,#4093,.F.);
#5197 = ORIENTED_EDGE('',*,*,#5175,.T.);
#5198 = ORIENTED_EDGE('',*,*,#5199,.T.);
#5199 = EDGE_CURVE('',#5176,#5200,#5202,.T.);
#5200 = VERTEX_POINT('',#5201);
#5201 = CARTESIAN_POINT('',(3.75,0.25,2.8));
#5202 = CIRCLE('',#5203,0.55);
#5203 = AXIS2_PLACEMENT_3D('',#5204,#5205,#5206);
#5204 = CARTESIAN_POINT('',(3.75,-0.3,2.8));
#5205 = DIRECTION('',(-1.,1.224646799147E-16,0.));
#5206 = DIRECTION('',(0.,0.,1.));
#5207 = ORIENTED_EDGE('',*,*,#5208,.T.);
#5208 = EDGE_CURVE('',#5200,#5209,#5211,.T.);
#5209 = VERTEX_POINT('',#5210);
#5210 = CARTESIAN_POINT('',(3.75,0.25,-3.2));
#5211 = LINE('',#5212,#5213);
#5212 = CARTESIAN_POINT('',(3.75,0.25,3.35));
#5213 = VECTOR('',#5214,1.);
#5214 = DIRECTION('',(-0.,0.,-1.));
#5215 = ORIENTED_EDGE('',*,*,#5216,.T.);
#5216 = EDGE_CURVE('',#5209,#5217,#5219,.T.);
#5217 = VERTEX_POINT('',#5218);
#5218 = CARTESIAN_POINT('',(3.75,-0.25,-3.2));
#5219 = LINE('',#5220,#5221);
#5220 = CARTESIAN_POINT('',(3.75,0.25,-3.2));
#5221 = VECTOR('',#5222,1.);
#5222 = DIRECTION('',(-1.224646799147E-16,-1.,0.));
#5223 = ORIENTED_EDGE('',*,*,#5224,.T.);
#5224 = EDGE_CURVE('',#5217,#5225,#5227,.T.);
#5225 = VERTEX_POINT('',#5226);
#5226 = CARTESIAN_POINT('',(3.75,-0.25,2.8));
#5227 = LINE('',#5228,#5229);
#5228 = CARTESIAN_POINT('',(3.75,-0.25,-3.4));
#5229 = VECTOR('',#5230,1.);
#5230 = DIRECTION('',(0.,0.,1.));
#5231 = ORIENTED_EDGE('',*,*,#5232,.F.);
#5232 = EDGE_CURVE('',#5233,#5225,#5235,.T.);
#5233 = VERTEX_POINT('',#5234);
#5234 = CARTESIAN_POINT('',(3.75,-0.3,2.85));
#5235 = CIRCLE('',#5236,5.E-02);
#5236 = AXIS2_PLACEMENT_3D('',#5237,#5238,#5239);
#5237 = CARTESIAN_POINT('',(3.75,-0.3,2.8));
#5238 = DIRECTION('',(-1.,1.224646799147E-16,0.));
#5239 = DIRECTION('',(0.,0.,1.));
#5240 = ORIENTED_EDGE('',*,*,#5241,.T.);
#5241 = EDGE_CURVE('',#5233,#4086,#5242,.T.);
#5242 = LINE('',#5243,#5244);
#5243 = CARTESIAN_POINT('',(3.75,-0.25,2.85));
#5244 = VECTOR('',#5245,1.);
#5245 = DIRECTION('',(-1.224646799147E-16,-1.,0.));
#5246 = PLANE('',#5247);
#5247 = AXIS2_PLACEMENT_3D('',#5248,#5249,#5250);
#5248 = CARTESIAN_POINT('',(3.75,-1.401960784314,1.323039215686));
#5249 = DIRECTION('',(-1.,1.224646799147E-16,0.));
#5250 = DIRECTION('',(0.,0.,1.));
#5251 = ADVANCED_FACE('',(#5252),#5263,.F.);
#5252 = FACE_BOUND('',#5253,.F.);
#5253 = EDGE_LOOP('',(#5254,#5255,#5261,#5262));
#5254 = ORIENTED_EDGE('',*,*,#5159,.F.);
#5255 = ORIENTED_EDGE('',*,*,#5256,.T.);
#5256 = EDGE_CURVE('',#5151,#5233,#5257,.T.);
#5257 = LINE('',#5258,#5259);
#5258 = CARTESIAN_POINT('',(4.25,-0.3,2.85));
#5259 = VECTOR('',#5260,1.);
#5260 = DIRECTION('',(-1.,1.224646799147E-16,0.));
#5261 = ORIENTED_EDGE('',*,*,#5241,.T.);
#5262 = ORIENTED_EDGE('',*,*,#4085,.F.);
#5263 = PLANE('',#5264);
#5264 = AXIS2_PLACEMENT_3D('',#5265,#5266,#5267);
#5265 = CARTESIAN_POINT('',(4.25,-0.25,2.85));
#5266 = DIRECTION('',(0.,0.,1.));
#5267 = DIRECTION('',(-1.224646799147E-16,-1.,0.));
#5268 = ADVANCED_FACE('',(#5269),#5328,.T.);
#5269 = FACE_BOUND('',#5270,.T.);
#5270 = EDGE_LOOP('',(#5271,#5272,#5280,#5289,#5297,#5305,#5313,#5322));
#5271 = ORIENTED_EDGE('',*,*,#4121,.F.);
#5272 = ORIENTED_EDGE('',*,*,#5273,.T.);
#5273 = EDGE_CURVE('',#4122,#5274,#5276,.T.);
#5274 = VERTEX_POINT('',#5275);
#5275 = CARTESIAN_POINT('',(1.75,-0.3,3.35));
#5276 = LINE('',#5277,#5278);
#5277 = CARTESIAN_POINT('',(1.75,-5.75,3.35));
#5278 = VECTOR('',#5279,1.);
#5279 = DIRECTION('',(1.224646799147E-16,1.,0.));
#5280 = ORIENTED_EDGE('',*,*,#5281,.T.);
#5281 = EDGE_CURVE('',#5274,#5282,#5284,.T.);
#5282 = VERTEX_POINT('',#5283);
#5283 = CARTESIAN_POINT('',(1.75,0.25,2.8));
#5284 = CIRCLE('',#5285,0.55);
#5285 = AXIS2_PLACEMENT_3D('',#5286,#5287,#5288);
#5286 = CARTESIAN_POINT('',(1.75,-0.3,2.8));
#5287 = DIRECTION('',(-1.,1.224646799147E-16,0.));
#5288 = DIRECTION('',(0.,0.,1.));
#5289 = ORIENTED_EDGE('',*,*,#5290,.T.);
#5290 = EDGE_CURVE('',#5282,#5291,#5293,.T.);
#5291 = VERTEX_POINT('',#5292);
#5292 = CARTESIAN_POINT('',(1.75,0.25,-3.2));
#5293 = LINE('',#5294,#5295);
#5294 = CARTESIAN_POINT('',(1.75,0.25,3.35));
#5295 = VECTOR('',#5296,1.);
#5296 = DIRECTION('',(-0.,0.,-1.));
#5297 = ORIENTED_EDGE('',*,*,#5298,.T.);
#5298 = EDGE_CURVE('',#5291,#5299,#5301,.T.);
#5299 = VERTEX_POINT('',#5300);
#5300 = CARTESIAN_POINT('',(1.75,-0.25,-3.2));
#5301 = LINE('',#5302,#5303);
#5302 = CARTESIAN_POINT('',(1.75,0.25,-3.2));
#5303 = VECTOR('',#5304,1.);
#5304 = DIRECTION('',(-1.224646799147E-16,-1.,0.));
#5305 = ORIENTED_EDGE('',*,*,#5306,.T.);
#5306 = EDGE_CURVE('',#5299,#5307,#5309,.T.);
#5307 = VERTEX_POINT('',#5308);
#5308 = CARTESIAN_POINT('',(1.75,-0.25,2.8));
#5309 = LINE('',#5310,#5311);
#5310 = CARTESIAN_POINT('',(1.75,-0.25,-3.4));
#5311 = VECTOR('',#5312,1.);
#5312 = DIRECTION('',(0.,0.,1.));
#5313 = ORIENTED_EDGE('',*,*,#5314,.F.);
#5314 = EDGE_CURVE('',#5315,#5307,#5317,.T.);
#5315 = VERTEX_POINT('',#5316);
#5316 = CARTESIAN_POINT('',(1.75,-0.3,2.85));
#5317 = CIRCLE('',#5318,5.E-02);
#5318 = AXIS2_PLACEMENT_3D('',#5319,#5320,#5321);
#5319 = CARTESIAN_POINT('',(1.75,-0.3,2.8));
#5320 = DIRECTION('',(-1.,1.224646799147E-16,0.));
#5321 = DIRECTION('',(0.,0.,1.));
#5322 = ORIENTED_EDGE('',*,*,#5323,.T.);
#5323 = EDGE_CURVE('',#5315,#4124,#5324,.T.);
#5324 = LINE('',#5325,#5326);
#5325 = CARTESIAN_POINT('',(1.75,-0.25,2.85));
#5326 = VECTOR('',#5327,1.);
#5327 = DIRECTION('',(-1.224646799147E-16,-1.,0.));
#5328 = PLANE('',#5329);
#5329 = AXIS2_PLACEMENT_3D('',#5330,#5331,#5332);
#5330 = CARTESIAN_POINT('',(1.75,-1.401960784314,1.323039215686));
#5331 = DIRECTION('',(-1.,1.224646799147E-16,0.));
#5332 = DIRECTION('',(0.,0.,1.));
#5333 = ADVANCED_FACE('',(#5334),#5352,.F.);
#5334 = FACE_BOUND('',#5335,.F.);
#5335 = EDGE_LOOP('',(#5336,#5344,#5350,#5351));
#5336 = ORIENTED_EDGE('',*,*,#5337,.F.);
#5337 = EDGE_CURVE('',#5338,#4140,#5340,.T.);
#5338 = VERTEX_POINT('',#5339);
#5339 = CARTESIAN_POINT('',(2.25,-0.3,2.85));
#5340 = LINE('',#5341,#5342);
#5341 = CARTESIAN_POINT('',(2.25,-0.25,2.85));
#5342 = VECTOR('',#5343,1.);
#5343 = DIRECTION('',(-1.224646799147E-16,-1.,0.));
#5344 = ORIENTED_EDGE('',*,*,#5345,.T.);
#5345 = EDGE_CURVE('',#5338,#5315,#5346,.T.);
#5346 = LINE('',#5347,#5348);
#5347 = CARTESIAN_POINT('',(2.25,-0.3,2.85));
#5348 = VECTOR('',#5349,1.);
#5349 = DIRECTION('',(-1.,1.224646799147E-16,0.));
#5350 = ORIENTED_EDGE('',*,*,#5323,.T.);
#5351 = ORIENTED_EDGE('',*,*,#4147,.F.);
#5352 = PLANE('',#5353);
#5353 = AXIS2_PLACEMENT_3D('',#5354,#5355,#5356);
#5354 = CARTESIAN_POINT('',(2.25,-0.25,2.85));
#5355 = DIRECTION('',(0.,0.,1.));
#5356 = DIRECTION('',(-1.224646799147E-16,-1.,0.));
#5357 = ADVANCED_FACE('',(#5358),#5410,.F.);
#5358 = FACE_BOUND('',#5359,.F.);
#5359 = EDGE_LOOP('',(#5360,#5361,#5369,#5378,#5386,#5394,#5402,#5409));
#5360 = ORIENTED_EDGE('',*,*,#4139,.F.);
#5361 = ORIENTED_EDGE('',*,*,#5362,.T.);
#5362 = EDGE_CURVE('',#4132,#5363,#5365,.T.);
#5363 = VERTEX_POINT('',#5364);
#5364 = CARTESIAN_POINT('',(2.25,-0.3,3.35));
#5365 = LINE('',#5366,#5367);
#5366 = CARTESIAN_POINT('',(2.25,-5.75,3.35));
#5367 = VECTOR('',#5368,1.);
#5368 = DIRECTION('',(1.224646799147E-16,1.,0.));
#5369 = ORIENTED_EDGE('',*,*,#5370,.T.);
#5370 = EDGE_CURVE('',#5363,#5371,#5373,.T.);
#5371 = VERTEX_POINT('',#5372);
#5372 = CARTESIAN_POINT('',(2.25,0.25,2.8));
#5373 = CIRCLE('',#5374,0.55);
#5374 = AXIS2_PLACEMENT_3D('',#5375,#5376,#5377);
#5375 = CARTESIAN_POINT('',(2.25,-0.3,2.8));
#5376 = DIRECTION('',(-1.,1.224646799147E-16,0.));
#5377 = DIRECTION('',(0.,0.,1.));
#5378 = ORIENTED_EDGE('',*,*,#5379,.T.);
#5379 = EDGE_CURVE('',#5371,#5380,#5382,.T.);
#5380 = VERTEX_POINT('',#5381);
#5381 = CARTESIAN_POINT('',(2.25,0.25,-3.2));
#5382 = LINE('',#5383,#5384);
#5383 = CARTESIAN_POINT('',(2.25,0.25,3.35));
#5384 = VECTOR('',#5385,1.);
#5385 = DIRECTION('',(-0.,0.,-1.));
#5386 = ORIENTED_EDGE('',*,*,#5387,.T.);
#5387 = EDGE_CURVE('',#5380,#5388,#5390,.T.);
#5388 = VERTEX_POINT('',#5389);
#5389 = CARTESIAN_POINT('',(2.25,-0.25,-3.2));
#5390 = LINE('',#5391,#5392);
#5391 = CARTESIAN_POINT('',(2.25,0.25,-3.2));
#5392 = VECTOR('',#5393,1.);
#5393 = DIRECTION('',(-1.224646799147E-16,-1.,0.));
#5394 = ORIENTED_EDGE('',*,*,#5395,.T.);
#5395 = EDGE_CURVE('',#5388,#5396,#5398,.T.);
#5396 = VERTEX_POINT('',#5397);
#5397 = CARTESIAN_POINT('',(2.25,-0.25,2.8));
#5398 = LINE('',#5399,#5400);
#5399 = CARTESIAN_POINT('',(2.25,-0.25,-3.4));
#5400 = VECTOR('',#5401,1.);
#5401 = DIRECTION('',(0.,0.,1.));
#5402 = ORIENTED_EDGE('',*,*,#5403,.F.);
#5403 = EDGE_CURVE('',#5338,#5396,#5404,.T.);
#5404 = CIRCLE('',#5405,5.E-02);
#5405 = AXIS2_PLACEMENT_3D('',#5406,#5407,#5408);
#5406 = CARTESIAN_POINT('',(2.25,-0.3,2.8));
#5407 = DIRECTION('',(-1.,1.224646799147E-16,0.));
#5408 = DIRECTION('',(0.,0.,1.));
#5409 = ORIENTED_EDGE('',*,*,#5337,.T.);
#5410 = PLANE('',#5411);
#5411 = AXIS2_PLACEMENT_3D('',#5412,#5413,#5414);
#5412 = CARTESIAN_POINT('',(2.25,-1.401960784314,1.323039215686));
#5413 = DIRECTION('',(-1.,1.224646799147E-16,0.));
#5414 = DIRECTION('',(0.,0.,1.));
#5415 = ADVANCED_FACE('',(#5416),#5427,.F.);
#5416 = FACE_BOUND('',#5417,.F.);
#5417 = EDGE_LOOP('',(#5418,#5419,#5420,#5421));
#5418 = ORIENTED_EDGE('',*,*,#5362,.F.);
#5419 = ORIENTED_EDGE('',*,*,#4131,.F.);
#5420 = ORIENTED_EDGE('',*,*,#5273,.T.);
#5421 = ORIENTED_EDGE('',*,*,#5422,.F.);
#5422 = EDGE_CURVE('',#5363,#5274,#5423,.T.);
#5423 = LINE('',#5424,#5425);
#5424 = CARTESIAN_POINT('',(2.25,-0.3,3.35));
#5425 = VECTOR('',#5426,1.);
#5426 = DIRECTION('',(-1.,1.224646799147E-16,0.));
#5427 = PLANE('',#5428);
#5428 = AXIS2_PLACEMENT_3D('',#5429,#5430,#5431);
#5429 = CARTESIAN_POINT('',(2.25,-5.75,3.35));
#5430 = DIRECTION('',(-0.,0.,-1.));
#5431 = DIRECTION('',(1.224646799147E-16,1.,0.));
#5432 = ADVANCED_FACE('',(#5433),#5458,.F.);
#5433 = FACE_BOUND('',#5434,.F.);
#5434 = EDGE_LOOP('',(#5435,#5443,#5444,#5452));
#5435 = ORIENTED_EDGE('',*,*,#5436,.F.);
#5436 = EDGE_CURVE('',#4170,#5437,#5439,.T.);
#5437 = VERTEX_POINT('',#5438);
#5438 = CARTESIAN_POINT('',(0.25,-0.3,3.35));
#5439 = LINE('',#5440,#5441);
#5440 = CARTESIAN_POINT('',(0.25,-5.75,3.35));
#5441 = VECTOR('',#5442,1.);
#5442 = DIRECTION('',(1.224646799147E-16,1.,0.));
#5443 = ORIENTED_EDGE('',*,*,#4167,.F.);
#5444 = ORIENTED_EDGE('',*,*,#5445,.T.);
#5445 = EDGE_CURVE('',#4168,#5446,#5448,.T.);
#5446 = VERTEX_POINT('',#5447);
#5447 = CARTESIAN_POINT('',(-0.25,-0.3,3.35));
#5448 = LINE('',#5449,#5450);
#5449 = CARTESIAN_POINT('',(-0.25,-5.75,3.35));
#5450 = VECTOR('',#5451,1.);
#5451 = DIRECTION('',(1.224646799147E-16,1.,0.));
#5452 = ORIENTED_EDGE('',*,*,#5453,.F.);
#5453 = EDGE_CURVE('',#5437,#5446,#5454,.T.);
#5454 = LINE('',#5455,#5456);
#5455 = CARTESIAN_POINT('',(0.25,-0.3,3.35));
#5456 = VECTOR('',#5457,1.);
#5457 = DIRECTION('',(-1.,1.224646799147E-16,0.));
#5458 = PLANE('',#5459);
#5459 = AXIS2_PLACEMENT_3D('',#5460,#5461,#5462);
#5460 = CARTESIAN_POINT('',(0.25,-5.75,3.35));
#5461 = DIRECTION('',(-0.,0.,-1.));
#5462 = DIRECTION('',(1.224646799147E-16,1.,0.));
#5463 = ADVANCED_FACE('',(#5464),#5548,.T.);
#5464 = FACE_BOUND('',#5465,.T.);
#5465 = EDGE_LOOP('',(#5466,#5467,#5468,#5477,#5485,#5493,#5501,#5509,
    #5517,#5525,#5533,#5542));
#5466 = ORIENTED_EDGE('',*,*,#4193,.F.);
#5467 = ORIENTED_EDGE('',*,*,#5445,.T.);
#5468 = ORIENTED_EDGE('',*,*,#5469,.T.);
#5469 = EDGE_CURVE('',#5446,#5470,#5472,.T.);
#5470 = VERTEX_POINT('',#5471);
#5471 = CARTESIAN_POINT('',(-0.25,0.25,2.8));
#5472 = CIRCLE('',#5473,0.55);
#5473 = AXIS2_PLACEMENT_3D('',#5474,#5475,#5476);
#5474 = CARTESIAN_POINT('',(-0.25,-0.3,2.8));
#5475 = DIRECTION('',(-1.,1.224646799147E-16,0.));
#5476 = DIRECTION('',(0.,0.,1.));
#5477 = ORIENTED_EDGE('',*,*,#5478,.T.);
#5478 = EDGE_CURVE('',#5470,#5479,#5481,.T.);
#5479 = VERTEX_POINT('',#5480);
#5480 = CARTESIAN_POINT('',(-0.25,0.25,-0.9));
#5481 = LINE('',#5482,#5483);
#5482 = CARTESIAN_POINT('',(-0.25,0.25,3.35));
#5483 = VECTOR('',#5484,1.);
#5484 = DIRECTION('',(-0.,0.,-1.));
#5485 = ORIENTED_EDGE('',*,*,#5486,.T.);
#5486 = EDGE_CURVE('',#5479,#5487,#5489,.T.);
#5487 = VERTEX_POINT('',#5488);
#5488 = CARTESIAN_POINT('',(-0.25,-5.E-02,-1.5));
#5489 = LINE('',#5490,#5491);
#5490 = CARTESIAN_POINT('',(-0.25,0.25,-0.9));
#5491 = VECTOR('',#5492,1.);
#5492 = DIRECTION('',(-5.476786982641E-17,-0.4472135955,-0.894427191));
#5493 = ORIENTED_EDGE('',*,*,#5494,.T.);
#5494 = EDGE_CURVE('',#5487,#5495,#5497,.T.);
#5495 = VERTEX_POINT('',#5496);
#5496 = CARTESIAN_POINT('',(-0.25,0.218421052632,-3.2));
#5497 = LINE('',#5498,#5499);
#5498 = CARTESIAN_POINT('',(-0.25,-5.E-02,-1.5));
#5499 = VECTOR('',#5500,1.);
#5500 = DIRECTION('',(1.909990663905E-17,0.155962573473,-0.987762965329)
  );
#5501 = ORIENTED_EDGE('',*,*,#5502,.T.);
#5502 = EDGE_CURVE('',#5495,#5503,#5505,.T.);
#5503 = VERTEX_POINT('',#5504);
#5504 = CARTESIAN_POINT('',(-0.25,-0.281578947368,-3.2));
#5505 = LINE('',#5506,#5507);
#5506 = CARTESIAN_POINT('',(-0.25,0.25,-3.2));
#5507 = VECTOR('',#5508,1.);
#5508 = DIRECTION('',(-1.224646799147E-16,-1.,0.));
#5509 = ORIENTED_EDGE('',*,*,#5510,.T.);
#5510 = EDGE_CURVE('',#5503,#5511,#5513,.T.);
#5511 = VERTEX_POINT('',#5512);
#5512 = CARTESIAN_POINT('',(-0.25,-0.55,-1.5));
#5513 = LINE('',#5514,#5515);
#5514 = CARTESIAN_POINT('',(-0.25,-0.25,-3.4));
#5515 = VECTOR('',#5516,1.);
#5516 = DIRECTION('',(-1.909990663905E-17,-0.155962573473,0.987762965329
    ));
#5517 = ORIENTED_EDGE('',*,*,#5518,.T.);
#5518 = EDGE_CURVE('',#5511,#5519,#5521,.T.);
#5519 = VERTEX_POINT('',#5520);
#5520 = CARTESIAN_POINT('',(-0.25,-0.25,-0.9));
#5521 = LINE('',#5522,#5523);
#5522 = CARTESIAN_POINT('',(-0.25,-0.55,-1.5));
#5523 = VECTOR('',#5524,1.);
#5524 = DIRECTION('',(5.476786982641E-17,0.4472135955,0.894427191));
#5525 = ORIENTED_EDGE('',*,*,#5526,.T.);
#5526 = EDGE_CURVE('',#5519,#5527,#5529,.T.);
#5527 = VERTEX_POINT('',#5528);
#5528 = CARTESIAN_POINT('',(-0.25,-0.25,2.8));
#5529 = LINE('',#5530,#5531);
#5530 = CARTESIAN_POINT('',(-0.25,-0.25,-0.9));
#5531 = VECTOR('',#5532,1.);
#5532 = DIRECTION('',(0.,0.,1.));
#5533 = ORIENTED_EDGE('',*,*,#5534,.F.);
#5534 = EDGE_CURVE('',#5535,#5527,#5537,.T.);
#5535 = VERTEX_POINT('',#5536);
#5536 = CARTESIAN_POINT('',(-0.25,-0.3,2.85));
#5537 = CIRCLE('',#5538,5.E-02);
#5538 = AXIS2_PLACEMENT_3D('',#5539,#5540,#5541);
#5539 = CARTESIAN_POINT('',(-0.25,-0.3,2.8));
#5540 = DIRECTION('',(-1.,1.224646799147E-16,0.));
#5541 = DIRECTION('',(0.,0.,1.));
#5542 = ORIENTED_EDGE('',*,*,#5543,.T.);
#5543 = EDGE_CURVE('',#5535,#4186,#5544,.T.);
#5544 = LINE('',#5545,#5546);
#5545 = CARTESIAN_POINT('',(-0.25,-0.25,2.85));
#5546 = VECTOR('',#5547,1.);
#5547 = DIRECTION('',(-1.224646799147E-16,-1.,0.));
#5548 = PLANE('',#5549);
#5549 = AXIS2_PLACEMENT_3D('',#5550,#5551,#5552);
#5550 = CARTESIAN_POINT('',(-0.25,-1.421959173294,1.302213422577));
#5551 = DIRECTION('',(-1.,1.224646799147E-16,0.));
#5552 = DIRECTION('',(0.,0.,1.));
#5553 = ADVANCED_FACE('',(#5554),#5572,.F.);
#5554 = FACE_BOUND('',#5555,.F.);
#5555 = EDGE_LOOP('',(#5556,#5564,#5570,#5571));
#5556 = ORIENTED_EDGE('',*,*,#5557,.F.);
#5557 = EDGE_CURVE('',#5558,#4178,#5560,.T.);
#5558 = VERTEX_POINT('',#5559);
#5559 = CARTESIAN_POINT('',(0.25,-0.3,2.85));
#5560 = LINE('',#5561,#5562);
#5561 = CARTESIAN_POINT('',(0.25,-0.25,2.85));
#5562 = VECTOR('',#5563,1.);
#5563 = DIRECTION('',(-1.224646799147E-16,-1.,0.));
#5564 = ORIENTED_EDGE('',*,*,#5565,.T.);
#5565 = EDGE_CURVE('',#5558,#5535,#5566,.T.);
#5566 = LINE('',#5567,#5568);
#5567 = CARTESIAN_POINT('',(0.25,-0.3,2.85));
#5568 = VECTOR('',#5569,1.);
#5569 = DIRECTION('',(-1.,1.224646799147E-16,0.));
#5570 = ORIENTED_EDGE('',*,*,#5543,.T.);
#5571 = ORIENTED_EDGE('',*,*,#4185,.F.);
#5572 = PLANE('',#5573);
#5573 = AXIS2_PLACEMENT_3D('',#5574,#5575,#5576);
#5574 = CARTESIAN_POINT('',(0.25,-0.25,2.85));
#5575 = DIRECTION('',(0.,0.,1.));
#5576 = DIRECTION('',(-1.224646799147E-16,-1.,0.));
#5577 = ADVANCED_FACE('',(#5578),#5655,.F.);
#5578 = FACE_BOUND('',#5579,.F.);
#5579 = EDGE_LOOP('',(#5580,#5581,#5582,#5591,#5599,#5607,#5615,#5623,
    #5631,#5639,#5647,#5654));
#5580 = ORIENTED_EDGE('',*,*,#4177,.F.);
#5581 = ORIENTED_EDGE('',*,*,#5436,.T.);
#5582 = ORIENTED_EDGE('',*,*,#5583,.T.);
#5583 = EDGE_CURVE('',#5437,#5584,#5586,.T.);
#5584 = VERTEX_POINT('',#5585);
#5585 = CARTESIAN_POINT('',(0.25,0.25,2.8));
#5586 = CIRCLE('',#5587,0.55);
#5587 = AXIS2_PLACEMENT_3D('',#5588,#5589,#5590);
#5588 = CARTESIAN_POINT('',(0.25,-0.3,2.8));
#5589 = DIRECTION('',(-1.,1.224646799147E-16,0.));
#5590 = DIRECTION('',(0.,0.,1.));
#5591 = ORIENTED_EDGE('',*,*,#5592,.T.);
#5592 = EDGE_CURVE('',#5584,#5593,#5595,.T.);
#5593 = VERTEX_POINT('',#5594);
#5594 = CARTESIAN_POINT('',(0.25,0.25,-0.9));
#5595 = LINE('',#5596,#5597);
#5596 = CARTESIAN_POINT('',(0.25,0.25,3.35));
#5597 = VECTOR('',#5598,1.);
#5598 = DIRECTION('',(-0.,0.,-1.));
#5599 = ORIENTED_EDGE('',*,*,#5600,.T.);
#5600 = EDGE_CURVE('',#5593,#5601,#5603,.T.);
#5601 = VERTEX_POINT('',#5602);
#5602 = CARTESIAN_POINT('',(0.25,-5.E-02,-1.5));
#5603 = LINE('',#5604,#5605);
#5604 = CARTESIAN_POINT('',(0.25,0.25,-0.9));
#5605 = VECTOR('',#5606,1.);
#5606 = DIRECTION('',(-5.476786982641E-17,-0.4472135955,-0.894427191));
#5607 = ORIENTED_EDGE('',*,*,#5608,.T.);
#5608 = EDGE_CURVE('',#5601,#5609,#5611,.T.);
#5609 = VERTEX_POINT('',#5610);
#5610 = CARTESIAN_POINT('',(0.25,0.218421052632,-3.2));
#5611 = LINE('',#5612,#5613);
#5612 = CARTESIAN_POINT('',(0.25,-5.E-02,-1.5));
#5613 = VECTOR('',#5614,1.);
#5614 = DIRECTION('',(1.909990663905E-17,0.155962573473,-0.987762965329)
  );
#5615 = ORIENTED_EDGE('',*,*,#5616,.T.);
#5616 = EDGE_CURVE('',#5609,#5617,#5619,.T.);
#5617 = VERTEX_POINT('',#5618);
#5618 = CARTESIAN_POINT('',(0.25,-0.281578947368,-3.2));
#5619 = LINE('',#5620,#5621);
#5620 = CARTESIAN_POINT('',(0.25,0.25,-3.2));
#5621 = VECTOR('',#5622,1.);
#5622 = DIRECTION('',(-1.224646799147E-16,-1.,0.));
#5623 = ORIENTED_EDGE('',*,*,#5624,.T.);
#5624 = EDGE_CURVE('',#5617,#5625,#5627,.T.);
#5625 = VERTEX_POINT('',#5626);
#5626 = CARTESIAN_POINT('',(0.25,-0.55,-1.5));
#5627 = LINE('',#5628,#5629);
#5628 = CARTESIAN_POINT('',(0.25,-0.25,-3.4));
#5629 = VECTOR('',#5630,1.);
#5630 = DIRECTION('',(-1.909990663905E-17,-0.155962573473,0.987762965329
    ));
#5631 = ORIENTED_EDGE('',*,*,#5632,.T.);
#5632 = EDGE_CURVE('',#5625,#5633,#5635,.T.);
#5633 = VERTEX_POINT('',#5634);
#5634 = CARTESIAN_POINT('',(0.25,-0.25,-0.9));
#5635 = LINE('',#5636,#5637);
#5636 = CARTESIAN_POINT('',(0.25,-0.55,-1.5));
#5637 = VECTOR('',#5638,1.);
#5638 = DIRECTION('',(5.476786982641E-17,0.4472135955,0.894427191));
#5639 = ORIENTED_EDGE('',*,*,#5640,.T.);
#5640 = EDGE_CURVE('',#5633,#5641,#5643,.T.);
#5641 = VERTEX_POINT('',#5642);
#5642 = CARTESIAN_POINT('',(0.25,-0.25,2.8));
#5643 = LINE('',#5644,#5645);
#5644 = CARTESIAN_POINT('',(0.25,-0.25,-0.9));
#5645 = VECTOR('',#5646,1.);
#5646 = DIRECTION('',(0.,0.,1.));
#5647 = ORIENTED_EDGE('',*,*,#5648,.F.);
#5648 = EDGE_CURVE('',#5558,#5641,#5649,.T.);
#5649 = CIRCLE('',#5650,5.E-02);
#5650 = AXIS2_PLACEMENT_3D('',#5651,#5652,#5653);
#5651 = CARTESIAN_POINT('',(0.25,-0.3,2.8));
#5652 = DIRECTION('',(-1.,1.224646799147E-16,0.));
#5653 = DIRECTION('',(0.,0.,1.));
#5654 = ORIENTED_EDGE('',*,*,#5557,.T.);
#5655 = PLANE('',#5656);
#5656 = AXIS2_PLACEMENT_3D('',#5657,#5658,#5659);
#5657 = CARTESIAN_POINT('',(0.25,-1.421959173294,1.302213422577));
#5658 = DIRECTION('',(-1.,1.224646799147E-16,0.));
#5659 = DIRECTION('',(0.,0.,1.));
#5660 = ADVANCED_FACE('',(#5661),#5667,.F.);
#5661 = FACE_BOUND('',#5662,.F.);
#5662 = EDGE_LOOP('',(#5663,#5664,#5665,#5666));
#5663 = ORIENTED_EDGE('',*,*,#4318,.T.);
#5664 = ORIENTED_EDGE('',*,*,#4301,.T.);
#5665 = ORIENTED_EDGE('',*,*,#4277,.F.);
#5666 = ORIENTED_EDGE('',*,*,#4253,.F.);
#5667 = PLANE('',#5668);
#5668 = AXIS2_PLACEMENT_3D('',#5669,#5670,#5671);
#5669 = CARTESIAN_POINT('',(4.25,-5.75,2.85));
#5670 = DIRECTION('',(1.224646799147E-16,1.,0.));
#5671 = DIRECTION('',(0.,-0.,1.));
#5672 = ADVANCED_FACE('',(#5673),#5679,.F.);
#5673 = FACE_BOUND('',#5674,.F.);
#5674 = EDGE_LOOP('',(#5675,#5676,#5677,#5678));
#5675 = ORIENTED_EDGE('',*,*,#4373,.T.);
#5676 = ORIENTED_EDGE('',*,*,#4349,.T.);
#5677 = ORIENTED_EDGE('',*,*,#4414,.F.);
#5678 = ORIENTED_EDGE('',*,*,#4397,.F.);
#5679 = PLANE('',#5680);
#5680 = AXIS2_PLACEMENT_3D('',#5681,#5682,#5683);
#5681 = CARTESIAN_POINT('',(6.25,-5.75,2.85));
#5682 = DIRECTION('',(1.224646799147E-16,1.,0.));
#5683 = DIRECTION('',(0.,-0.,1.));
#5684 = ADVANCED_FACE('',(#5685),#5691,.F.);
#5685 = FACE_BOUND('',#5686,.F.);
#5686 = EDGE_LOOP('',(#5687,#5688,#5689,#5690));
#5687 = ORIENTED_EDGE('',*,*,#4493,.T.);
#5688 = ORIENTED_EDGE('',*,*,#4469,.T.);
#5689 = ORIENTED_EDGE('',*,*,#4436,.F.);
#5690 = ORIENTED_EDGE('',*,*,#4510,.F.);
#5691 = PLANE('',#5692);
#5692 = AXIS2_PLACEMENT_3D('',#5693,#5694,#5695);
#5693 = CARTESIAN_POINT('',(0.25,-5.75,2.85));
#5694 = DIRECTION('',(1.224646799147E-16,1.,0.));
#5695 = DIRECTION('',(0.,-0.,1.));
#5696 = ADVANCED_FACE('',(#5697),#5703,.F.);
#5697 = FACE_BOUND('',#5698,.F.);
#5698 = EDGE_LOOP('',(#5699,#5700,#5701,#5702));
#5699 = ORIENTED_EDGE('',*,*,#4565,.T.);
#5700 = ORIENTED_EDGE('',*,*,#4541,.T.);
#5701 = ORIENTED_EDGE('',*,*,#4606,.F.);
#5702 = ORIENTED_EDGE('',*,*,#4589,.F.);
#5703 = PLANE('',#5704);
#5704 = AXIS2_PLACEMENT_3D('',#5705,#5706,#5707);
#5705 = CARTESIAN_POINT('',(2.25,-5.75,2.85));
#5706 = DIRECTION('',(1.224646799147E-16,1.,0.));
#5707 = DIRECTION('',(0.,-0.,1.));
#5708 = ADVANCED_FACE('',(#5709),#5715,.F.);
#5709 = FACE_BOUND('',#5710,.F.);
#5710 = EDGE_LOOP('',(#5711,#5712,#5713,#5714));
#5711 = ORIENTED_EDGE('',*,*,#4685,.T.);
#5712 = ORIENTED_EDGE('',*,*,#4661,.T.);
#5713 = ORIENTED_EDGE('',*,*,#4628,.F.);
#5714 = ORIENTED_EDGE('',*,*,#4702,.F.);
#5715 = PLANE('',#5716);
#5716 = AXIS2_PLACEMENT_3D('',#5717,#5718,#5719);
#5717 = CARTESIAN_POINT('',(8.25,-5.75,2.85));
#5718 = DIRECTION('',(1.224646799147E-16,1.,0.));
#5719 = DIRECTION('',(0.,-0.,1.));
#5720 = ADVANCED_FACE('',(#5721),#5732,.T.);
#5721 = FACE_BOUND('',#5722,.T.);
#5722 = EDGE_LOOP('',(#5723,#5724,#5730,#5731));
#5723 = ORIENTED_EDGE('',*,*,#4863,.T.);
#5724 = ORIENTED_EDGE('',*,*,#5725,.T.);
#5725 = EDGE_CURVE('',#4864,#4750,#5726,.T.);
#5726 = LINE('',#5727,#5728);
#5727 = CARTESIAN_POINT('',(8.25,0.25,2.8));
#5728 = VECTOR('',#5729,1.);
#5729 = DIRECTION('',(-1.,1.224646799147E-16,0.));
#5730 = ORIENTED_EDGE('',*,*,#4749,.F.);
#5731 = ORIENTED_EDGE('',*,*,#4733,.F.);
#5732 = CYLINDRICAL_SURFACE('',#5733,0.55);
#5733 = AXIS2_PLACEMENT_3D('',#5734,#5735,#5736);
#5734 = CARTESIAN_POINT('',(8.25,-0.3,2.8));
#5735 = DIRECTION('',(-1.,1.224646799147E-16,0.));
#5736 = DIRECTION('',(0.,0.,1.));
#5737 = ADVANCED_FACE('',(#5738),#5749,.F.);
#5738 = FACE_BOUND('',#5739,.F.);
#5739 = EDGE_LOOP('',(#5740,#5741,#5747,#5748));
#5740 = ORIENTED_EDGE('',*,*,#4928,.T.);
#5741 = ORIENTED_EDGE('',*,*,#5742,.T.);
#5742 = EDGE_CURVE('',#4921,#4807,#5743,.T.);
#5743 = LINE('',#5744,#5745);
#5744 = CARTESIAN_POINT('',(8.25,-0.25,2.8));
#5745 = VECTOR('',#5746,1.);
#5746 = DIRECTION('',(-1.,1.224646799147E-16,0.));
#5747 = ORIENTED_EDGE('',*,*,#4814,.F.);
#5748 = ORIENTED_EDGE('',*,*,#4845,.F.);
#5749 = CYLINDRICAL_SURFACE('',#5750,5.E-02);
#5750 = AXIS2_PLACEMENT_3D('',#5751,#5752,#5753);
#5751 = CARTESIAN_POINT('',(8.25,-0.3,2.8));
#5752 = DIRECTION('',(-1.,1.224646799147E-16,0.));
#5753 = DIRECTION('',(0.,0.,1.));
#5754 = ADVANCED_FACE('',(#5755),#5766,.F.);
#5755 = FACE_BOUND('',#5756,.F.);
#5756 = EDGE_LOOP('',(#5757,#5758,#5764,#5765));
#5757 = ORIENTED_EDGE('',*,*,#4920,.F.);
#5758 = ORIENTED_EDGE('',*,*,#5759,.T.);
#5759 = EDGE_CURVE('',#4913,#4799,#5760,.T.);
#5760 = LINE('',#5761,#5762);
#5761 = CARTESIAN_POINT('',(8.25,-0.25,-0.9));
#5762 = VECTOR('',#5763,1.);
#5763 = DIRECTION('',(-1.,1.224646799147E-16,0.));
#5764 = ORIENTED_EDGE('',*,*,#4806,.T.);
#5765 = ORIENTED_EDGE('',*,*,#5742,.F.);
#5766 = PLANE('',#5767);
#5767 = AXIS2_PLACEMENT_3D('',#5768,#5769,#5770);
#5768 = CARTESIAN_POINT('',(8.25,-0.25,-0.9));
#5769 = DIRECTION('',(1.224646799147E-16,1.,0.));
#5770 = DIRECTION('',(0.,-0.,1.));
#5771 = ADVANCED_FACE('',(#5772),#5783,.F.);
#5772 = FACE_BOUND('',#5773,.F.);
#5773 = EDGE_LOOP('',(#5774,#5780,#5781,#5782));
#5774 = ORIENTED_EDGE('',*,*,#5775,.T.);
#5775 = EDGE_CURVE('',#4905,#4791,#5776,.T.);
#5776 = LINE('',#5777,#5778);
#5777 = CARTESIAN_POINT('',(8.25,-0.55,-1.5));
#5778 = VECTOR('',#5779,1.);
#5779 = DIRECTION('',(-1.,1.224646799147E-16,0.));
#5780 = ORIENTED_EDGE('',*,*,#4798,.T.);
#5781 = ORIENTED_EDGE('',*,*,#5759,.F.);
#5782 = ORIENTED_EDGE('',*,*,#4912,.F.);
#5783 = PLANE('',#5784);
#5784 = AXIS2_PLACEMENT_3D('',#5785,#5786,#5787);
#5785 = CARTESIAN_POINT('',(8.25,-0.55,-1.5));
#5786 = DIRECTION('',(1.095357396528E-16,0.894427191,-0.4472135955));
#5787 = DIRECTION('',(5.476786982641E-17,0.4472135955,0.894427191));
#5788 = ADVANCED_FACE('',(#5789),#5816,.F.);
#5789 = FACE_BOUND('',#5790,.F.);
#5790 = EDGE_LOOP('',(#5791,#5792,#5800,#5808,#5814,#5815));
#5791 = ORIENTED_EDGE('',*,*,#4904,.F.);
#5792 = ORIENTED_EDGE('',*,*,#5793,.F.);
#5793 = EDGE_CURVE('',#5794,#4897,#5796,.T.);
#5794 = VERTEX_POINT('',#5795);
#5795 = CARTESIAN_POINT('',(8.247552593066,-0.281192514695,
    -3.202447406934));
#5796 = LINE('',#5797,#5798);
#5797 = CARTESIAN_POINT('',(8.1292749658,-0.262517099863,-3.3207250342)
  );
#5798 = VECTOR('',#5799,1.);
#5799 = DIRECTION('',(0.702740385383,-0.110959008218,0.702740385383));
#5800 = ORIENTED_EDGE('',*,*,#5801,.T.);
#5801 = EDGE_CURVE('',#5794,#5802,#5804,.T.);
#5802 = VERTEX_POINT('',#5803);
#5803 = CARTESIAN_POINT('',(7.752447406934,-0.281192514695,
    -3.202447406934));
#5804 = LINE('',#5805,#5806);
#5805 = CARTESIAN_POINT('',(8.25,-0.281192514695,-3.202447406934));
#5806 = VECTOR('',#5807,1.);
#5807 = DIRECTION('',(-1.,1.224646799147E-16,0.));
#5808 = ORIENTED_EDGE('',*,*,#5809,.T.);
#5809 = EDGE_CURVE('',#5802,#4783,#5810,.T.);
#5810 = LINE('',#5811,#5812);
#5811 = CARTESIAN_POINT('',(7.994186046512,-0.243023255814,
    -3.444186046512));
#5812 = VECTOR('',#5813,1.);
#5813 = DIRECTION('',(-0.702740385383,-0.110959008218,0.702740385383));
#5814 = ORIENTED_EDGE('',*,*,#4790,.T.);
#5815 = ORIENTED_EDGE('',*,*,#5775,.F.);
#5816 = PLANE('',#5817);
#5817 = AXIS2_PLACEMENT_3D('',#5818,#5819,#5820);
#5818 = CARTESIAN_POINT('',(8.25,-0.25,-3.4));
#5819 = DIRECTION('',(1.209660753807E-16,0.987762965329,0.155962573473)
  );
#5820 = DIRECTION('',(-1.909990663905E-17,-0.155962573473,0.987762965329
    ));
#5821 = ADVANCED_FACE('',(#5822),#5856,.F.);
#5822 = FACE_BOUND('',#5823,.T.);
#5823 = EDGE_LOOP('',(#5824,#5832,#5833,#5834,#5842,#5850));
#5824 = ORIENTED_EDGE('',*,*,#5825,.T.);
#5825 = EDGE_CURVE('',#5826,#5802,#5828,.T.);
#5826 = VERTEX_POINT('',#5827);
#5827 = CARTESIAN_POINT('',(7.95,-5.E-02,-3.4));
#5828 = LINE('',#5829,#5830);
#5829 = CARTESIAN_POINT('',(7.982204224438,-1.231193164325E-02,
    -3.432204224438));
#5830 = VECTOR('',#5831,1.);
#5831 = DIRECTION('',(-0.544770019249,-0.63753529491,0.544770019249));
#5832 = ORIENTED_EDGE('',*,*,#5809,.T.);
#5833 = ORIENTED_EDGE('',*,*,#4782,.F.);
#5834 = ORIENTED_EDGE('',*,*,#5835,.F.);
#5835 = EDGE_CURVE('',#5836,#4775,#5838,.T.);
#5836 = VERTEX_POINT('',#5837);
#5837 = CARTESIAN_POINT('',(7.752447406934,0.218807485305,
    -3.202447406934));
#5838 = LINE('',#5839,#5840);
#5839 = CARTESIAN_POINT('',(7.493844049248,0.177975376197,
    -2.943844049248));
#5840 = VECTOR('',#5841,1.);
#5841 = DIRECTION('',(-0.702740385383,-0.110959008218,0.702740385383));
#5842 = ORIENTED_EDGE('',*,*,#5843,.F.);
#5843 = EDGE_CURVE('',#5844,#5836,#5846,.T.);
#5844 = VERTEX_POINT('',#5845);
#5845 = CARTESIAN_POINT('',(7.95,5.E-02,-3.4));
#5846 = LINE('',#5847,#5848);
#5847 = CARTESIAN_POINT('',(7.905717325178,8.783927542193E-02,
    -3.355717325178));
#5848 = VECTOR('',#5849,1.);
#5849 = DIRECTION('',(-0.605209817607,0.517148096144,0.605209817607));
#5850 = ORIENTED_EDGE('',*,*,#5851,.T.);
#5851 = EDGE_CURVE('',#5844,#5826,#5852,.T.);
#5852 = LINE('',#5853,#5854);
#5853 = CARTESIAN_POINT('',(7.95,0.25,-3.4));
#5854 = VECTOR('',#5855,1.);
#5855 = DIRECTION('',(-1.224646799147E-16,-1.,0.));
#5856 = PLANE('',#5857);
#5857 = AXIS2_PLACEMENT_3D('',#5858,#5859,#5860);
#5858 = CARTESIAN_POINT('',(7.85,0.25,-3.3));
#5859 = DIRECTION('',(0.707106781187,-8.833102285013E-17,0.707106781187)
  );
#5860 = DIRECTION('',(1.236918052038E-16,1.,1.227125289097E-18));
#5861 = ADVANCED_FACE('',(#5862),#5887,.F.);
#5862 = FACE_BOUND('',#5863,.F.);
#5863 = EDGE_LOOP('',(#5864,#5865,#5871,#5872,#5873,#5881));
#5864 = ORIENTED_EDGE('',*,*,#4888,.F.);
#5865 = ORIENTED_EDGE('',*,*,#5866,.T.);
#5866 = EDGE_CURVE('',#4881,#4767,#5867,.T.);
#5867 = LINE('',#5868,#5869);
#5868 = CARTESIAN_POINT('',(8.25,-5.E-02,-1.5));
#5869 = VECTOR('',#5870,1.);
#5870 = DIRECTION('',(-1.,1.224646799147E-16,0.));
#5871 = ORIENTED_EDGE('',*,*,#4774,.T.);
#5872 = ORIENTED_EDGE('',*,*,#5835,.F.);
#5873 = ORIENTED_EDGE('',*,*,#5874,.F.);
#5874 = EDGE_CURVE('',#5875,#5836,#5877,.T.);
#5875 = VERTEX_POINT('',#5876);
#5876 = CARTESIAN_POINT('',(8.247552593066,0.218807485305,
    -3.202447406934));
#5877 = LINE('',#5878,#5879);
#5878 = CARTESIAN_POINT('',(8.25,0.218807485305,-3.202447406934));
#5879 = VECTOR('',#5880,1.);
#5880 = DIRECTION('',(-1.,1.224646799147E-16,0.));
#5881 = ORIENTED_EDGE('',*,*,#5882,.T.);
#5882 = EDGE_CURVE('',#5875,#4889,#5883,.T.);
#5883 = LINE('',#5884,#5885);
#5884 = CARTESIAN_POINT('',(8.629616963064,0.158481532148,
    -2.820383036936));
#5885 = VECTOR('',#5886,1.);
#5886 = DIRECTION('',(0.702740385383,-0.110959008218,0.702740385383));
#5887 = PLANE('',#5888);
#5888 = AXIS2_PLACEMENT_3D('',#5889,#5890,#5891);
#5889 = CARTESIAN_POINT('',(8.25,-5.E-02,-1.5));
#5890 = DIRECTION('',(-1.209660753807E-16,-0.987762965329,
    -0.155962573473));
#5891 = DIRECTION('',(1.909990663905E-17,0.155962573473,-0.987762965329)
  );
#5892 = ADVANCED_FACE('',(#5893),#5904,.F.);
#5893 = FACE_BOUND('',#5894,.F.);
#5894 = EDGE_LOOP('',(#5895,#5901,#5902,#5903));
#5895 = ORIENTED_EDGE('',*,*,#5896,.T.);
#5896 = EDGE_CURVE('',#4873,#4759,#5897,.T.);
#5897 = LINE('',#5898,#5899);
#5898 = CARTESIAN_POINT('',(8.25,0.25,-0.9));
#5899 = VECTOR('',#5900,1.);
#5900 = DIRECTION('',(-1.,1.224646799147E-16,0.));
#5901 = ORIENTED_EDGE('',*,*,#4766,.T.);
#5902 = ORIENTED_EDGE('',*,*,#5866,.F.);
#5903 = ORIENTED_EDGE('',*,*,#4880,.F.);
#5904 = PLANE('',#5905);
#5905 = AXIS2_PLACEMENT_3D('',#5906,#5907,#5908);
#5906 = CARTESIAN_POINT('',(8.25,0.25,-0.9));
#5907 = DIRECTION('',(-1.095357396528E-16,-0.894427191,0.4472135955));
#5908 = DIRECTION('',(-5.476786982641E-17,-0.4472135955,-0.894427191));
#5909 = ADVANCED_FACE('',(#5910),#5916,.F.);
#5910 = FACE_BOUND('',#5911,.F.);
#5911 = EDGE_LOOP('',(#5912,#5913,#5914,#5915));
#5912 = ORIENTED_EDGE('',*,*,#4872,.F.);
#5913 = ORIENTED_EDGE('',*,*,#5725,.T.);
#5914 = ORIENTED_EDGE('',*,*,#4758,.T.);
#5915 = ORIENTED_EDGE('',*,*,#5896,.F.);
#5916 = PLANE('',#5917);
#5917 = AXIS2_PLACEMENT_3D('',#5918,#5919,#5920);
#5918 = CARTESIAN_POINT('',(8.25,0.25,3.35));
#5919 = DIRECTION('',(-1.224646799147E-16,-1.,0.));
#5920 = DIRECTION('',(-0.,0.,-1.));
#5921 = ADVANCED_FACE('',(#5922),#5949,.T.);
#5922 = FACE_BOUND('',#5923,.F.);
#5923 = EDGE_LOOP('',(#5924,#5932,#5940,#5946,#5947,#5948));
#5924 = ORIENTED_EDGE('',*,*,#5925,.F.);
#5925 = EDGE_CURVE('',#5926,#5875,#5928,.T.);
#5926 = VERTEX_POINT('',#5927);
#5927 = CARTESIAN_POINT('',(8.05,5.E-02,-3.4));
#5928 = LINE('',#5929,#5930);
#5929 = CARTESIAN_POINT('',(8.185852405654,0.166085051658,
    -3.264147594346));
#5930 = VECTOR('',#5931,1.);
#5931 = DIRECTION('',(0.605209817607,0.517148096144,0.605209817607));
#5932 = ORIENTED_EDGE('',*,*,#5933,.T.);
#5933 = EDGE_CURVE('',#5926,#5934,#5936,.T.);
#5934 = VERTEX_POINT('',#5935);
#5935 = CARTESIAN_POINT('',(8.05,-5.E-02,-3.4));
#5936 = LINE('',#5937,#5938);
#5937 = CARTESIAN_POINT('',(8.05,0.25,-3.4));
#5938 = VECTOR('',#5939,1.);
#5939 = DIRECTION('',(-1.224646799147E-16,-1.,0.));
#5940 = ORIENTED_EDGE('',*,*,#5941,.T.);
#5941 = EDGE_CURVE('',#5934,#5794,#5942,.T.);
#5942 = LINE('',#5943,#5944);
#5943 = CARTESIAN_POINT('',(8.09198936903,-9.913946036316E-02,
    -3.35801063097));
#5944 = VECTOR('',#5945,1.);
#5945 = DIRECTION('',(0.544770019249,-0.63753529491,0.544770019249));
#5946 = ORIENTED_EDGE('',*,*,#5793,.T.);
#5947 = ORIENTED_EDGE('',*,*,#4896,.F.);
#5948 = ORIENTED_EDGE('',*,*,#5882,.F.);
#5949 = PLANE('',#5950);
#5950 = AXIS2_PLACEMENT_3D('',#5951,#5952,#5953);
#5951 = CARTESIAN_POINT('',(8.15,0.25,-3.3));
#5952 = DIRECTION('',(0.707106781187,-8.486018839685E-17,-0.707106781187
    ));
#5953 = DIRECTION('',(1.212375546256E-16,1.,1.227125289196E-18));
#5954 = ADVANCED_FACE('',(#5955),#5966,.F.);
#5955 = FACE_BOUND('',#5956,.F.);
#5956 = EDGE_LOOP('',(#5957,#5958,#5964,#5965));
#5957 = ORIENTED_EDGE('',*,*,#5075,.T.);
#5958 = ORIENTED_EDGE('',*,*,#5959,.T.);
#5959 = EDGE_CURVE('',#5068,#4979,#5960,.T.);
#5960 = LINE('',#5961,#5962);
#5961 = CARTESIAN_POINT('',(6.25,-0.25,2.8));
#5962 = VECTOR('',#5963,1.);
#5963 = DIRECTION('',(-1.,1.224646799147E-16,0.));
#5964 = ORIENTED_EDGE('',*,*,#4986,.F.);
#5965 = ORIENTED_EDGE('',*,*,#5017,.F.);
#5966 = CYLINDRICAL_SURFACE('',#5967,5.E-02);
#5967 = AXIS2_PLACEMENT_3D('',#5968,#5969,#5970);
#5968 = CARTESIAN_POINT('',(6.25,-0.3,2.8));
#5969 = DIRECTION('',(-1.,1.224646799147E-16,0.));
#5970 = DIRECTION('',(0.,0.,1.));
#5971 = ADVANCED_FACE('',(#5972),#5983,.F.);
#5972 = FACE_BOUND('',#5973,.F.);
#5973 = EDGE_LOOP('',(#5974,#5975,#5981,#5982));
#5974 = ORIENTED_EDGE('',*,*,#5067,.F.);
#5975 = ORIENTED_EDGE('',*,*,#5976,.T.);
#5976 = EDGE_CURVE('',#5060,#4971,#5977,.T.);
#5977 = LINE('',#5978,#5979);
#5978 = CARTESIAN_POINT('',(6.25,-0.25,-3.2));
#5979 = VECTOR('',#5980,1.);
#5980 = DIRECTION('',(-1.,1.224646799147E-16,0.));
#5981 = ORIENTED_EDGE('',*,*,#4978,.T.);
#5982 = ORIENTED_EDGE('',*,*,#5959,.F.);
#5983 = PLANE('',#5984);
#5984 = AXIS2_PLACEMENT_3D('',#5985,#5986,#5987);
#5985 = CARTESIAN_POINT('',(6.25,-0.25,-3.4));
#5986 = DIRECTION('',(1.224646799147E-16,1.,0.));
#5987 = DIRECTION('',(0.,-0.,1.));
#5988 = ADVANCED_FACE('',(#5989),#6014,.F.);
#5989 = FACE_BOUND('',#5990,.T.);
#5990 = EDGE_LOOP('',(#5991,#5999,#6007,#6013));
#5991 = ORIENTED_EDGE('',*,*,#5992,.F.);
#5992 = EDGE_CURVE('',#5993,#4963,#5995,.T.);
#5993 = VERTEX_POINT('',#5994);
#5994 = CARTESIAN_POINT('',(5.95,5.E-02,-3.4));
#5995 = LINE('',#5996,#5997);
#5996 = CARTESIAN_POINT('',(5.9,0.1,-3.35));
#5997 = VECTOR('',#5998,1.);
#5998 = DIRECTION('',(-0.57735026919,0.57735026919,0.57735026919));
#5999 = ORIENTED_EDGE('',*,*,#6000,.T.);
#6000 = EDGE_CURVE('',#5993,#6001,#6003,.T.);
#6001 = VERTEX_POINT('',#6002);
#6002 = CARTESIAN_POINT('',(5.95,-5.E-02,-3.4));
#6003 = LINE('',#6004,#6005);
#6004 = CARTESIAN_POINT('',(5.95,0.25,-3.4));
#6005 = VECTOR('',#6006,1.);
#6006 = DIRECTION('',(-1.224646799147E-16,-1.,0.));
#6007 = ORIENTED_EDGE('',*,*,#6008,.T.);
#6008 = EDGE_CURVE('',#6001,#4971,#6009,.T.);
#6009 = LINE('',#6010,#6011);
#6010 = CARTESIAN_POINT('',(5.983333333333,-1.666666666667E-02,
    -3.433333333333));
#6011 = VECTOR('',#6012,1.);
#6012 = DIRECTION('',(-0.57735026919,-0.57735026919,0.57735026919));
#6013 = ORIENTED_EDGE('',*,*,#4970,.F.);
#6014 = PLANE('',#6015);
#6015 = AXIS2_PLACEMENT_3D('',#6016,#6017,#6018);
#6016 = CARTESIAN_POINT('',(5.85,0.25,-3.3));
#6017 = DIRECTION('',(0.707106781187,-8.833102285013E-17,0.707106781187)
  );
#6018 = DIRECTION('',(1.236918052038E-16,1.,1.227125289097E-18));
#6019 = ADVANCED_FACE('',(#6020),#6036,.F.);
#6020 = FACE_BOUND('',#6021,.F.);
#6021 = EDGE_LOOP('',(#6022,#6023,#6029,#6030));
#6022 = ORIENTED_EDGE('',*,*,#5051,.F.);
#6023 = ORIENTED_EDGE('',*,*,#6024,.T.);
#6024 = EDGE_CURVE('',#5043,#4954,#6025,.T.);
#6025 = LINE('',#6026,#6027);
#6026 = CARTESIAN_POINT('',(6.25,0.25,2.8));
#6027 = VECTOR('',#6028,1.);
#6028 = DIRECTION('',(-1.,1.224646799147E-16,0.));
#6029 = ORIENTED_EDGE('',*,*,#4962,.T.);
#6030 = ORIENTED_EDGE('',*,*,#6031,.F.);
#6031 = EDGE_CURVE('',#5052,#4963,#6032,.T.);
#6032 = LINE('',#6033,#6034);
#6033 = CARTESIAN_POINT('',(6.25,0.25,-3.2));
#6034 = VECTOR('',#6035,1.);
#6035 = DIRECTION('',(-1.,1.224646799147E-16,0.));
#6036 = PLANE('',#6037);
#6037 = AXIS2_PLACEMENT_3D('',#6038,#6039,#6040);
#6038 = CARTESIAN_POINT('',(6.25,0.25,3.35));
#6039 = DIRECTION('',(-1.224646799147E-16,-1.,0.));
#6040 = DIRECTION('',(-0.,0.,-1.));
#6041 = ADVANCED_FACE('',(#6042),#6048,.T.);
#6042 = FACE_BOUND('',#6043,.T.);
#6043 = EDGE_LOOP('',(#6044,#6045,#6046,#6047));
#6044 = ORIENTED_EDGE('',*,*,#5042,.T.);
#6045 = ORIENTED_EDGE('',*,*,#6024,.T.);
#6046 = ORIENTED_EDGE('',*,*,#4953,.F.);
#6047 = ORIENTED_EDGE('',*,*,#5094,.F.);
#6048 = CYLINDRICAL_SURFACE('',#6049,0.55);
#6049 = AXIS2_PLACEMENT_3D('',#6050,#6051,#6052);
#6050 = CARTESIAN_POINT('',(6.25,-0.3,2.8));
#6051 = DIRECTION('',(-1.,1.224646799147E-16,0.));
#6052 = DIRECTION('',(0.,0.,1.));
#6053 = ADVANCED_FACE('',(#6054),#6079,.T.);
#6054 = FACE_BOUND('',#6055,.F.);
#6055 = EDGE_LOOP('',(#6056,#6064,#6072,#6078));
#6056 = ORIENTED_EDGE('',*,*,#6057,.F.);
#6057 = EDGE_CURVE('',#6058,#5052,#6060,.T.);
#6058 = VERTEX_POINT('',#6059);
#6059 = CARTESIAN_POINT('',(6.05,5.E-02,-3.4));
#6060 = LINE('',#6061,#6062);
#6061 = CARTESIAN_POINT('',(6.183333333333,0.183333333333,
    -3.266666666667));
#6062 = VECTOR('',#6063,1.);
#6063 = DIRECTION('',(0.57735026919,0.57735026919,0.57735026919));
#6064 = ORIENTED_EDGE('',*,*,#6065,.T.);
#6065 = EDGE_CURVE('',#6058,#6066,#6068,.T.);
#6066 = VERTEX_POINT('',#6067);
#6067 = CARTESIAN_POINT('',(6.05,-5.E-02,-3.4));
#6068 = LINE('',#6069,#6070);
#6069 = CARTESIAN_POINT('',(6.05,0.25,-3.4));
#6070 = VECTOR('',#6071,1.);
#6071 = DIRECTION('',(-1.224646799147E-16,-1.,0.));
#6072 = ORIENTED_EDGE('',*,*,#6073,.T.);
#6073 = EDGE_CURVE('',#6066,#5060,#6074,.T.);
#6074 = LINE('',#6075,#6076);
#6075 = CARTESIAN_POINT('',(6.1,-0.1,-3.35));
#6076 = VECTOR('',#6077,1.);
#6077 = DIRECTION('',(0.57735026919,-0.57735026919,0.57735026919));
#6078 = ORIENTED_EDGE('',*,*,#5059,.F.);
#6079 = PLANE('',#6080);
#6080 = AXIS2_PLACEMENT_3D('',#6081,#6082,#6083);
#6081 = CARTESIAN_POINT('',(6.15,0.25,-3.3));
#6082 = DIRECTION('',(0.707106781187,-8.486018839685E-17,-0.707106781187
    ));
#6083 = DIRECTION('',(1.212375546256E-16,1.,1.227125289196E-18));
#6084 = ADVANCED_FACE('',(#6085),#6096,.F.);
#6085 = FACE_BOUND('',#6086,.F.);
#6086 = EDGE_LOOP('',(#6087,#6088,#6094,#6095));
#6087 = ORIENTED_EDGE('',*,*,#5150,.T.);
#6088 = ORIENTED_EDGE('',*,*,#6089,.T.);
#6089 = EDGE_CURVE('',#5143,#5225,#6090,.T.);
#6090 = LINE('',#6091,#6092);
#6091 = CARTESIAN_POINT('',(4.25,-0.25,2.8));
#6092 = VECTOR('',#6093,1.);
#6093 = DIRECTION('',(-1.,1.224646799147E-16,0.));
#6094 = ORIENTED_EDGE('',*,*,#5232,.F.);
#6095 = ORIENTED_EDGE('',*,*,#5256,.F.);
#6096 = CYLINDRICAL_SURFACE('',#6097,5.E-02);
#6097 = AXIS2_PLACEMENT_3D('',#6098,#6099,#6100);
#6098 = CARTESIAN_POINT('',(4.25,-0.3,2.8));
#6099 = DIRECTION('',(-1.,1.224646799147E-16,0.));
#6100 = DIRECTION('',(0.,0.,1.));
#6101 = ADVANCED_FACE('',(#6102),#6113,.F.);
#6102 = FACE_BOUND('',#6103,.F.);
#6103 = EDGE_LOOP('',(#6104,#6105,#6111,#6112));
#6104 = ORIENTED_EDGE('',*,*,#5142,.F.);
#6105 = ORIENTED_EDGE('',*,*,#6106,.T.);
#6106 = EDGE_CURVE('',#5135,#5217,#6107,.T.);
#6107 = LINE('',#6108,#6109);
#6108 = CARTESIAN_POINT('',(4.25,-0.25,-3.2));
#6109 = VECTOR('',#6110,1.);
#6110 = DIRECTION('',(-1.,1.224646799147E-16,0.));
#6111 = ORIENTED_EDGE('',*,*,#5224,.T.);
#6112 = ORIENTED_EDGE('',*,*,#6089,.F.);
#6113 = PLANE('',#6114);
#6114 = AXIS2_PLACEMENT_3D('',#6115,#6116,#6117);
#6115 = CARTESIAN_POINT('',(4.25,-0.25,-3.4));
#6116 = DIRECTION('',(1.224646799147E-16,1.,0.));
#6117 = DIRECTION('',(0.,-0.,1.));
#6118 = ADVANCED_FACE('',(#6119),#6144,.T.);
#6119 = FACE_BOUND('',#6120,.F.);
#6120 = EDGE_LOOP('',(#6121,#6129,#6137,#6143));
#6121 = ORIENTED_EDGE('',*,*,#6122,.F.);
#6122 = EDGE_CURVE('',#6123,#5127,#6125,.T.);
#6123 = VERTEX_POINT('',#6124);
#6124 = CARTESIAN_POINT('',(4.05,5.E-02,-3.4));
#6125 = LINE('',#6126,#6127);
#6126 = CARTESIAN_POINT('',(4.183333333333,0.183333333333,
    -3.266666666667));
#6127 = VECTOR('',#6128,1.);
#6128 = DIRECTION('',(0.57735026919,0.57735026919,0.57735026919));
#6129 = ORIENTED_EDGE('',*,*,#6130,.T.);
#6130 = EDGE_CURVE('',#6123,#6131,#6133,.T.);
#6131 = VERTEX_POINT('',#6132);
#6132 = CARTESIAN_POINT('',(4.05,-5.E-02,-3.4));
#6133 = LINE('',#6134,#6135);
#6134 = CARTESIAN_POINT('',(4.05,0.25,-3.4));
#6135 = VECTOR('',#6136,1.);
#6136 = DIRECTION('',(-1.224646799147E-16,-1.,0.));
#6137 = ORIENTED_EDGE('',*,*,#6138,.T.);
#6138 = EDGE_CURVE('',#6131,#5135,#6139,.T.);
#6139 = LINE('',#6140,#6141);
#6140 = CARTESIAN_POINT('',(4.1,-0.1,-3.35));
#6141 = VECTOR('',#6142,1.);
#6142 = DIRECTION('',(0.57735026919,-0.57735026919,0.57735026919));
#6143 = ORIENTED_EDGE('',*,*,#5134,.F.);
#6144 = PLANE('',#6145);
#6145 = AXIS2_PLACEMENT_3D('',#6146,#6147,#6148);
#6146 = CARTESIAN_POINT('',(4.15,0.25,-3.3));
#6147 = DIRECTION('',(0.707106781187,-8.486018839685E-17,-0.707106781187
    ));
#6148 = DIRECTION('',(1.212375546256E-16,1.,1.227125289196E-18));
#6149 = ADVANCED_FACE('',(#6150),#6166,.F.);
#6150 = FACE_BOUND('',#6151,.F.);
#6151 = EDGE_LOOP('',(#6152,#6153,#6159,#6160));
#6152 = ORIENTED_EDGE('',*,*,#5126,.F.);
#6153 = ORIENTED_EDGE('',*,*,#6154,.T.);
#6154 = EDGE_CURVE('',#5118,#5200,#6155,.T.);
#6155 = LINE('',#6156,#6157);
#6156 = CARTESIAN_POINT('',(4.25,0.25,2.8));
#6157 = VECTOR('',#6158,1.);
#6158 = DIRECTION('',(-1.,1.224646799147E-16,0.));
#6159 = ORIENTED_EDGE('',*,*,#5208,.T.);
#6160 = ORIENTED_EDGE('',*,*,#6161,.F.);
#6161 = EDGE_CURVE('',#5127,#5209,#6162,.T.);
#6162 = LINE('',#6163,#6164);
#6163 = CARTESIAN_POINT('',(4.25,0.25,-3.2));
#6164 = VECTOR('',#6165,1.);
#6165 = DIRECTION('',(-1.,1.224646799147E-16,0.));
#6166 = PLANE('',#6167);
#6167 = AXIS2_PLACEMENT_3D('',#6168,#6169,#6170);
#6168 = CARTESIAN_POINT('',(4.25,0.25,3.35));
#6169 = DIRECTION('',(-1.224646799147E-16,-1.,0.));
#6170 = DIRECTION('',(-0.,0.,-1.));
#6171 = ADVANCED_FACE('',(#6172),#6178,.T.);
#6172 = FACE_BOUND('',#6173,.T.);
#6173 = EDGE_LOOP('',(#6174,#6175,#6176,#6177));
#6174 = ORIENTED_EDGE('',*,*,#5117,.T.);
#6175 = ORIENTED_EDGE('',*,*,#6154,.T.);
#6176 = ORIENTED_EDGE('',*,*,#5199,.F.);
#6177 = ORIENTED_EDGE('',*,*,#5183,.F.);
#6178 = CYLINDRICAL_SURFACE('',#6179,0.55);
#6179 = AXIS2_PLACEMENT_3D('',#6180,#6181,#6182);
#6180 = CARTESIAN_POINT('',(4.25,-0.3,2.8));
#6181 = DIRECTION('',(-1.,1.224646799147E-16,0.));
#6182 = DIRECTION('',(0.,0.,1.));
#6183 = ADVANCED_FACE('',(#6184),#6209,.F.);
#6184 = FACE_BOUND('',#6185,.T.);
#6185 = EDGE_LOOP('',(#6186,#6194,#6202,#6208));
#6186 = ORIENTED_EDGE('',*,*,#6187,.F.);
#6187 = EDGE_CURVE('',#6188,#5209,#6190,.T.);
#6188 = VERTEX_POINT('',#6189);
#6189 = CARTESIAN_POINT('',(3.95,5.E-02,-3.4));
#6190 = LINE('',#6191,#6192);
#6191 = CARTESIAN_POINT('',(3.9,0.1,-3.35));
#6192 = VECTOR('',#6193,1.);
#6193 = DIRECTION('',(-0.57735026919,0.57735026919,0.57735026919));
#6194 = ORIENTED_EDGE('',*,*,#6195,.T.);
#6195 = EDGE_CURVE('',#6188,#6196,#6198,.T.);
#6196 = VERTEX_POINT('',#6197);
#6197 = CARTESIAN_POINT('',(3.95,-5.E-02,-3.4));
#6198 = LINE('',#6199,#6200);
#6199 = CARTESIAN_POINT('',(3.95,0.25,-3.4));
#6200 = VECTOR('',#6201,1.);
#6201 = DIRECTION('',(-1.224646799147E-16,-1.,0.));
#6202 = ORIENTED_EDGE('',*,*,#6203,.T.);
#6203 = EDGE_CURVE('',#6196,#5217,#6204,.T.);
#6204 = LINE('',#6205,#6206);
#6205 = CARTESIAN_POINT('',(3.983333333333,-1.666666666667E-02,
    -3.433333333333));
#6206 = VECTOR('',#6207,1.);
#6207 = DIRECTION('',(-0.57735026919,-0.57735026919,0.57735026919));
#6208 = ORIENTED_EDGE('',*,*,#5216,.F.);
#6209 = PLANE('',#6210);
#6210 = AXIS2_PLACEMENT_3D('',#6211,#6212,#6213);
#6211 = CARTESIAN_POINT('',(3.85,0.25,-3.3));
#6212 = DIRECTION('',(0.707106781187,-8.833102285013E-17,0.707106781187)
  );
#6213 = DIRECTION('',(1.236918052038E-16,1.,1.227125289097E-18));
#6214 = ADVANCED_FACE('',(#6215),#6226,.F.);
#6215 = FACE_BOUND('',#6216,.F.);
#6216 = EDGE_LOOP('',(#6217,#6218,#6224,#6225));
#6217 = ORIENTED_EDGE('',*,*,#5403,.T.);
#6218 = ORIENTED_EDGE('',*,*,#6219,.T.);
#6219 = EDGE_CURVE('',#5396,#5307,#6220,.T.);
#6220 = LINE('',#6221,#6222);
#6221 = CARTESIAN_POINT('',(2.25,-0.25,2.8));
#6222 = VECTOR('',#6223,1.);
#6223 = DIRECTION('',(-1.,1.224646799147E-16,0.));
#6224 = ORIENTED_EDGE('',*,*,#5314,.F.);
#6225 = ORIENTED_EDGE('',*,*,#5345,.F.);
#6226 = CYLINDRICAL_SURFACE('',#6227,5.E-02);
#6227 = AXIS2_PLACEMENT_3D('',#6228,#6229,#6230);
#6228 = CARTESIAN_POINT('',(2.25,-0.3,2.8));
#6229 = DIRECTION('',(-1.,1.224646799147E-16,0.));
#6230 = DIRECTION('',(0.,0.,1.));
#6231 = ADVANCED_FACE('',(#6232),#6243,.F.);
#6232 = FACE_BOUND('',#6233,.F.);
#6233 = EDGE_LOOP('',(#6234,#6235,#6241,#6242));
#6234 = ORIENTED_EDGE('',*,*,#5395,.F.);
#6235 = ORIENTED_EDGE('',*,*,#6236,.T.);
#6236 = EDGE_CURVE('',#5388,#5299,#6237,.T.);
#6237 = LINE('',#6238,#6239);
#6238 = CARTESIAN_POINT('',(2.25,-0.25,-3.2));
#6239 = VECTOR('',#6240,1.);
#6240 = DIRECTION('',(-1.,1.224646799147E-16,0.));
#6241 = ORIENTED_EDGE('',*,*,#5306,.T.);
#6242 = ORIENTED_EDGE('',*,*,#6219,.F.);
#6243 = PLANE('',#6244);
#6244 = AXIS2_PLACEMENT_3D('',#6245,#6246,#6247);
#6245 = CARTESIAN_POINT('',(2.25,-0.25,-3.4));
#6246 = DIRECTION('',(1.224646799147E-16,1.,0.));
#6247 = DIRECTION('',(0.,-0.,1.));
#6248 = ADVANCED_FACE('',(#6249),#6274,.F.);
#6249 = FACE_BOUND('',#6250,.T.);
#6250 = EDGE_LOOP('',(#6251,#6259,#6267,#6273));
#6251 = ORIENTED_EDGE('',*,*,#6252,.F.);
#6252 = EDGE_CURVE('',#6253,#5291,#6255,.T.);
#6253 = VERTEX_POINT('',#6254);
#6254 = CARTESIAN_POINT('',(1.95,5.E-02,-3.4));
#6255 = LINE('',#6256,#6257);
#6256 = CARTESIAN_POINT('',(1.9,0.1,-3.35));
#6257 = VECTOR('',#6258,1.);
#6258 = DIRECTION('',(-0.57735026919,0.57735026919,0.57735026919));
#6259 = ORIENTED_EDGE('',*,*,#6260,.T.);
#6260 = EDGE_CURVE('',#6253,#6261,#6263,.T.);
#6261 = VERTEX_POINT('',#6262);
#6262 = CARTESIAN_POINT('',(1.95,-5.E-02,-3.4));
#6263 = LINE('',#6264,#6265);
#6264 = CARTESIAN_POINT('',(1.95,0.25,-3.4));
#6265 = VECTOR('',#6266,1.);
#6266 = DIRECTION('',(-1.224646799147E-16,-1.,0.));
#6267 = ORIENTED_EDGE('',*,*,#6268,.T.);
#6268 = EDGE_CURVE('',#6261,#5299,#6269,.T.);
#6269 = LINE('',#6270,#6271);
#6270 = CARTESIAN_POINT('',(1.983333333333,-1.666666666667E-02,
    -3.433333333333));
#6271 = VECTOR('',#6272,1.);
#6272 = DIRECTION('',(-0.57735026919,-0.57735026919,0.57735026919));
#6273 = ORIENTED_EDGE('',*,*,#5298,.F.);
#6274 = PLANE('',#6275);
#6275 = AXIS2_PLACEMENT_3D('',#6276,#6277,#6278);
#6276 = CARTESIAN_POINT('',(1.85,0.25,-3.3));
#6277 = DIRECTION('',(0.707106781187,-8.833102285013E-17,0.707106781187)
  );
#6278 = DIRECTION('',(1.236918052038E-16,1.,1.227125289097E-18));
#6279 = ADVANCED_FACE('',(#6280),#6296,.F.);
#6280 = FACE_BOUND('',#6281,.F.);
#6281 = EDGE_LOOP('',(#6282,#6283,#6289,#6290));
#6282 = ORIENTED_EDGE('',*,*,#5379,.F.);
#6283 = ORIENTED_EDGE('',*,*,#6284,.T.);
#6284 = EDGE_CURVE('',#5371,#5282,#6285,.T.);
#6285 = LINE('',#6286,#6287);
#6286 = CARTESIAN_POINT('',(2.25,0.25,2.8));
#6287 = VECTOR('',#6288,1.);
#6288 = DIRECTION('',(-1.,1.224646799147E-16,0.));
#6289 = ORIENTED_EDGE('',*,*,#5290,.T.);
#6290 = ORIENTED_EDGE('',*,*,#6291,.F.);
#6291 = EDGE_CURVE('',#5380,#5291,#6292,.T.);
#6292 = LINE('',#6293,#6294);
#6293 = CARTESIAN_POINT('',(2.25,0.25,-3.2));
#6294 = VECTOR('',#6295,1.);
#6295 = DIRECTION('',(-1.,1.224646799147E-16,0.));
#6296 = PLANE('',#6297);
#6297 = AXIS2_PLACEMENT_3D('',#6298,#6299,#6300);
#6298 = CARTESIAN_POINT('',(2.25,0.25,3.35));
#6299 = DIRECTION('',(-1.224646799147E-16,-1.,0.));
#6300 = DIRECTION('',(-0.,0.,-1.));
#6301 = ADVANCED_FACE('',(#6302),#6308,.T.);
#6302 = FACE_BOUND('',#6303,.T.);
#6303 = EDGE_LOOP('',(#6304,#6305,#6306,#6307));
#6304 = ORIENTED_EDGE('',*,*,#5370,.T.);
#6305 = ORIENTED_EDGE('',*,*,#6284,.T.);
#6306 = ORIENTED_EDGE('',*,*,#5281,.F.);
#6307 = ORIENTED_EDGE('',*,*,#5422,.F.);
#6308 = CYLINDRICAL_SURFACE('',#6309,0.55);
#6309 = AXIS2_PLACEMENT_3D('',#6310,#6311,#6312);
#6310 = CARTESIAN_POINT('',(2.25,-0.3,2.8));
#6311 = DIRECTION('',(-1.,1.224646799147E-16,0.));
#6312 = DIRECTION('',(0.,0.,1.));
#6313 = ADVANCED_FACE('',(#6314),#6339,.T.);
#6314 = FACE_BOUND('',#6315,.F.);
#6315 = EDGE_LOOP('',(#6316,#6324,#6332,#6338));
#6316 = ORIENTED_EDGE('',*,*,#6317,.F.);
#6317 = EDGE_CURVE('',#6318,#5380,#6320,.T.);
#6318 = VERTEX_POINT('',#6319);
#6319 = CARTESIAN_POINT('',(2.05,5.E-02,-3.4));
#6320 = LINE('',#6321,#6322);
#6321 = CARTESIAN_POINT('',(2.183333333333,0.183333333333,
    -3.266666666667));
#6322 = VECTOR('',#6323,1.);
#6323 = DIRECTION('',(0.57735026919,0.57735026919,0.57735026919));
#6324 = ORIENTED_EDGE('',*,*,#6325,.T.);
#6325 = EDGE_CURVE('',#6318,#6326,#6328,.T.);
#6326 = VERTEX_POINT('',#6327);
#6327 = CARTESIAN_POINT('',(2.05,-5.E-02,-3.4));
#6328 = LINE('',#6329,#6330);
#6329 = CARTESIAN_POINT('',(2.05,0.25,-3.4));
#6330 = VECTOR('',#6331,1.);
#6331 = DIRECTION('',(-1.224646799147E-16,-1.,0.));
#6332 = ORIENTED_EDGE('',*,*,#6333,.T.);
#6333 = EDGE_CURVE('',#6326,#5388,#6334,.T.);
#6334 = LINE('',#6335,#6336);
#6335 = CARTESIAN_POINT('',(2.1,-0.1,-3.35));
#6336 = VECTOR('',#6337,1.);
#6337 = DIRECTION('',(0.57735026919,-0.57735026919,0.57735026919));
#6338 = ORIENTED_EDGE('',*,*,#5387,.F.);
#6339 = PLANE('',#6340);
#6340 = AXIS2_PLACEMENT_3D('',#6341,#6342,#6343);
#6341 = CARTESIAN_POINT('',(2.15,0.25,-3.3));
#6342 = DIRECTION('',(0.707106781187,-8.486018839685E-17,-0.707106781187
    ));
#6343 = DIRECTION('',(1.212375546256E-16,1.,1.227125289196E-18));
#6344 = ADVANCED_FACE('',(#6345),#6356,.T.);
#6345 = FACE_BOUND('',#6346,.T.);
#6346 = EDGE_LOOP('',(#6347,#6348,#6354,#6355));
#6347 = ORIENTED_EDGE('',*,*,#5583,.T.);
#6348 = ORIENTED_EDGE('',*,*,#6349,.T.);
#6349 = EDGE_CURVE('',#5584,#5470,#6350,.T.);
#6350 = LINE('',#6351,#6352);
#6351 = CARTESIAN_POINT('',(0.25,0.25,2.8));
#6352 = VECTOR('',#6353,1.);
#6353 = DIRECTION('',(-1.,1.224646799147E-16,0.));
#6354 = ORIENTED_EDGE('',*,*,#5469,.F.);
#6355 = ORIENTED_EDGE('',*,*,#5453,.F.);
#6356 = CYLINDRICAL_SURFACE('',#6357,0.55);
#6357 = AXIS2_PLACEMENT_3D('',#6358,#6359,#6360);
#6358 = CARTESIAN_POINT('',(0.25,-0.3,2.8));
#6359 = DIRECTION('',(-1.,1.224646799147E-16,0.));
#6360 = DIRECTION('',(0.,0.,1.));
#6361 = ADVANCED_FACE('',(#6362),#6373,.F.);
#6362 = FACE_BOUND('',#6363,.F.);
#6363 = EDGE_LOOP('',(#6364,#6365,#6371,#6372));
#6364 = ORIENTED_EDGE('',*,*,#5648,.T.);
#6365 = ORIENTED_EDGE('',*,*,#6366,.T.);
#6366 = EDGE_CURVE('',#5641,#5527,#6367,.T.);
#6367 = LINE('',#6368,#6369);
#6368 = CARTESIAN_POINT('',(0.25,-0.25,2.8));
#6369 = VECTOR('',#6370,1.);
#6370 = DIRECTION('',(-1.,1.224646799147E-16,0.));
#6371 = ORIENTED_EDGE('',*,*,#5534,.F.);
#6372 = ORIENTED_EDGE('',*,*,#5565,.F.);
#6373 = CYLINDRICAL_SURFACE('',#6374,5.E-02);
#6374 = AXIS2_PLACEMENT_3D('',#6375,#6376,#6377);
#6375 = CARTESIAN_POINT('',(0.25,-0.3,2.8));
#6376 = DIRECTION('',(-1.,1.224646799147E-16,0.));
#6377 = DIRECTION('',(0.,0.,1.));
#6378 = ADVANCED_FACE('',(#6379),#6390,.F.);
#6379 = FACE_BOUND('',#6380,.F.);
#6380 = EDGE_LOOP('',(#6381,#6382,#6388,#6389));
#6381 = ORIENTED_EDGE('',*,*,#5640,.F.);
#6382 = ORIENTED_EDGE('',*,*,#6383,.T.);
#6383 = EDGE_CURVE('',#5633,#5519,#6384,.T.);
#6384 = LINE('',#6385,#6386);
#6385 = CARTESIAN_POINT('',(0.25,-0.25,-0.9));
#6386 = VECTOR('',#6387,1.);
#6387 = DIRECTION('',(-1.,1.224646799147E-16,0.));
#6388 = ORIENTED_EDGE('',*,*,#5526,.T.);
#6389 = ORIENTED_EDGE('',*,*,#6366,.F.);
#6390 = PLANE('',#6391);
#6391 = AXIS2_PLACEMENT_3D('',#6392,#6393,#6394);
#6392 = CARTESIAN_POINT('',(0.25,-0.25,-0.9));
#6393 = DIRECTION('',(1.224646799147E-16,1.,0.));
#6394 = DIRECTION('',(0.,-0.,1.));
#6395 = ADVANCED_FACE('',(#6396),#6407,.F.);
#6396 = FACE_BOUND('',#6397,.F.);
#6397 = EDGE_LOOP('',(#6398,#6404,#6405,#6406));
#6398 = ORIENTED_EDGE('',*,*,#6399,.T.);
#6399 = EDGE_CURVE('',#5625,#5511,#6400,.T.);
#6400 = LINE('',#6401,#6402);
#6401 = CARTESIAN_POINT('',(0.25,-0.55,-1.5));
#6402 = VECTOR('',#6403,1.);
#6403 = DIRECTION('',(-1.,1.224646799147E-16,0.));
#6404 = ORIENTED_EDGE('',*,*,#5518,.T.);
#6405 = ORIENTED_EDGE('',*,*,#6383,.F.);
#6406 = ORIENTED_EDGE('',*,*,#5632,.F.);
#6407 = PLANE('',#6408);
#6408 = AXIS2_PLACEMENT_3D('',#6409,#6410,#6411);
#6409 = CARTESIAN_POINT('',(0.25,-0.55,-1.5));
#6410 = DIRECTION('',(1.095357396528E-16,0.894427191,-0.4472135955));
#6411 = DIRECTION('',(5.476786982641E-17,0.4472135955,0.894427191));
#6412 = ADVANCED_FACE('',(#6413),#6440,.F.);
#6413 = FACE_BOUND('',#6414,.F.);
#6414 = EDGE_LOOP('',(#6415,#6416,#6424,#6432,#6438,#6439));
#6415 = ORIENTED_EDGE('',*,*,#5624,.F.);
#6416 = ORIENTED_EDGE('',*,*,#6417,.F.);
#6417 = EDGE_CURVE('',#6418,#5617,#6420,.T.);
#6418 = VERTEX_POINT('',#6419);
#6419 = CARTESIAN_POINT('',(0.247552593066,-0.281192514695,
    -3.202447406934));
#6420 = LINE('',#6421,#6422);
#6421 = CARTESIAN_POINT('',(0.1292749658,-0.262517099863,-3.3207250342)
  );
#6422 = VECTOR('',#6423,1.);
#6423 = DIRECTION('',(0.702740385383,-0.110959008218,0.702740385383));
#6424 = ORIENTED_EDGE('',*,*,#6425,.T.);
#6425 = EDGE_CURVE('',#6418,#6426,#6428,.T.);
#6426 = VERTEX_POINT('',#6427);
#6427 = CARTESIAN_POINT('',(-0.247552593066,-0.281192514695,
    -3.202447406934));
#6428 = LINE('',#6429,#6430);
#6429 = CARTESIAN_POINT('',(0.25,-0.281192514695,-3.202447406934));
#6430 = VECTOR('',#6431,1.);
#6431 = DIRECTION('',(-1.,1.224646799147E-16,0.));
#6432 = ORIENTED_EDGE('',*,*,#6433,.T.);
#6433 = EDGE_CURVE('',#6426,#5503,#6434,.T.);
#6434 = LINE('',#6435,#6436);
#6435 = CARTESIAN_POINT('',(-5.813953488372E-03,-0.243023255814,
    -3.444186046512));
#6436 = VECTOR('',#6437,1.);
#6437 = DIRECTION('',(-0.702740385383,-0.110959008218,0.702740385383));
#6438 = ORIENTED_EDGE('',*,*,#5510,.T.);
#6439 = ORIENTED_EDGE('',*,*,#6399,.F.);
#6440 = PLANE('',#6441);
#6441 = AXIS2_PLACEMENT_3D('',#6442,#6443,#6444);
#6442 = CARTESIAN_POINT('',(0.25,-0.25,-3.4));
#6443 = DIRECTION('',(1.209660753807E-16,0.987762965329,0.155962573473)
  );
#6444 = DIRECTION('',(-1.909990663905E-17,-0.155962573473,0.987762965329
    ));
#6445 = ADVANCED_FACE('',(#6446),#6480,.F.);
#6446 = FACE_BOUND('',#6447,.T.);
#6447 = EDGE_LOOP('',(#6448,#6456,#6457,#6458,#6466,#6474));
#6448 = ORIENTED_EDGE('',*,*,#6449,.T.);
#6449 = EDGE_CURVE('',#6450,#6426,#6452,.T.);
#6450 = VERTEX_POINT('',#6451);
#6451 = CARTESIAN_POINT('',(-5.E-02,-5.E-02,-3.4));
#6452 = LINE('',#6453,#6454);
#6453 = CARTESIAN_POINT('',(-1.77957755624E-02,-1.231193164325E-02,
    -3.432204224438));
#6454 = VECTOR('',#6455,1.);
#6455 = DIRECTION('',(-0.544770019249,-0.63753529491,0.544770019249));
#6456 = ORIENTED_EDGE('',*,*,#6433,.T.);
#6457 = ORIENTED_EDGE('',*,*,#5502,.F.);
#6458 = ORIENTED_EDGE('',*,*,#6459,.F.);
#6459 = EDGE_CURVE('',#6460,#5495,#6462,.T.);
#6460 = VERTEX_POINT('',#6461);
#6461 = CARTESIAN_POINT('',(-0.247552593066,0.218807485305,
    -3.202447406934));
#6462 = LINE('',#6463,#6464);
#6463 = CARTESIAN_POINT('',(-0.506155950752,0.177975376197,
    -2.943844049248));
#6464 = VECTOR('',#6465,1.);
#6465 = DIRECTION('',(-0.702740385383,-0.110959008218,0.702740385383));
#6466 = ORIENTED_EDGE('',*,*,#6467,.F.);
#6467 = EDGE_CURVE('',#6468,#6460,#6470,.T.);
#6468 = VERTEX_POINT('',#6469);
#6469 = CARTESIAN_POINT('',(-5.E-02,5.E-02,-3.4));
#6470 = LINE('',#6471,#6472);
#6471 = CARTESIAN_POINT('',(-9.428267482221E-02,8.783927542193E-02,
    -3.355717325178));
#6472 = VECTOR('',#6473,1.);
#6473 = DIRECTION('',(-0.605209817607,0.517148096144,0.605209817607));
#6474 = ORIENTED_EDGE('',*,*,#6475,.T.);
#6475 = EDGE_CURVE('',#6468,#6450,#6476,.T.);
#6476 = LINE('',#6477,#6478);
#6477 = CARTESIAN_POINT('',(-5.E-02,0.25,-3.4));
#6478 = VECTOR('',#6479,1.);
#6479 = DIRECTION('',(-1.224646799147E-16,-1.,0.));
#6480 = PLANE('',#6481);
#6481 = AXIS2_PLACEMENT_3D('',#6482,#6483,#6484);
#6482 = CARTESIAN_POINT('',(-0.15,0.25,-3.3));
#6483 = DIRECTION('',(0.707106781187,-8.833102285013E-17,0.707106781187)
  );
#6484 = DIRECTION('',(1.236918052038E-16,1.,1.227125289097E-18));
#6485 = ADVANCED_FACE('',(#6486),#6511,.F.);
#6486 = FACE_BOUND('',#6487,.F.);
#6487 = EDGE_LOOP('',(#6488,#6489,#6495,#6496,#6497,#6505));
#6488 = ORIENTED_EDGE('',*,*,#5608,.F.);
#6489 = ORIENTED_EDGE('',*,*,#6490,.T.);
#6490 = EDGE_CURVE('',#5601,#5487,#6491,.T.);
#6491 = LINE('',#6492,#6493);
#6492 = CARTESIAN_POINT('',(0.25,-5.E-02,-1.5));
#6493 = VECTOR('',#6494,1.);
#6494 = DIRECTION('',(-1.,1.224646799147E-16,0.));
#6495 = ORIENTED_EDGE('',*,*,#5494,.T.);
#6496 = ORIENTED_EDGE('',*,*,#6459,.F.);
#6497 = ORIENTED_EDGE('',*,*,#6498,.F.);
#6498 = EDGE_CURVE('',#6499,#6460,#6501,.T.);
#6499 = VERTEX_POINT('',#6500);
#6500 = CARTESIAN_POINT('',(0.247552593066,0.218807485305,
    -3.202447406934));
#6501 = LINE('',#6502,#6503);
#6502 = CARTESIAN_POINT('',(0.25,0.218807485305,-3.202447406934));
#6503 = VECTOR('',#6504,1.);
#6504 = DIRECTION('',(-1.,1.224646799147E-16,0.));
#6505 = ORIENTED_EDGE('',*,*,#6506,.T.);
#6506 = EDGE_CURVE('',#6499,#5609,#6507,.T.);
#6507 = LINE('',#6508,#6509);
#6508 = CARTESIAN_POINT('',(0.629616963064,0.158481532148,
    -2.820383036936));
#6509 = VECTOR('',#6510,1.);
#6510 = DIRECTION('',(0.702740385383,-0.110959008218,0.702740385383));
#6511 = PLANE('',#6512);
#6512 = AXIS2_PLACEMENT_3D('',#6513,#6514,#6515);
#6513 = CARTESIAN_POINT('',(0.25,-5.E-02,-1.5));
#6514 = DIRECTION('',(-1.209660753807E-16,-0.987762965329,
    -0.155962573473));
#6515 = DIRECTION('',(1.909990663905E-17,0.155962573473,-0.987762965329)
  );
#6516 = ADVANCED_FACE('',(#6517),#6528,.F.);
#6517 = FACE_BOUND('',#6518,.F.);
#6518 = EDGE_LOOP('',(#6519,#6525,#6526,#6527));
#6519 = ORIENTED_EDGE('',*,*,#6520,.T.);
#6520 = EDGE_CURVE('',#5593,#5479,#6521,.T.);
#6521 = LINE('',#6522,#6523);
#6522 = CARTESIAN_POINT('',(0.25,0.25,-0.9));
#6523 = VECTOR('',#6524,1.);
#6524 = DIRECTION('',(-1.,1.224646799147E-16,0.));
#6525 = ORIENTED_EDGE('',*,*,#5486,.T.);
#6526 = ORIENTED_EDGE('',*,*,#6490,.F.);
#6527 = ORIENTED_EDGE('',*,*,#5600,.F.);
#6528 = PLANE('',#6529);
#6529 = AXIS2_PLACEMENT_3D('',#6530,#6531,#6532);
#6530 = CARTESIAN_POINT('',(0.25,0.25,-0.9));
#6531 = DIRECTION('',(-1.095357396528E-16,-0.894427191,0.4472135955));
#6532 = DIRECTION('',(-5.476786982641E-17,-0.4472135955,-0.894427191));
#6533 = ADVANCED_FACE('',(#6534),#6540,.F.);
#6534 = FACE_BOUND('',#6535,.F.);
#6535 = EDGE_LOOP('',(#6536,#6537,#6538,#6539));
#6536 = ORIENTED_EDGE('',*,*,#5592,.F.);
#6537 = ORIENTED_EDGE('',*,*,#6349,.T.);
#6538 = ORIENTED_EDGE('',*,*,#5478,.T.);
#6539 = ORIENTED_EDGE('',*,*,#6520,.F.);
#6540 = PLANE('',#6541);
#6541 = AXIS2_PLACEMENT_3D('',#6542,#6543,#6544);
#6542 = CARTESIAN_POINT('',(0.25,0.25,3.35));
#6543 = DIRECTION('',(-1.224646799147E-16,-1.,0.));
#6544 = DIRECTION('',(-0.,0.,-1.));
#6545 = ADVANCED_FACE('',(#6546),#6573,.T.);
#6546 = FACE_BOUND('',#6547,.F.);
#6547 = EDGE_LOOP('',(#6548,#6556,#6564,#6570,#6571,#6572));
#6548 = ORIENTED_EDGE('',*,*,#6549,.F.);
#6549 = EDGE_CURVE('',#6550,#6499,#6552,.T.);
#6550 = VERTEX_POINT('',#6551);
#6551 = CARTESIAN_POINT('',(5.E-02,5.E-02,-3.4));
#6552 = LINE('',#6553,#6554);
#6553 = CARTESIAN_POINT('',(0.185852405654,0.166085051658,
    -3.264147594346));
#6554 = VECTOR('',#6555,1.);
#6555 = DIRECTION('',(0.605209817607,0.517148096144,0.605209817607));
#6556 = ORIENTED_EDGE('',*,*,#6557,.T.);
#6557 = EDGE_CURVE('',#6550,#6558,#6560,.T.);
#6558 = VERTEX_POINT('',#6559);
#6559 = CARTESIAN_POINT('',(5.E-02,-5.E-02,-3.4));
#6560 = LINE('',#6561,#6562);
#6561 = CARTESIAN_POINT('',(5.E-02,0.25,-3.4));
#6562 = VECTOR('',#6563,1.);
#6563 = DIRECTION('',(-1.224646799147E-16,-1.,0.));
#6564 = ORIENTED_EDGE('',*,*,#6565,.T.);
#6565 = EDGE_CURVE('',#6558,#6418,#6566,.T.);
#6566 = LINE('',#6567,#6568);
#6567 = CARTESIAN_POINT('',(9.198936903048E-02,-9.913946036316E-02,
    -3.35801063097));
#6568 = VECTOR('',#6569,1.);
#6569 = DIRECTION('',(0.544770019249,-0.63753529491,0.544770019249));
#6570 = ORIENTED_EDGE('',*,*,#6417,.T.);
#6571 = ORIENTED_EDGE('',*,*,#5616,.F.);
#6572 = ORIENTED_EDGE('',*,*,#6506,.F.);
#6573 = PLANE('',#6574);
#6574 = AXIS2_PLACEMENT_3D('',#6575,#6576,#6577);
#6575 = CARTESIAN_POINT('',(0.15,0.25,-3.3));
#6576 = DIRECTION('',(0.707106781187,-8.486018839685E-17,-0.707106781187
    ));
#6577 = DIRECTION('',(1.212375546256E-16,1.,1.227125289196E-18));
#6578 = ADVANCED_FACE('',(#6579),#6590,.T.);
#6579 = FACE_BOUND('',#6580,.F.);
#6580 = EDGE_LOOP('',(#6581,#6582,#6588,#6589));
#6581 = ORIENTED_EDGE('',*,*,#5941,.F.);
#6582 = ORIENTED_EDGE('',*,*,#6583,.T.);
#6583 = EDGE_CURVE('',#5934,#5826,#6584,.T.);
#6584 = LINE('',#6585,#6586);
#6585 = CARTESIAN_POINT('',(8.25,-5.E-02,-3.4));
#6586 = VECTOR('',#6587,1.);
#6587 = DIRECTION('',(-1.,1.224646799147E-16,0.));
#6588 = ORIENTED_EDGE('',*,*,#5825,.T.);
#6589 = ORIENTED_EDGE('',*,*,#5801,.F.);
#6590 = PLANE('',#6591);
#6591 = AXIS2_PLACEMENT_3D('',#6592,#6593,#6594);
#6592 = CARTESIAN_POINT('',(8.25,-0.165596257347,-3.301223703467));
#6593 = DIRECTION('',(-8.302774088379E-17,-0.64962967394,-0.760250805153
    ));
#6594 = DIRECTION('',(1.,-1.247195775152E-16,-2.638869166629E-18));
#6595 = ADVANCED_FACE('',(#6596),#6607,.F.);
#6596 = FACE_BOUND('',#6597,.F.);
#6597 = EDGE_LOOP('',(#6598,#6599,#6605,#6606));
#6598 = ORIENTED_EDGE('',*,*,#5933,.F.);
#6599 = ORIENTED_EDGE('',*,*,#6600,.T.);
#6600 = EDGE_CURVE('',#5926,#5844,#6601,.T.);
#6601 = LINE('',#6602,#6603);
#6602 = CARTESIAN_POINT('',(8.25,5.E-02,-3.4));
#6603 = VECTOR('',#6604,1.);
#6604 = DIRECTION('',(-1.,1.224646799147E-16,0.));
#6605 = ORIENTED_EDGE('',*,*,#5851,.T.);
#6606 = ORIENTED_EDGE('',*,*,#6583,.F.);
#6607 = PLANE('',#6608);
#6608 = AXIS2_PLACEMENT_3D('',#6609,#6610,#6611);
#6609 = CARTESIAN_POINT('',(8.25,0.25,-3.4));
#6610 = DIRECTION('',(0.,0.,1.));
#6611 = DIRECTION('',(-1.224646799147E-16,-1.,0.));
#6612 = ADVANCED_FACE('',(#6613),#6619,.T.);
#6613 = FACE_BOUND('',#6614,.T.);
#6614 = EDGE_LOOP('',(#6615,#6616,#6617,#6618));
#6615 = ORIENTED_EDGE('',*,*,#5925,.F.);
#6616 = ORIENTED_EDGE('',*,*,#6600,.T.);
#6617 = ORIENTED_EDGE('',*,*,#5843,.T.);
#6618 = ORIENTED_EDGE('',*,*,#5874,.F.);
#6619 = PLANE('',#6620);
#6620 = AXIS2_PLACEMENT_3D('',#6621,#6622,#6623);
#6621 = CARTESIAN_POINT('',(8.25,0.134403742653,-3.301223703467));
#6622 = DIRECTION('',(9.136856246232E-17,0.760250805153,-0.64962967394)
  );
#6623 = DIRECTION('',(-1.,1.211454098155E-16,1.127308249542E-18));
#6624 = ADVANCED_FACE('',(#6625),#6636,.T.);
#6625 = FACE_BOUND('',#6626,.F.);
#6626 = EDGE_LOOP('',(#6627,#6628,#6634,#6635));
#6627 = ORIENTED_EDGE('',*,*,#6073,.F.);
#6628 = ORIENTED_EDGE('',*,*,#6629,.T.);
#6629 = EDGE_CURVE('',#6066,#6001,#6630,.T.);
#6630 = LINE('',#6631,#6632);
#6631 = CARTESIAN_POINT('',(6.25,-5.E-02,-3.4));
#6632 = VECTOR('',#6633,1.);
#6633 = DIRECTION('',(-1.,1.224646799147E-16,0.));
#6634 = ORIENTED_EDGE('',*,*,#6008,.T.);
#6635 = ORIENTED_EDGE('',*,*,#5976,.F.);
#6636 = PLANE('',#6637);
#6637 = AXIS2_PLACEMENT_3D('',#6638,#6639,#6640);
#6638 = CARTESIAN_POINT('',(6.25,-0.15,-3.3));
#6639 = DIRECTION('',(-8.486018839685E-17,-0.707106781187,
    -0.707106781187));
#6640 = DIRECTION('',(1.,-1.212375546256E-16,1.227125289196E-18));
#6641 = ADVANCED_FACE('',(#6642),#6653,.T.);
#6642 = FACE_BOUND('',#6643,.T.);
#6643 = EDGE_LOOP('',(#6644,#6645,#6651,#6652));
#6644 = ORIENTED_EDGE('',*,*,#6057,.F.);
#6645 = ORIENTED_EDGE('',*,*,#6646,.T.);
#6646 = EDGE_CURVE('',#6058,#5993,#6647,.T.);
#6647 = LINE('',#6648,#6649);
#6648 = CARTESIAN_POINT('',(6.25,5.E-02,-3.4));
#6649 = VECTOR('',#6650,1.);
#6650 = DIRECTION('',(-1.,1.224646799147E-16,0.));
#6651 = ORIENTED_EDGE('',*,*,#5992,.T.);
#6652 = ORIENTED_EDGE('',*,*,#6031,.F.);
#6653 = PLANE('',#6654);
#6654 = AXIS2_PLACEMENT_3D('',#6655,#6656,#6657);
#6655 = CARTESIAN_POINT('',(6.25,0.15,-3.3));
#6656 = DIRECTION('',(8.486018839685E-17,0.707106781187,-0.707106781187)
  );
#6657 = DIRECTION('',(-1.,1.212375546256E-16,1.227125289196E-18));
#6658 = ADVANCED_FACE('',(#6659),#6665,.F.);
#6659 = FACE_BOUND('',#6660,.F.);
#6660 = EDGE_LOOP('',(#6661,#6662,#6663,#6664));
#6661 = ORIENTED_EDGE('',*,*,#6646,.T.);
#6662 = ORIENTED_EDGE('',*,*,#6000,.T.);
#6663 = ORIENTED_EDGE('',*,*,#6629,.F.);
#6664 = ORIENTED_EDGE('',*,*,#6065,.F.);
#6665 = PLANE('',#6666);
#6666 = AXIS2_PLACEMENT_3D('',#6667,#6668,#6669);
#6667 = CARTESIAN_POINT('',(6.25,0.25,-3.4));
#6668 = DIRECTION('',(0.,0.,1.));
#6669 = DIRECTION('',(-1.224646799147E-16,-1.,0.));
#6670 = ADVANCED_FACE('',(#6671),#6682,.T.);
#6671 = FACE_BOUND('',#6672,.F.);
#6672 = EDGE_LOOP('',(#6673,#6674,#6680,#6681));
#6673 = ORIENTED_EDGE('',*,*,#6138,.F.);
#6674 = ORIENTED_EDGE('',*,*,#6675,.T.);
#6675 = EDGE_CURVE('',#6131,#6196,#6676,.T.);
#6676 = LINE('',#6677,#6678);
#6677 = CARTESIAN_POINT('',(4.25,-5.E-02,-3.4));
#6678 = VECTOR('',#6679,1.);
#6679 = DIRECTION('',(-1.,1.224646799147E-16,0.));
#6680 = ORIENTED_EDGE('',*,*,#6203,.T.);
#6681 = ORIENTED_EDGE('',*,*,#6106,.F.);
#6682 = PLANE('',#6683);
#6683 = AXIS2_PLACEMENT_3D('',#6684,#6685,#6686);
#6684 = CARTESIAN_POINT('',(4.25,-0.15,-3.3));
#6685 = DIRECTION('',(-8.486018839685E-17,-0.707106781187,
    -0.707106781187));
#6686 = DIRECTION('',(1.,-1.212375546256E-16,1.227125289196E-18));
#6687 = ADVANCED_FACE('',(#6688),#6699,.T.);
#6688 = FACE_BOUND('',#6689,.T.);
#6689 = EDGE_LOOP('',(#6690,#6691,#6697,#6698));
#6690 = ORIENTED_EDGE('',*,*,#6122,.F.);
#6691 = ORIENTED_EDGE('',*,*,#6692,.T.);
#6692 = EDGE_CURVE('',#6123,#6188,#6693,.T.);
#6693 = LINE('',#6694,#6695);
#6694 = CARTESIAN_POINT('',(4.25,5.E-02,-3.4));
#6695 = VECTOR('',#6696,1.);
#6696 = DIRECTION('',(-1.,1.224646799147E-16,0.));
#6697 = ORIENTED_EDGE('',*,*,#6187,.T.);
#6698 = ORIENTED_EDGE('',*,*,#6161,.F.);
#6699 = PLANE('',#6700);
#6700 = AXIS2_PLACEMENT_3D('',#6701,#6702,#6703);
#6701 = CARTESIAN_POINT('',(4.25,0.15,-3.3));
#6702 = DIRECTION('',(8.486018839685E-17,0.707106781187,-0.707106781187)
  );
#6703 = DIRECTION('',(-1.,1.212375546256E-16,1.227125289196E-18));
#6704 = ADVANCED_FACE('',(#6705),#6711,.F.);
#6705 = FACE_BOUND('',#6706,.F.);
#6706 = EDGE_LOOP('',(#6707,#6708,#6709,#6710));
#6707 = ORIENTED_EDGE('',*,*,#6692,.T.);
#6708 = ORIENTED_EDGE('',*,*,#6195,.T.);
#6709 = ORIENTED_EDGE('',*,*,#6675,.F.);
#6710 = ORIENTED_EDGE('',*,*,#6130,.F.);
#6711 = PLANE('',#6712);
#6712 = AXIS2_PLACEMENT_3D('',#6713,#6714,#6715);
#6713 = CARTESIAN_POINT('',(4.25,0.25,-3.4));
#6714 = DIRECTION('',(0.,0.,1.));
#6715 = DIRECTION('',(-1.224646799147E-16,-1.,0.));
#6716 = ADVANCED_FACE('',(#6717),#6728,.T.);
#6717 = FACE_BOUND('',#6718,.F.);
#6718 = EDGE_LOOP('',(#6719,#6720,#6726,#6727));
#6719 = ORIENTED_EDGE('',*,*,#6333,.F.);
#6720 = ORIENTED_EDGE('',*,*,#6721,.T.);
#6721 = EDGE_CURVE('',#6326,#6261,#6722,.T.);
#6722 = LINE('',#6723,#6724);
#6723 = CARTESIAN_POINT('',(2.25,-5.E-02,-3.4));
#6724 = VECTOR('',#6725,1.);
#6725 = DIRECTION('',(-1.,1.224646799147E-16,0.));
#6726 = ORIENTED_EDGE('',*,*,#6268,.T.);
#6727 = ORIENTED_EDGE('',*,*,#6236,.F.);
#6728 = PLANE('',#6729);
#6729 = AXIS2_PLACEMENT_3D('',#6730,#6731,#6732);
#6730 = CARTESIAN_POINT('',(2.25,-0.15,-3.3));
#6731 = DIRECTION('',(-8.486018839685E-17,-0.707106781187,
    -0.707106781187));
#6732 = DIRECTION('',(1.,-1.212375546256E-16,1.227125289196E-18));
#6733 = ADVANCED_FACE('',(#6734),#6745,.T.);
#6734 = FACE_BOUND('',#6735,.T.);
#6735 = EDGE_LOOP('',(#6736,#6737,#6743,#6744));
#6736 = ORIENTED_EDGE('',*,*,#6317,.F.);
#6737 = ORIENTED_EDGE('',*,*,#6738,.T.);
#6738 = EDGE_CURVE('',#6318,#6253,#6739,.T.);
#6739 = LINE('',#6740,#6741);
#6740 = CARTESIAN_POINT('',(2.25,5.E-02,-3.4));
#6741 = VECTOR('',#6742,1.);
#6742 = DIRECTION('',(-1.,1.224646799147E-16,0.));
#6743 = ORIENTED_EDGE('',*,*,#6252,.T.);
#6744 = ORIENTED_EDGE('',*,*,#6291,.F.);
#6745 = PLANE('',#6746);
#6746 = AXIS2_PLACEMENT_3D('',#6747,#6748,#6749);
#6747 = CARTESIAN_POINT('',(2.25,0.15,-3.3));
#6748 = DIRECTION('',(8.486018839685E-17,0.707106781187,-0.707106781187)
  );
#6749 = DIRECTION('',(-1.,1.212375546256E-16,1.227125289196E-18));
#6750 = ADVANCED_FACE('',(#6751),#6757,.F.);
#6751 = FACE_BOUND('',#6752,.F.);
#6752 = EDGE_LOOP('',(#6753,#6754,#6755,#6756));
#6753 = ORIENTED_EDGE('',*,*,#6738,.T.);
#6754 = ORIENTED_EDGE('',*,*,#6260,.T.);
#6755 = ORIENTED_EDGE('',*,*,#6721,.F.);
#6756 = ORIENTED_EDGE('',*,*,#6325,.F.);
#6757 = PLANE('',#6758);
#6758 = AXIS2_PLACEMENT_3D('',#6759,#6760,#6761);
#6759 = CARTESIAN_POINT('',(2.25,0.25,-3.4));
#6760 = DIRECTION('',(0.,0.,1.));
#6761 = DIRECTION('',(-1.224646799147E-16,-1.,0.));
#6762 = ADVANCED_FACE('',(#6763),#6774,.T.);
#6763 = FACE_BOUND('',#6764,.F.);
#6764 = EDGE_LOOP('',(#6765,#6766,#6772,#6773));
#6765 = ORIENTED_EDGE('',*,*,#6565,.F.);
#6766 = ORIENTED_EDGE('',*,*,#6767,.T.);
#6767 = EDGE_CURVE('',#6558,#6450,#6768,.T.);
#6768 = LINE('',#6769,#6770);
#6769 = CARTESIAN_POINT('',(0.25,-5.E-02,-3.4));
#6770 = VECTOR('',#6771,1.);
#6771 = DIRECTION('',(-1.,1.224646799147E-16,0.));
#6772 = ORIENTED_EDGE('',*,*,#6449,.T.);
#6773 = ORIENTED_EDGE('',*,*,#6425,.F.);
#6774 = PLANE('',#6775);
#6775 = AXIS2_PLACEMENT_3D('',#6776,#6777,#6778);
#6776 = CARTESIAN_POINT('',(0.25,-0.165596257347,-3.301223703467));
#6777 = DIRECTION('',(-8.302774088379E-17,-0.64962967394,-0.760250805153
    ));
#6778 = DIRECTION('',(1.,-1.247195775152E-16,-2.638869166629E-18));
#6779 = ADVANCED_FACE('',(#6780),#6791,.F.);
#6780 = FACE_BOUND('',#6781,.F.);
#6781 = EDGE_LOOP('',(#6782,#6783,#6789,#6790));
#6782 = ORIENTED_EDGE('',*,*,#6557,.F.);
#6783 = ORIENTED_EDGE('',*,*,#6784,.T.);
#6784 = EDGE_CURVE('',#6550,#6468,#6785,.T.);
#6785 = LINE('',#6786,#6787);
#6786 = CARTESIAN_POINT('',(0.25,5.E-02,-3.4));
#6787 = VECTOR('',#6788,1.);
#6788 = DIRECTION('',(-1.,1.224646799147E-16,0.));
#6789 = ORIENTED_EDGE('',*,*,#6475,.T.);
#6790 = ORIENTED_EDGE('',*,*,#6767,.F.);
#6791 = PLANE('',#6792);
#6792 = AXIS2_PLACEMENT_3D('',#6793,#6794,#6795);
#6793 = CARTESIAN_POINT('',(0.25,0.25,-3.4));
#6794 = DIRECTION('',(0.,0.,1.));
#6795 = DIRECTION('',(-1.224646799147E-16,-1.,0.));
#6796 = ADVANCED_FACE('',(#6797),#6803,.T.);
#6797 = FACE_BOUND('',#6798,.T.);
#6798 = EDGE_LOOP('',(#6799,#6800,#6801,#6802));
#6799 = ORIENTED_EDGE('',*,*,#6549,.F.);
#6800 = ORIENTED_EDGE('',*,*,#6784,.T.);
#6801 = ORIENTED_EDGE('',*,*,#6467,.T.);
#6802 = ORIENTED_EDGE('',*,*,#6498,.F.);
#6803 = PLANE('',#6804);
#6804 = AXIS2_PLACEMENT_3D('',#6805,#6806,#6807);
#6805 = CARTESIAN_POINT('',(0.25,0.134403742653,-3.301223703467));
#6806 = DIRECTION('',(9.136856246232E-17,0.760250805153,-0.64962967394)
  );
#6807 = DIRECTION('',(-1.,1.211454098155E-16,1.127308249542E-18));
#6808 = ( GEOMETRIC_REPRESENTATION_CONTEXT(3) 
GLOBAL_UNCERTAINTY_ASSIGNED_CONTEXT((#6812)) 
GLOBAL_UNIT_ASSIGNED_CONTEXT((#6809,#6810,#6811)) REPRESENTATION_CONTEXT
('Context #1','3D Context with UNIT and UNCERTAINTY') );
#6809 = ( LENGTH_UNIT() NAMED_UNIT(*) SI_UNIT(.MILLI.,.METRE.) );
#6810 = ( NAMED_UNIT(*) PLANE_ANGLE_UNIT() SI_UNIT($,.RADIAN.) );
#6811 = ( NAMED_UNIT(*) SI_UNIT($,.STERADIAN.) SOLID_ANGLE_UNIT() );
#6812 = UNCERTAINTY_MEASURE_WITH_UNIT(LENGTH_MEASURE(1.E-07),#6809,
  'distance_accuracy_value','confusion accuracy');
#6813 = CONTEXT_DEPENDENT_SHAPE_REPRESENTATION(#6814,#6816);
#6814 = ( REPRESENTATION_RELATIONSHIP('','',#487,#464) 
REPRESENTATION_RELATIONSHIP_WITH_TRANSFORMATION(#6815) 
SHAPE_REPRESENTATION_RELATIONSHIP() );
#6815 = ITEM_DEFINED_TRANSFORMATION('','',#11,#465);
#6816 = PRODUCT_DEFINITION_SHAPE('Placement','Placement of an item',
  #6817);
#6817 = NEXT_ASSEMBLY_USAGE_OCCURRENCE('3','=>[0:1:1:5]','',#459,#482,$
  );
#6818 = PRODUCT_RELATED_PRODUCT_CATEGORY('part',$,(#484));
#6819 = SHAPE_DEFINITION_REPRESENTATION(#6820,#6826);
#6820 = PRODUCT_DEFINITION_SHAPE('','',#6821);
#6821 = PRODUCT_DEFINITION('design','',#6822,#6825);
#6822 = PRODUCT_DEFINITION_FORMATION('','',#6823);
#6823 = PRODUCT('SOIC-8_3.9x4.9mm_P1.27mm','SOIC-8_3.9x4.9mm_P1.27mm',''
  ,(#6824));
#6824 = PRODUCT_CONTEXT('',#2,'mechanical');
#6825 = PRODUCT_DEFINITION_CONTEXT('part definition',#2,'design');
#6826 = SHAPE_REPRESENTATION('',(#11,#6827),#6831);
#6827 = AXIS2_PLACEMENT_3D('',#6828,#6829,#6830);
#6828 = CARTESIAN_POINT('',(0.,0.,0.));
#6829 = DIRECTION('',(0.,0.,1.));
#6830 = DIRECTION('',(1.,0.,-0.));
#6831 = ( GEOMETRIC_REPRESENTATION_CONTEXT(3) 
GLOBAL_UNCERTAINTY_ASSIGNED_CONTEXT((#6835)) 
GLOBAL_UNIT_ASSIGNED_CONTEXT((#6832,#6833,#6834)) REPRESENTATION_CONTEXT
('Context #1','3D Context with UNIT and UNCERTAINTY') );
#6832 = ( LENGTH_UNIT() NAMED_UNIT(*) SI_UNIT(.MILLI.,.METRE.) );
#6833 = ( NAMED_UNIT(*) PLANE_ANGLE_UNIT() SI_UNIT($,.RADIAN.) );
#6834 = ( NAMED_UNIT(*) SI_UNIT($,.STERADIAN.) SOLID_ANGLE_UNIT() );
#6835 = UNCERTAINTY_MEASURE_WITH_UNIT(LENGTH_MEASURE(1.E-07),#6832,
  'distance_accuracy_value','confusion accuracy');
#6836 = CONTEXT_DEPENDENT_SHAPE_REPRESENTATION(#6837,#6839);
#6837 = ( REPRESENTATION_RELATIONSHIP('','',#6826,#10) 
REPRESENTATION_RELATIONSHIP_WITH_TRANSFORMATION(#6838) 
SHAPE_REPRESENTATION_RELATIONSHIP() );
#6838 = ITEM_DEFINED_TRANSFORMATION('','',#11,#23);
#6839 = PRODUCT_DEFINITION_SHAPE('Placement','Placement of an item',
  #6840);
#6840 = NEXT_ASSEMBLY_USAGE_OCCURRENCE('6','U1','',#5,#6821,$);
#6841 = PRODUCT_RELATED_PRODUCT_CATEGORY('part',$,(#6823));
#6842 = SHAPE_DEFINITION_REPRESENTATION(#6843,#6849);
#6843 = PRODUCT_DEFINITION_SHAPE('','',#6844);
#6844 = PRODUCT_DEFINITION('design','',#6845,#6848);
#6845 = PRODUCT_DEFINITION_FORMATION('','',#6846);
#6846 = PRODUCT('SOIC-8_3.9x4.9mm_P1.27mm','SOIC-8_3.9x4.9mm_P1.27mm',''
  ,(#6847));
#6847 = PRODUCT_CONTEXT('',#2,'mechanical');
#6848 = PRODUCT_DEFINITION_CONTEXT('part definition',#2,'design');
#6849 = ADVANCED_BREP_SHAPE_REPRESENTATION('',(#11,#6850),#11318);
#6850 = MANIFOLD_SOLID_BREP('',#6851);
#6851 = CLOSED_SHELL('',(#6852,#6890,#6953,#6976,#7005,#7028,#7115,#7202
    ,#7225,#7248,#7265,#7288,#7376,#7392,#7422,#7453,#7484,#7515,#7546,
    #7577,#7608,#7639,#7656,#7673,#7704,#7735,#7766,#7797,#7828,#7859,
    #7890,#7920,#7943,#7966,#7983,#8028,#8114,#8137,#8160,#8183,#8270,
    #8308,#8357,#8449,#8474,#8558,#8580,#8672,#8697,#8781,#8803,#8895,
    #8920,#9004,#9021,#9106,#9131,#9208,#9293,#9318,#9395,#9412,#9504,
    #9529,#9613,#9635,#9727,#9752,#9836,#9858,#9950,#9975,#10059,#10076,
    #10095,#10114,#10133,#10179,#10195,#10214,#10233,#10252,#10268,
    #10285,#10297,#10314,#10331,#10348,#10365,#10382,#10399,#10416,
    #10428,#10445,#10462,#10479,#10496,#10513,#10530,#10547,#10559,
    #10576,#10593,#10610,#10627,#10644,#10661,#10678,#10690,#10707,
    #10724,#10741,#10758,#10775,#10792,#10804,#10821,#10838,#10855,
    #10872,#10889,#10906,#10918,#10935,#10952,#10969,#10986,#11003,
    #11020,#11037,#11049,#11066,#11083,#11100,#11117,#11134,#11151,
    #11168,#11180,#11197,#11214,#11231,#11248,#11265,#11282,#11299,
    #11311));
#6852 = ADVANCED_FACE('',(#6853),#6885,.F.);
#6853 = FACE_BOUND('',#6854,.F.);
#6854 = EDGE_LOOP('',(#6855,#6865,#6872,#6880));
#6855 = ORIENTED_EDGE('',*,*,#6856,.T.);
#6856 = EDGE_CURVE('',#6857,#6859,#6861,.T.);
#6857 = VERTEX_POINT('',#6858);
#6858 = CARTESIAN_POINT('',(-1.717585640382,2.335171280765,0.1));
#6859 = VERTEX_POINT('',#6860);
#6860 = CARTESIAN_POINT('',(1.717585640382,2.335171280765,0.1));
#6861 = LINE('',#6862,#6863);
#6862 = CARTESIAN_POINT('',(-1.717585640382,2.335171280765,0.1));
#6863 = VECTOR('',#6864,1.);
#6864 = DIRECTION('',(1.,1.110223024625E-16,0.));
#6865 = ORIENTED_EDGE('',*,*,#6866,.T.);
#6866 = EDGE_CURVE('',#6859,#6867,#6869,.T.);
#6867 = VERTEX_POINT('',#6868);
#6868 = CARTESIAN_POINT('',(1.775,2.45,0.825));
#6869 = B_SPLINE_CURVE_WITH_KNOTS('',1,(#6870,#6871),.UNSPECIFIED.,.F.,
  .F.,(2,2),(0.,1.),.PIECEWISE_BEZIER_KNOTS.);
#6870 = CARTESIAN_POINT('',(1.717585640382,2.335171280765,0.1));
#6871 = CARTESIAN_POINT('',(1.775,2.45,0.825));
#6872 = ORIENTED_EDGE('',*,*,#6873,.F.);
#6873 = EDGE_CURVE('',#6874,#6867,#6876,.T.);
#6874 = VERTEX_POINT('',#6875);
#6875 = CARTESIAN_POINT('',(-1.775,2.45,0.825));
#6876 = LINE('',#6877,#6878);
#6877 = CARTESIAN_POINT('',(-1.775,2.45,0.825));
#6878 = VECTOR('',#6879,1.);
#6879 = DIRECTION('',(1.,1.110223024625E-16,0.));
#6880 = ORIENTED_EDGE('',*,*,#6881,.F.);
#6881 = EDGE_CURVE('',#6857,#6874,#6882,.T.);
#6882 = B_SPLINE_CURVE_WITH_KNOTS('',1,(#6883,#6884),.UNSPECIFIED.,.F.,
  .F.,(2,2),(0.,1.),.PIECEWISE_BEZIER_KNOTS.);
#6883 = CARTESIAN_POINT('',(-1.717585640382,2.335171280765,0.1));
#6884 = CARTESIAN_POINT('',(-1.775,2.45,0.825));
#6885 = B_SPLINE_SURFACE_WITH_KNOTS('',1,1,(
    (#6886,#6887)
    ,(#6888,#6889
    )),.UNSPECIFIED.,.F.,.F.,.F.,(2,2),(2,2),(0.,3.55),(0.,1.),
  .PIECEWISE_BEZIER_KNOTS.);
#6886 = CARTESIAN_POINT('',(-1.717585640382,2.335171280765,0.1));
#6887 = CARTESIAN_POINT('',(-1.775,2.45,0.825));
#6888 = CARTESIAN_POINT('',(1.717585640382,2.335171280765,0.1));
#6889 = CARTESIAN_POINT('',(1.775,2.45,0.825));
#6890 = ADVANCED_FACE('',(#6891),#6948,.F.);
#6891 = FACE_BOUND('',#6892,.T.);
#6892 = EDGE_LOOP('',(#6893,#6894,#6902,#6910,#6918,#6926,#6934,#6942));
#6893 = ORIENTED_EDGE('',*,*,#6856,.T.);
#6894 = ORIENTED_EDGE('',*,*,#6895,.T.);
#6895 = EDGE_CURVE('',#6859,#6896,#6898,.T.);
#6896 = VERTEX_POINT('',#6897);
#6897 = CARTESIAN_POINT('',(1.835171280765,2.217585640382,0.1));
#6898 = LINE('',#6899,#6900);
#6899 = CARTESIAN_POINT('',(1.717585640382,2.335171280765,0.1));
#6900 = VECTOR('',#6901,1.);
#6901 = DIRECTION('',(0.707106781187,-0.707106781187,0.));
#6902 = ORIENTED_EDGE('',*,*,#6903,.T.);
#6903 = EDGE_CURVE('',#6896,#6904,#6906,.T.);
#6904 = VERTEX_POINT('',#6905);
#6905 = CARTESIAN_POINT('',(1.835171280765,-2.217585640382,0.1));
#6906 = LINE('',#6907,#6908);
#6907 = CARTESIAN_POINT('',(1.835171280765,2.217585640382,0.1));
#6908 = VECTOR('',#6909,1.);
#6909 = DIRECTION('',(1.110223024625E-16,-1.,0.));
#6910 = ORIENTED_EDGE('',*,*,#6911,.T.);
#6911 = EDGE_CURVE('',#6904,#6912,#6914,.T.);
#6912 = VERTEX_POINT('',#6913);
#6913 = CARTESIAN_POINT('',(1.717585640382,-2.335171280765,0.1));
#6914 = LINE('',#6915,#6916);
#6915 = CARTESIAN_POINT('',(1.835171280765,-2.217585640382,0.1));
#6916 = VECTOR('',#6917,1.);
#6917 = DIRECTION('',(-0.707106781187,-0.707106781187,0.));
#6918 = ORIENTED_EDGE('',*,*,#6919,.T.);
#6919 = EDGE_CURVE('',#6912,#6920,#6922,.T.);
#6920 = VERTEX_POINT('',#6921);
#6921 = CARTESIAN_POINT('',(-1.717585640382,-2.335171280765,0.1));
#6922 = LINE('',#6923,#6924);
#6923 = CARTESIAN_POINT('',(1.717585640382,-2.335171280765,0.1));
#6924 = VECTOR('',#6925,1.);
#6925 = DIRECTION('',(-1.,-1.110223024625E-16,0.));
#6926 = ORIENTED_EDGE('',*,*,#6927,.T.);
#6927 = EDGE_CURVE('',#6920,#6928,#6930,.T.);
#6928 = VERTEX_POINT('',#6929);
#6929 = CARTESIAN_POINT('',(-1.835171280765,-2.217585640382,0.1));
#6930 = LINE('',#6931,#6932);
#6931 = CARTESIAN_POINT('',(-1.717585640382,-2.335171280765,0.1));
#6932 = VECTOR('',#6933,1.);
#6933 = DIRECTION('',(-0.707106781187,0.707106781187,0.));
#6934 = ORIENTED_EDGE('',*,*,#6935,.T.);
#6935 = EDGE_CURVE('',#6928,#6936,#6938,.T.);
#6936 = VERTEX_POINT('',#6937);
#6937 = CARTESIAN_POINT('',(-1.835171280765,2.217585640382,0.1));
#6938 = LINE('',#6939,#6940);
#6939 = CARTESIAN_POINT('',(-1.835171280765,-2.217585640382,0.1));
#6940 = VECTOR('',#6941,1.);
#6941 = DIRECTION('',(-1.110223024625E-16,1.,0.));
#6942 = ORIENTED_EDGE('',*,*,#6943,.T.);
#6943 = EDGE_CURVE('',#6936,#6857,#6944,.T.);
#6944 = LINE('',#6945,#6946);
#6945 = CARTESIAN_POINT('',(-1.835171280765,2.217585640382,0.1));
#6946 = VECTOR('',#6947,1.);
#6947 = DIRECTION('',(0.707106781187,0.707106781187,0.));
#6948 = PLANE('',#6949);
#6949 = AXIS2_PLACEMENT_3D('',#6950,#6951,#6952);
#6950 = CARTESIAN_POINT('',(-1.717585640382,2.335171280765,0.1));
#6951 = DIRECTION('',(0.,0.,1.));
#6952 = DIRECTION('',(0.592513131498,-0.805560791625,0.));
#6953 = ADVANCED_FACE('',(#6954),#6971,.F.);
#6954 = FACE_BOUND('',#6955,.F.);
#6955 = EDGE_LOOP('',(#6956,#6957,#6964,#6970));
#6956 = ORIENTED_EDGE('',*,*,#6895,.T.);
#6957 = ORIENTED_EDGE('',*,*,#6958,.T.);
#6958 = EDGE_CURVE('',#6896,#6959,#6961,.T.);
#6959 = VERTEX_POINT('',#6960);
#6960 = CARTESIAN_POINT('',(1.95,2.275,0.825));
#6961 = B_SPLINE_CURVE_WITH_KNOTS('',1,(#6962,#6963),.UNSPECIFIED.,.F.,
  .F.,(2,2),(0.,1.),.PIECEWISE_BEZIER_KNOTS.);
#6962 = CARTESIAN_POINT('',(1.835171280765,2.217585640382,0.1));
#6963 = CARTESIAN_POINT('',(1.95,2.275,0.825));
#6964 = ORIENTED_EDGE('',*,*,#6965,.F.);
#6965 = EDGE_CURVE('',#6867,#6959,#6966,.T.);
#6966 = LINE('',#6967,#6968);
#6967 = CARTESIAN_POINT('',(1.775,2.45,0.825));
#6968 = VECTOR('',#6969,1.);
#6969 = DIRECTION('',(0.707106781187,-0.707106781187,0.));
#6970 = ORIENTED_EDGE('',*,*,#6866,.F.);
#6971 = B_SPLINE_SURFACE_WITH_KNOTS('',1,1,(
    (#6972,#6973)
    ,(#6974,#6975
    )),.UNSPECIFIED.,.F.,.F.,.F.,(2,2),(2,2),(0.,0.247487373415),(0.,1.)
  ,.PIECEWISE_BEZIER_KNOTS.);
#6972 = CARTESIAN_POINT('',(1.717585640382,2.335171280765,0.1));
#6973 = CARTESIAN_POINT('',(1.775,2.45,0.825));
#6974 = CARTESIAN_POINT('',(1.835171280765,2.217585640382,0.1));
#6975 = CARTESIAN_POINT('',(1.95,2.275,0.825));
#6976 = ADVANCED_FACE('',(#6977),#7000,.F.);
#6977 = FACE_BOUND('',#6978,.F.);
#6978 = EDGE_LOOP('',(#6979,#6980,#6987,#6995));
#6979 = ORIENTED_EDGE('',*,*,#6873,.T.);
#6980 = ORIENTED_EDGE('',*,*,#6981,.T.);
#6981 = EDGE_CURVE('',#6867,#6982,#6984,.T.);
#6982 = VERTEX_POINT('',#6983);
#6983 = CARTESIAN_POINT('',(1.775,2.45,1.025));
#6984 = B_SPLINE_CURVE_WITH_KNOTS('',1,(#6985,#6986),.UNSPECIFIED.,.F.,
  .F.,(2,2),(0.,1.),.PIECEWISE_BEZIER_KNOTS.);
#6985 = CARTESIAN_POINT('',(1.775,2.45,0.825));
#6986 = CARTESIAN_POINT('',(1.775,2.45,1.025));
#6987 = ORIENTED_EDGE('',*,*,#6988,.F.);
#6988 = EDGE_CURVE('',#6989,#6982,#6991,.T.);
#6989 = VERTEX_POINT('',#6990);
#6990 = CARTESIAN_POINT('',(-1.775,2.45,1.025));
#6991 = LINE('',#6992,#6993);
#6992 = CARTESIAN_POINT('',(-1.775,2.45,1.025));
#6993 = VECTOR('',#6994,1.);
#6994 = DIRECTION('',(1.,1.110223024625E-16,0.));
#6995 = ORIENTED_EDGE('',*,*,#6996,.F.);
#6996 = EDGE_CURVE('',#6874,#6989,#6997,.T.);
#6997 = B_SPLINE_CURVE_WITH_KNOTS('',1,(#6998,#6999),.UNSPECIFIED.,.F.,
  .F.,(2,2),(0.,1.),.PIECEWISE_BEZIER_KNOTS.);
#6998 = CARTESIAN_POINT('',(-1.775,2.45,0.825));
#6999 = CARTESIAN_POINT('',(-1.775,2.45,1.025));
#7000 = PLANE('',#7001);
#7001 = AXIS2_PLACEMENT_3D('',#7002,#7003,#7004);
#7002 = CARTESIAN_POINT('',(-1.775,2.45,1.025));
#7003 = DIRECTION('',(1.110223024625E-16,-1.,0.));
#7004 = DIRECTION('',(1.,1.110223024625E-16,0.));
#7005 = ADVANCED_FACE('',(#7006),#7023,.F.);
#7006 = FACE_BOUND('',#7007,.F.);
#7007 = EDGE_LOOP('',(#7008,#7009,#7010,#7018));
#7008 = ORIENTED_EDGE('',*,*,#6943,.T.);
#7009 = ORIENTED_EDGE('',*,*,#6881,.T.);
#7010 = ORIENTED_EDGE('',*,*,#7011,.F.);
#7011 = EDGE_CURVE('',#7012,#6874,#7014,.T.);
#7012 = VERTEX_POINT('',#7013);
#7013 = CARTESIAN_POINT('',(-1.95,2.275,0.825));
#7014 = LINE('',#7015,#7016);
#7015 = CARTESIAN_POINT('',(-1.95,2.275,0.825));
#7016 = VECTOR('',#7017,1.);
#7017 = DIRECTION('',(0.707106781187,0.707106781187,0.));
#7018 = ORIENTED_EDGE('',*,*,#7019,.F.);
#7019 = EDGE_CURVE('',#6936,#7012,#7020,.T.);
#7020 = B_SPLINE_CURVE_WITH_KNOTS('',1,(#7021,#7022),.UNSPECIFIED.,.F.,
  .F.,(2,2),(0.,1.),.PIECEWISE_BEZIER_KNOTS.);
#7021 = CARTESIAN_POINT('',(-1.835171280765,2.217585640382,0.1));
#7022 = CARTESIAN_POINT('',(-1.95,2.275,0.825));
#7023 = B_SPLINE_SURFACE_WITH_KNOTS('',1,1,(
    (#7024,#7025)
    ,(#7026,#7027
    )),.UNSPECIFIED.,.F.,.F.,.F.,(2,2),(2,2),(0.,0.247487373415),(0.,1.)
  ,.PIECEWISE_BEZIER_KNOTS.);
#7024 = CARTESIAN_POINT('',(-1.835171280765,2.217585640382,0.1));
#7025 = CARTESIAN_POINT('',(-1.95,2.275,0.825));
#7026 = CARTESIAN_POINT('',(-1.717585640382,2.335171280765,0.1));
#7027 = CARTESIAN_POINT('',(-1.775,2.45,0.825));
#7028 = ADVANCED_FACE('',(#7029),#7110,.F.);
#7029 = FACE_BOUND('',#7030,.F.);
#7030 = EDGE_LOOP('',(#7031,#7032,#7033,#7041,#7049,#7057,#7065,#7073,
    #7081,#7089,#7097,#7105));
#7031 = ORIENTED_EDGE('',*,*,#6935,.T.);
#7032 = ORIENTED_EDGE('',*,*,#7019,.T.);
#7033 = ORIENTED_EDGE('',*,*,#7034,.F.);
#7034 = EDGE_CURVE('',#7035,#7012,#7037,.T.);
#7035 = VERTEX_POINT('',#7036);
#7036 = CARTESIAN_POINT('',(-1.95,2.11,0.825));
#7037 = LINE('',#7038,#7039);
#7038 = CARTESIAN_POINT('',(-1.95,-2.275,0.825));
#7039 = VECTOR('',#7040,1.);
#7040 = DIRECTION('',(-1.110223024625E-16,1.,0.));
#7041 = ORIENTED_EDGE('',*,*,#7042,.F.);
#7042 = EDGE_CURVE('',#7043,#7035,#7045,.T.);
#7043 = VERTEX_POINT('',#7044);
#7044 = CARTESIAN_POINT('',(-1.95,1.7,0.825));
#7045 = LINE('',#7046,#7047);
#7046 = CARTESIAN_POINT('',(-1.95,-2.275,0.825));
#7047 = VECTOR('',#7048,1.);
#7048 = DIRECTION('',(-1.110223024625E-16,1.,0.));
#7049 = ORIENTED_EDGE('',*,*,#7050,.F.);
#7050 = EDGE_CURVE('',#7051,#7043,#7053,.T.);
#7051 = VERTEX_POINT('',#7052);
#7052 = CARTESIAN_POINT('',(-1.95,0.84,0.825));
#7053 = LINE('',#7054,#7055);
#7054 = CARTESIAN_POINT('',(-1.95,-2.275,0.825));
#7055 = VECTOR('',#7056,1.);
#7056 = DIRECTION('',(-1.110223024625E-16,1.,0.));
#7057 = ORIENTED_EDGE('',*,*,#7058,.F.);
#7058 = EDGE_CURVE('',#7059,#7051,#7061,.T.);
#7059 = VERTEX_POINT('',#7060);
#7060 = CARTESIAN_POINT('',(-1.95,0.43,0.825));
#7061 = LINE('',#7062,#7063);
#7062 = CARTESIAN_POINT('',(-1.95,-2.275,0.825));
#7063 = VECTOR('',#7064,1.);
#7064 = DIRECTION('',(-1.110223024625E-16,1.,0.));
#7065 = ORIENTED_EDGE('',*,*,#7066,.F.);
#7066 = EDGE_CURVE('',#7067,#7059,#7069,.T.);
#7067 = VERTEX_POINT('',#7068);
#7068 = CARTESIAN_POINT('',(-1.95,-0.43,0.825));
#7069 = LINE('',#7070,#7071);
#7070 = CARTESIAN_POINT('',(-1.95,-2.275,0.825));
#7071 = VECTOR('',#7072,1.);
#7072 = DIRECTION('',(-1.110223024625E-16,1.,0.));
#7073 = ORIENTED_EDGE('',*,*,#7074,.F.);
#7074 = EDGE_CURVE('',#7075,#7067,#7077,.T.);
#7075 = VERTEX_POINT('',#7076);
#7076 = CARTESIAN_POINT('',(-1.95,-0.84,0.825));
#7077 = LINE('',#7078,#7079);
#7078 = CARTESIAN_POINT('',(-1.95,-2.275,0.825));
#7079 = VECTOR('',#7080,1.);
#7080 = DIRECTION('',(-1.110223024625E-16,1.,0.));
#7081 = ORIENTED_EDGE('',*,*,#7082,.F.);
#7082 = EDGE_CURVE('',#7083,#7075,#7085,.T.);
#7083 = VERTEX_POINT('',#7084);
#7084 = CARTESIAN_POINT('',(-1.95,-1.7,0.825));
#7085 = LINE('',#7086,#7087);
#7086 = CARTESIAN_POINT('',(-1.95,-2.275,0.825));
#7087 = VECTOR('',#7088,1.);
#7088 = DIRECTION('',(-1.110223024625E-16,1.,0.));
#7089 = ORIENTED_EDGE('',*,*,#7090,.F.);
#7090 = EDGE_CURVE('',#7091,#7083,#7093,.T.);
#7091 = VERTEX_POINT('',#7092);
#7092 = CARTESIAN_POINT('',(-1.95,-2.11,0.825));
#7093 = LINE('',#7094,#7095);
#7094 = CARTESIAN_POINT('',(-1.95,-2.275,0.825));
#7095 = VECTOR('',#7096,1.);
#7096 = DIRECTION('',(-1.110223024625E-16,1.,0.));
#7097 = ORIENTED_EDGE('',*,*,#7098,.F.);
#7098 = EDGE_CURVE('',#7099,#7091,#7101,.T.);
#7099 = VERTEX_POINT('',#7100);
#7100 = CARTESIAN_POINT('',(-1.95,-2.275,0.825));
#7101 = LINE('',#7102,#7103);
#7102 = CARTESIAN_POINT('',(-1.95,-2.275,0.825));
#7103 = VECTOR('',#7104,1.);
#7104 = DIRECTION('',(-1.110223024625E-16,1.,0.));
#7105 = ORIENTED_EDGE('',*,*,#7106,.F.);
#7106 = EDGE_CURVE('',#6928,#7099,#7107,.T.);
#7107 = B_SPLINE_CURVE_WITH_KNOTS('',1,(#7108,#7109),.UNSPECIFIED.,.F.,
  .F.,(2,2),(0.,1.),.PIECEWISE_BEZIER_KNOTS.);
#7108 = CARTESIAN_POINT('',(-1.835171280765,-2.217585640382,0.1));
#7109 = CARTESIAN_POINT('',(-1.95,-2.275,0.825));
#7110 = B_SPLINE_SURFACE_WITH_KNOTS('',1,1,(
    (#7111,#7112)
    ,(#7113,#7114
    )),.UNSPECIFIED.,.F.,.F.,.F.,(2,2),(2,2),(0.,4.55),(0.,1.),
  .PIECEWISE_BEZIER_KNOTS.);
#7111 = CARTESIAN_POINT('',(-1.835171280765,-2.217585640382,0.1));
#7112 = CARTESIAN_POINT('',(-1.95,-2.275,0.825));
#7113 = CARTESIAN_POINT('',(-1.835171280765,2.217585640382,0.1));
#7114 = CARTESIAN_POINT('',(-1.95,2.275,0.825));
#7115 = ADVANCED_FACE('',(#7116),#7197,.F.);
#7116 = FACE_BOUND('',#7117,.F.);
#7117 = EDGE_LOOP('',(#7118,#7119,#7126,#7134,#7142,#7150,#7158,#7166,
    #7174,#7182,#7190,#7196));
#7118 = ORIENTED_EDGE('',*,*,#6903,.T.);
#7119 = ORIENTED_EDGE('',*,*,#7120,.T.);
#7120 = EDGE_CURVE('',#6904,#7121,#7123,.T.);
#7121 = VERTEX_POINT('',#7122);
#7122 = CARTESIAN_POINT('',(1.95,-2.275,0.825));
#7123 = B_SPLINE_CURVE_WITH_KNOTS('',1,(#7124,#7125),.UNSPECIFIED.,.F.,
  .F.,(2,2),(0.,1.),.PIECEWISE_BEZIER_KNOTS.);
#7124 = CARTESIAN_POINT('',(1.835171280765,-2.217585640382,0.1));
#7125 = CARTESIAN_POINT('',(1.95,-2.275,0.825));
#7126 = ORIENTED_EDGE('',*,*,#7127,.F.);
#7127 = EDGE_CURVE('',#7128,#7121,#7130,.T.);
#7128 = VERTEX_POINT('',#7129);
#7129 = CARTESIAN_POINT('',(1.95,-2.11,0.825));
#7130 = LINE('',#7131,#7132);
#7131 = CARTESIAN_POINT('',(1.95,2.275,0.825));
#7132 = VECTOR('',#7133,1.);
#7133 = DIRECTION('',(1.110223024625E-16,-1.,0.));
#7134 = ORIENTED_EDGE('',*,*,#7135,.F.);
#7135 = EDGE_CURVE('',#7136,#7128,#7138,.T.);
#7136 = VERTEX_POINT('',#7137);
#7137 = CARTESIAN_POINT('',(1.95,-1.7,0.825));
#7138 = LINE('',#7139,#7140);
#7139 = CARTESIAN_POINT('',(1.95,2.275,0.825));
#7140 = VECTOR('',#7141,1.);
#7141 = DIRECTION('',(1.110223024625E-16,-1.,0.));
#7142 = ORIENTED_EDGE('',*,*,#7143,.F.);
#7143 = EDGE_CURVE('',#7144,#7136,#7146,.T.);
#7144 = VERTEX_POINT('',#7145);
#7145 = CARTESIAN_POINT('',(1.95,-0.84,0.825));
#7146 = LINE('',#7147,#7148);
#7147 = CARTESIAN_POINT('',(1.95,2.275,0.825));
#7148 = VECTOR('',#7149,1.);
#7149 = DIRECTION('',(1.110223024625E-16,-1.,0.));
#7150 = ORIENTED_EDGE('',*,*,#7151,.F.);
#7151 = EDGE_CURVE('',#7152,#7144,#7154,.T.);
#7152 = VERTEX_POINT('',#7153);
#7153 = CARTESIAN_POINT('',(1.95,-0.43,0.825));
#7154 = LINE('',#7155,#7156);
#7155 = CARTESIAN_POINT('',(1.95,2.275,0.825));
#7156 = VECTOR('',#7157,1.);
#7157 = DIRECTION('',(1.110223024625E-16,-1.,0.));
#7158 = ORIENTED_EDGE('',*,*,#7159,.F.);
#7159 = EDGE_CURVE('',#7160,#7152,#7162,.T.);
#7160 = VERTEX_POINT('',#7161);
#7161 = CARTESIAN_POINT('',(1.95,0.43,0.825));
#7162 = LINE('',#7163,#7164);
#7163 = CARTESIAN_POINT('',(1.95,2.275,0.825));
#7164 = VECTOR('',#7165,1.);
#7165 = DIRECTION('',(1.110223024625E-16,-1.,0.));
#7166 = ORIENTED_EDGE('',*,*,#7167,.F.);
#7167 = EDGE_CURVE('',#7168,#7160,#7170,.T.);
#7168 = VERTEX_POINT('',#7169);
#7169 = CARTESIAN_POINT('',(1.95,0.84,0.825));
#7170 = LINE('',#7171,#7172);
#7171 = CARTESIAN_POINT('',(1.95,2.275,0.825));
#7172 = VECTOR('',#7173,1.);
#7173 = DIRECTION('',(1.110223024625E-16,-1.,0.));
#7174 = ORIENTED_EDGE('',*,*,#7175,.F.);
#7175 = EDGE_CURVE('',#7176,#7168,#7178,.T.);
#7176 = VERTEX_POINT('',#7177);
#7177 = CARTESIAN_POINT('',(1.95,1.7,0.825));
#7178 = LINE('',#7179,#7180);
#7179 = CARTESIAN_POINT('',(1.95,2.275,0.825));
#7180 = VECTOR('',#7181,1.);
#7181 = DIRECTION('',(1.110223024625E-16,-1.,0.));
#7182 = ORIENTED_EDGE('',*,*,#7183,.F.);
#7183 = EDGE_CURVE('',#7184,#7176,#7186,.T.);
#7184 = VERTEX_POINT('',#7185);
#7185 = CARTESIAN_POINT('',(1.95,2.11,0.825));
#7186 = LINE('',#7187,#7188);
#7187 = CARTESIAN_POINT('',(1.95,2.275,0.825));
#7188 = VECTOR('',#7189,1.);
#7189 = DIRECTION('',(1.110223024625E-16,-1.,0.));
#7190 = ORIENTED_EDGE('',*,*,#7191,.F.);
#7191 = EDGE_CURVE('',#6959,#7184,#7192,.T.);
#7192 = LINE('',#7193,#7194);
#7193 = CARTESIAN_POINT('',(1.95,2.275,0.825));
#7194 = VECTOR('',#7195,1.);
#7195 = DIRECTION('',(1.110223024625E-16,-1.,0.));
#7196 = ORIENTED_EDGE('',*,*,#6958,.F.);
#7197 = B_SPLINE_SURFACE_WITH_KNOTS('',1,1,(
    (#7198,#7199)
    ,(#7200,#7201
    )),.UNSPECIFIED.,.F.,.F.,.F.,(2,2),(2,2),(0.,4.55),(0.,1.),
  .PIECEWISE_BEZIER_KNOTS.);
#7198 = CARTESIAN_POINT('',(1.835171280765,2.217585640382,0.1));
#7199 = CARTESIAN_POINT('',(1.95,2.275,0.825));
#7200 = CARTESIAN_POINT('',(1.835171280765,-2.217585640382,0.1));
#7201 = CARTESIAN_POINT('',(1.95,-2.275,0.825));
#7202 = ADVANCED_FACE('',(#7203),#7220,.F.);
#7203 = FACE_BOUND('',#7204,.F.);
#7204 = EDGE_LOOP('',(#7205,#7206,#7207,#7215));
#7205 = ORIENTED_EDGE('',*,*,#6927,.T.);
#7206 = ORIENTED_EDGE('',*,*,#7106,.T.);
#7207 = ORIENTED_EDGE('',*,*,#7208,.F.);
#7208 = EDGE_CURVE('',#7209,#7099,#7211,.T.);
#7209 = VERTEX_POINT('',#7210);
#7210 = CARTESIAN_POINT('',(-1.775,-2.45,0.825));
#7211 = LINE('',#7212,#7213);
#7212 = CARTESIAN_POINT('',(-1.775,-2.45,0.825));
#7213 = VECTOR('',#7214,1.);
#7214 = DIRECTION('',(-0.707106781187,0.707106781187,0.));
#7215 = ORIENTED_EDGE('',*,*,#7216,.F.);
#7216 = EDGE_CURVE('',#6920,#7209,#7217,.T.);
#7217 = B_SPLINE_CURVE_WITH_KNOTS('',1,(#7218,#7219),.UNSPECIFIED.,.F.,
  .F.,(2,2),(0.,1.),.PIECEWISE_BEZIER_KNOTS.);
#7218 = CARTESIAN_POINT('',(-1.717585640382,-2.335171280765,0.1));
#7219 = CARTESIAN_POINT('',(-1.775,-2.45,0.825));
#7220 = B_SPLINE_SURFACE_WITH_KNOTS('',1,1,(
    (#7221,#7222)
    ,(#7223,#7224
    )),.UNSPECIFIED.,.F.,.F.,.F.,(2,2),(2,2),(0.,0.247487373415),(0.,1.)
  ,.PIECEWISE_BEZIER_KNOTS.);
#7221 = CARTESIAN_POINT('',(-1.717585640382,-2.335171280765,0.1));
#7222 = CARTESIAN_POINT('',(-1.775,-2.45,0.825));
#7223 = CARTESIAN_POINT('',(-1.835171280765,-2.217585640382,0.1));
#7224 = CARTESIAN_POINT('',(-1.95,-2.275,0.825));
#7225 = ADVANCED_FACE('',(#7226),#7243,.F.);
#7226 = FACE_BOUND('',#7227,.F.);
#7227 = EDGE_LOOP('',(#7228,#7229,#7236,#7242));
#7228 = ORIENTED_EDGE('',*,*,#6911,.T.);
#7229 = ORIENTED_EDGE('',*,*,#7230,.T.);
#7230 = EDGE_CURVE('',#6912,#7231,#7233,.T.);
#7231 = VERTEX_POINT('',#7232);
#7232 = CARTESIAN_POINT('',(1.775,-2.45,0.825));
#7233 = B_SPLINE_CURVE_WITH_KNOTS('',1,(#7234,#7235),.UNSPECIFIED.,.F.,
  .F.,(2,2),(0.,1.),.PIECEWISE_BEZIER_KNOTS.);
#7234 = CARTESIAN_POINT('',(1.717585640382,-2.335171280765,0.1));
#7235 = CARTESIAN_POINT('',(1.775,-2.45,0.825));
#7236 = ORIENTED_EDGE('',*,*,#7237,.F.);
#7237 = EDGE_CURVE('',#7121,#7231,#7238,.T.);
#7238 = LINE('',#7239,#7240);
#7239 = CARTESIAN_POINT('',(1.95,-2.275,0.825));
#7240 = VECTOR('',#7241,1.);
#7241 = DIRECTION('',(-0.707106781187,-0.707106781187,0.));
#7242 = ORIENTED_EDGE('',*,*,#7120,.F.);
#7243 = B_SPLINE_SURFACE_WITH_KNOTS('',1,1,(
    (#7244,#7245)
    ,(#7246,#7247
    )),.UNSPECIFIED.,.F.,.F.,.F.,(2,2),(2,2),(0.,0.247487373415),(0.,1.)
  ,.PIECEWISE_BEZIER_KNOTS.);
#7244 = CARTESIAN_POINT('',(1.835171280765,-2.217585640382,0.1));
#7245 = CARTESIAN_POINT('',(1.95,-2.275,0.825));
#7246 = CARTESIAN_POINT('',(1.717585640382,-2.335171280765,0.1));
#7247 = CARTESIAN_POINT('',(1.775,-2.45,0.825));
#7248 = ADVANCED_FACE('',(#7249),#7260,.F.);
#7249 = FACE_BOUND('',#7250,.F.);
#7250 = EDGE_LOOP('',(#7251,#7252,#7253,#7259));
#7251 = ORIENTED_EDGE('',*,*,#6919,.T.);
#7252 = ORIENTED_EDGE('',*,*,#7216,.T.);
#7253 = ORIENTED_EDGE('',*,*,#7254,.F.);
#7254 = EDGE_CURVE('',#7231,#7209,#7255,.T.);
#7255 = LINE('',#7256,#7257);
#7256 = CARTESIAN_POINT('',(1.775,-2.45,0.825));
#7257 = VECTOR('',#7258,1.);
#7258 = DIRECTION('',(-1.,-1.110223024625E-16,0.));
#7259 = ORIENTED_EDGE('',*,*,#7230,.F.);
#7260 = B_SPLINE_SURFACE_WITH_KNOTS('',1,1,(
    (#7261,#7262)
    ,(#7263,#7264
    )),.UNSPECIFIED.,.F.,.F.,.F.,(2,2),(2,2),(0.,3.55),(0.,1.),
  .PIECEWISE_BEZIER_KNOTS.);
#7261 = CARTESIAN_POINT('',(1.717585640382,-2.335171280765,0.1));
#7262 = CARTESIAN_POINT('',(1.775,-2.45,0.825));
#7263 = CARTESIAN_POINT('',(-1.717585640382,-2.335171280765,0.1));
#7264 = CARTESIAN_POINT('',(-1.775,-2.45,0.825));
#7265 = ADVANCED_FACE('',(#7266),#7283,.F.);
#7266 = FACE_BOUND('',#7267,.F.);
#7267 = EDGE_LOOP('',(#7268,#7269,#7276,#7282));
#7268 = ORIENTED_EDGE('',*,*,#6965,.T.);
#7269 = ORIENTED_EDGE('',*,*,#7270,.T.);
#7270 = EDGE_CURVE('',#6959,#7271,#7273,.T.);
#7271 = VERTEX_POINT('',#7272);
#7272 = CARTESIAN_POINT('',(1.95,2.275,1.025));
#7273 = B_SPLINE_CURVE_WITH_KNOTS('',1,(#7274,#7275),.UNSPECIFIED.,.F.,
  .F.,(2,2),(0.,1.),.PIECEWISE_BEZIER_KNOTS.);
#7274 = CARTESIAN_POINT('',(1.95,2.275,0.825));
#7275 = CARTESIAN_POINT('',(1.95,2.275,1.025));
#7276 = ORIENTED_EDGE('',*,*,#7277,.F.);
#7277 = EDGE_CURVE('',#6982,#7271,#7278,.T.);
#7278 = LINE('',#7279,#7280);
#7279 = CARTESIAN_POINT('',(1.775,2.45,1.025));
#7280 = VECTOR('',#7281,1.);
#7281 = DIRECTION('',(0.707106781187,-0.707106781187,0.));
#7282 = ORIENTED_EDGE('',*,*,#6981,.F.);
#7283 = PLANE('',#7284);
#7284 = AXIS2_PLACEMENT_3D('',#7285,#7286,#7287);
#7285 = CARTESIAN_POINT('',(1.775,2.45,1.025));
#7286 = DIRECTION('',(-0.707106781187,-0.707106781187,0.));
#7287 = DIRECTION('',(0.707106781187,-0.707106781187,0.));
#7288 = ADVANCED_FACE('',(#7289),#7371,.F.);
#7289 = FACE_BOUND('',#7290,.F.);
#7290 = EDGE_LOOP('',(#7291,#7299,#7300,#7301,#7309,#7317,#7325,#7333,
    #7341,#7349,#7357,#7365));
#7291 = ORIENTED_EDGE('',*,*,#7292,.T.);
#7292 = EDGE_CURVE('',#7293,#6989,#7295,.T.);
#7293 = VERTEX_POINT('',#7294);
#7294 = CARTESIAN_POINT('',(-1.95,2.275,1.025));
#7295 = LINE('',#7296,#7297);
#7296 = CARTESIAN_POINT('',(-1.95,2.275,1.025));
#7297 = VECTOR('',#7298,1.);
#7298 = DIRECTION('',(0.707106781187,0.707106781187,0.));
#7299 = ORIENTED_EDGE('',*,*,#6988,.T.);
#7300 = ORIENTED_EDGE('',*,*,#7277,.T.);
#7301 = ORIENTED_EDGE('',*,*,#7302,.T.);
#7302 = EDGE_CURVE('',#7271,#7303,#7305,.T.);
#7303 = VERTEX_POINT('',#7304);
#7304 = CARTESIAN_POINT('',(1.95,2.11,1.025));
#7305 = LINE('',#7306,#7307);
#7306 = CARTESIAN_POINT('',(1.95,2.275,1.025));
#7307 = VECTOR('',#7308,1.);
#7308 = DIRECTION('',(1.110223024625E-16,-1.,0.));
#7309 = ORIENTED_EDGE('',*,*,#7310,.T.);
#7310 = EDGE_CURVE('',#7303,#7311,#7313,.T.);
#7311 = VERTEX_POINT('',#7312);
#7312 = CARTESIAN_POINT('',(1.875,2.11,1.025));
#7313 = LINE('',#7314,#7315);
#7314 = CARTESIAN_POINT('',(2.25,2.11,1.025));
#7315 = VECTOR('',#7316,1.);
#7316 = DIRECTION('',(-1.,-1.110223024625E-16,0.));
#7317 = ORIENTED_EDGE('',*,*,#7318,.F.);
#7318 = EDGE_CURVE('',#7319,#7311,#7321,.T.);
#7319 = VERTEX_POINT('',#7320);
#7320 = CARTESIAN_POINT('',(1.875,2.2375,1.025));
#7321 = LINE('',#7322,#7323);
#7322 = CARTESIAN_POINT('',(1.875,2.2375,1.025));
#7323 = VECTOR('',#7324,1.);
#7324 = DIRECTION('',(1.110223024625E-16,-1.,0.));
#7325 = ORIENTED_EDGE('',*,*,#7326,.F.);
#7326 = EDGE_CURVE('',#7327,#7319,#7329,.T.);
#7327 = VERTEX_POINT('',#7328);
#7328 = CARTESIAN_POINT('',(1.7375,2.375,1.025));
#7329 = LINE('',#7330,#7331);
#7330 = CARTESIAN_POINT('',(1.7375,2.375,1.025));
#7331 = VECTOR('',#7332,1.);
#7332 = DIRECTION('',(0.707106781187,-0.707106781187,0.));
#7333 = ORIENTED_EDGE('',*,*,#7334,.F.);
#7334 = EDGE_CURVE('',#7335,#7327,#7337,.T.);
#7335 = VERTEX_POINT('',#7336);
#7336 = CARTESIAN_POINT('',(-1.7375,2.375,1.025));
#7337 = LINE('',#7338,#7339);
#7338 = CARTESIAN_POINT('',(-1.7375,2.375,1.025));
#7339 = VECTOR('',#7340,1.);
#7340 = DIRECTION('',(1.,1.110223024625E-16,0.));
#7341 = ORIENTED_EDGE('',*,*,#7342,.F.);
#7342 = EDGE_CURVE('',#7343,#7335,#7345,.T.);
#7343 = VERTEX_POINT('',#7344);
#7344 = CARTESIAN_POINT('',(-1.875,2.2375,1.025));
#7345 = LINE('',#7346,#7347);
#7346 = CARTESIAN_POINT('',(-1.875,2.2375,1.025));
#7347 = VECTOR('',#7348,1.);
#7348 = DIRECTION('',(0.707106781187,0.707106781187,0.));
#7349 = ORIENTED_EDGE('',*,*,#7350,.F.);
#7350 = EDGE_CURVE('',#7351,#7343,#7353,.T.);
#7351 = VERTEX_POINT('',#7352);
#7352 = CARTESIAN_POINT('',(-1.875,2.11,1.025));
#7353 = LINE('',#7354,#7355);
#7354 = CARTESIAN_POINT('',(-1.875,-2.2375,1.025));
#7355 = VECTOR('',#7356,1.);
#7356 = DIRECTION('',(-1.110223024625E-16,1.,0.));
#7357 = ORIENTED_EDGE('',*,*,#7358,.F.);
#7358 = EDGE_CURVE('',#7359,#7351,#7361,.T.);
#7359 = VERTEX_POINT('',#7360);
#7360 = CARTESIAN_POINT('',(-1.95,2.11,1.025));
#7361 = LINE('',#7362,#7363);
#7362 = CARTESIAN_POINT('',(-2.25,2.11,1.025));
#7363 = VECTOR('',#7364,1.);
#7364 = DIRECTION('',(1.,-1.144237745222E-17,0.));
#7365 = ORIENTED_EDGE('',*,*,#7366,.T.);
#7366 = EDGE_CURVE('',#7359,#7293,#7367,.T.);
#7367 = LINE('',#7368,#7369);
#7368 = CARTESIAN_POINT('',(-1.95,-2.275,1.025));
#7369 = VECTOR('',#7370,1.);
#7370 = DIRECTION('',(-1.110223024625E-16,1.,0.));
#7371 = PLANE('',#7372);
#7372 = AXIS2_PLACEMENT_3D('',#7373,#7374,#7375);
#7373 = CARTESIAN_POINT('',(-3.027078129022E-16,2.4125,1.025));
#7374 = DIRECTION('',(2.007919022429E-31,-7.713306628828E-27,-1.));
#7375 = DIRECTION('',(1.,1.112083013911E-16,2.00791902242E-31));
#7376 = ADVANCED_FACE('',(#7377),#7387,.F.);
#7377 = FACE_BOUND('',#7378,.F.);
#7378 = EDGE_LOOP('',(#7379,#7380,#7381,#7382));
#7379 = ORIENTED_EDGE('',*,*,#7011,.T.);
#7380 = ORIENTED_EDGE('',*,*,#6996,.T.);
#7381 = ORIENTED_EDGE('',*,*,#7292,.F.);
#7382 = ORIENTED_EDGE('',*,*,#7383,.F.);
#7383 = EDGE_CURVE('',#7012,#7293,#7384,.T.);
#7384 = B_SPLINE_CURVE_WITH_KNOTS('',1,(#7385,#7386),.UNSPECIFIED.,.F.,
  .F.,(2,2),(0.,1.),.PIECEWISE_BEZIER_KNOTS.);
#7385 = CARTESIAN_POINT('',(-1.95,2.275,0.825));
#7386 = CARTESIAN_POINT('',(-1.95,2.275,1.025));
#7387 = PLANE('',#7388);
#7388 = AXIS2_PLACEMENT_3D('',#7389,#7390,#7391);
#7389 = CARTESIAN_POINT('',(-1.95,2.275,1.025));
#7390 = DIRECTION('',(0.707106781187,-0.707106781187,0.));
#7391 = DIRECTION('',(0.707106781187,0.707106781187,0.));
#7392 = ADVANCED_FACE('',(#7393),#7417,.F.);
#7393 = FACE_BOUND('',#7394,.F.);
#7394 = EDGE_LOOP('',(#7395,#7402,#7403,#7411));
#7395 = ORIENTED_EDGE('',*,*,#7396,.F.);
#7396 = EDGE_CURVE('',#7099,#7397,#7399,.T.);
#7397 = VERTEX_POINT('',#7398);
#7398 = CARTESIAN_POINT('',(-1.95,-2.275,1.025));
#7399 = B_SPLINE_CURVE_WITH_KNOTS('',1,(#7400,#7401),.UNSPECIFIED.,.F.,
  .F.,(2,2),(0.,1.),.PIECEWISE_BEZIER_KNOTS.);
#7400 = CARTESIAN_POINT('',(-1.95,-2.275,0.825));
#7401 = CARTESIAN_POINT('',(-1.95,-2.275,1.025));
#7402 = ORIENTED_EDGE('',*,*,#7098,.T.);
#7403 = ORIENTED_EDGE('',*,*,#7404,.T.);
#7404 = EDGE_CURVE('',#7091,#7405,#7407,.T.);
#7405 = VERTEX_POINT('',#7406);
#7406 = CARTESIAN_POINT('',(-1.95,-2.11,1.025));
#7407 = LINE('',#7408,#7409);
#7408 = CARTESIAN_POINT('',(-1.95,-2.11,0.786976568901));
#7409 = VECTOR('',#7410,1.);
#7410 = DIRECTION('',(0.,0.,1.));
#7411 = ORIENTED_EDGE('',*,*,#7412,.F.);
#7412 = EDGE_CURVE('',#7397,#7405,#7413,.T.);
#7413 = LINE('',#7414,#7415);
#7414 = CARTESIAN_POINT('',(-1.95,-2.275,1.025));
#7415 = VECTOR('',#7416,1.);
#7416 = DIRECTION('',(-1.110223024625E-16,1.,0.));
#7417 = PLANE('',#7418);
#7418 = AXIS2_PLACEMENT_3D('',#7419,#7420,#7421);
#7419 = CARTESIAN_POINT('',(-1.95,-2.275,1.025));
#7420 = DIRECTION('',(1.,1.110223024625E-16,0.));
#7421 = DIRECTION('',(-1.110223024625E-16,1.,0.));
#7422 = ADVANCED_FACE('',(#7423),#7448,.F.);
#7423 = FACE_BOUND('',#7424,.F.);
#7424 = EDGE_LOOP('',(#7425,#7433,#7434,#7442));
#7425 = ORIENTED_EDGE('',*,*,#7426,.F.);
#7426 = EDGE_CURVE('',#7091,#7427,#7429,.T.);
#7427 = VERTEX_POINT('',#7428);
#7428 = CARTESIAN_POINT('',(-2.25,-2.11,0.825));
#7429 = LINE('',#7430,#7431);
#7430 = CARTESIAN_POINT('',(-1.8,-2.11,0.825));
#7431 = VECTOR('',#7432,1.);
#7432 = DIRECTION('',(-1.,1.144237745222E-17,0.));
#7433 = ORIENTED_EDGE('',*,*,#7090,.T.);
#7434 = ORIENTED_EDGE('',*,*,#7435,.T.);
#7435 = EDGE_CURVE('',#7083,#7436,#7438,.T.);
#7436 = VERTEX_POINT('',#7437);
#7437 = CARTESIAN_POINT('',(-2.25,-1.7,0.825));
#7438 = LINE('',#7439,#7440);
#7439 = CARTESIAN_POINT('',(-1.8,-1.7,0.825));
#7440 = VECTOR('',#7441,1.);
#7441 = DIRECTION('',(-1.,1.144237745222E-17,0.));
#7442 = ORIENTED_EDGE('',*,*,#7443,.F.);
#7443 = EDGE_CURVE('',#7427,#7436,#7444,.T.);
#7444 = LINE('',#7445,#7446);
#7445 = CARTESIAN_POINT('',(-2.25,-2.11,0.825));
#7446 = VECTOR('',#7447,1.);
#7447 = DIRECTION('',(1.144237745222E-17,1.,0.));
#7448 = PLANE('',#7449);
#7449 = AXIS2_PLACEMENT_3D('',#7450,#7451,#7452);
#7450 = CARTESIAN_POINT('',(-1.8,-2.11,0.825));
#7451 = DIRECTION('',(0.,0.,1.));
#7452 = DIRECTION('',(-1.,1.144237745222E-17,0.));
#7453 = ADVANCED_FACE('',(#7454),#7479,.F.);
#7454 = FACE_BOUND('',#7455,.F.);
#7455 = EDGE_LOOP('',(#7456,#7464,#7465,#7473));
#7456 = ORIENTED_EDGE('',*,*,#7457,.F.);
#7457 = EDGE_CURVE('',#7083,#7458,#7460,.T.);
#7458 = VERTEX_POINT('',#7459);
#7459 = CARTESIAN_POINT('',(-1.95,-1.7,1.025));
#7460 = LINE('',#7461,#7462);
#7461 = CARTESIAN_POINT('',(-1.95,-1.7,0.786976568901));
#7462 = VECTOR('',#7463,1.);
#7463 = DIRECTION('',(0.,0.,1.));
#7464 = ORIENTED_EDGE('',*,*,#7082,.T.);
#7465 = ORIENTED_EDGE('',*,*,#7466,.T.);
#7466 = EDGE_CURVE('',#7075,#7467,#7469,.T.);
#7467 = VERTEX_POINT('',#7468);
#7468 = CARTESIAN_POINT('',(-1.95,-0.84,1.025));
#7469 = LINE('',#7470,#7471);
#7470 = CARTESIAN_POINT('',(-1.95,-0.84,0.786976568901));
#7471 = VECTOR('',#7472,1.);
#7472 = DIRECTION('',(0.,0.,1.));
#7473 = ORIENTED_EDGE('',*,*,#7474,.F.);
#7474 = EDGE_CURVE('',#7458,#7467,#7475,.T.);
#7475 = LINE('',#7476,#7477);
#7476 = CARTESIAN_POINT('',(-1.95,-2.275,1.025));
#7477 = VECTOR('',#7478,1.);
#7478 = DIRECTION('',(-1.110223024625E-16,1.,0.));
#7479 = PLANE('',#7480);
#7480 = AXIS2_PLACEMENT_3D('',#7481,#7482,#7483);
#7481 = CARTESIAN_POINT('',(-1.95,-2.275,1.025));
#7482 = DIRECTION('',(1.,1.110223024625E-16,0.));
#7483 = DIRECTION('',(-1.110223024625E-16,1.,0.));
#7484 = ADVANCED_FACE('',(#7485),#7510,.F.);
#7485 = FACE_BOUND('',#7486,.F.);
#7486 = EDGE_LOOP('',(#7487,#7495,#7496,#7504));
#7487 = ORIENTED_EDGE('',*,*,#7488,.F.);
#7488 = EDGE_CURVE('',#7075,#7489,#7491,.T.);
#7489 = VERTEX_POINT('',#7490);
#7490 = CARTESIAN_POINT('',(-2.25,-0.84,0.825));
#7491 = LINE('',#7492,#7493);
#7492 = CARTESIAN_POINT('',(-1.8,-0.84,0.825));
#7493 = VECTOR('',#7494,1.);
#7494 = DIRECTION('',(-1.,1.144237745222E-17,0.));
#7495 = ORIENTED_EDGE('',*,*,#7074,.T.);
#7496 = ORIENTED_EDGE('',*,*,#7497,.T.);
#7497 = EDGE_CURVE('',#7067,#7498,#7500,.T.);
#7498 = VERTEX_POINT('',#7499);
#7499 = CARTESIAN_POINT('',(-2.25,-0.43,0.825));
#7500 = LINE('',#7501,#7502);
#7501 = CARTESIAN_POINT('',(-1.8,-0.43,0.825));
#7502 = VECTOR('',#7503,1.);
#7503 = DIRECTION('',(-1.,1.144237745222E-17,0.));
#7504 = ORIENTED_EDGE('',*,*,#7505,.F.);
#7505 = EDGE_CURVE('',#7489,#7498,#7506,.T.);
#7506 = LINE('',#7507,#7508);
#7507 = CARTESIAN_POINT('',(-2.25,-0.84,0.825));
#7508 = VECTOR('',#7509,1.);
#7509 = DIRECTION('',(1.144237745222E-17,1.,0.));
#7510 = PLANE('',#7511);
#7511 = AXIS2_PLACEMENT_3D('',#7512,#7513,#7514);
#7512 = CARTESIAN_POINT('',(-1.8,-0.84,0.825));
#7513 = DIRECTION('',(0.,0.,1.));
#7514 = DIRECTION('',(-1.,1.144237745222E-17,0.));
#7515 = ADVANCED_FACE('',(#7516),#7541,.F.);
#7516 = FACE_BOUND('',#7517,.F.);
#7517 = EDGE_LOOP('',(#7518,#7526,#7527,#7535));
#7518 = ORIENTED_EDGE('',*,*,#7519,.F.);
#7519 = EDGE_CURVE('',#7067,#7520,#7522,.T.);
#7520 = VERTEX_POINT('',#7521);
#7521 = CARTESIAN_POINT('',(-1.95,-0.43,1.025));
#7522 = LINE('',#7523,#7524);
#7523 = CARTESIAN_POINT('',(-1.95,-0.43,0.786976568901));
#7524 = VECTOR('',#7525,1.);
#7525 = DIRECTION('',(0.,0.,1.));
#7526 = ORIENTED_EDGE('',*,*,#7066,.T.);
#7527 = ORIENTED_EDGE('',*,*,#7528,.T.);
#7528 = EDGE_CURVE('',#7059,#7529,#7531,.T.);
#7529 = VERTEX_POINT('',#7530);
#7530 = CARTESIAN_POINT('',(-1.95,0.43,1.025));
#7531 = LINE('',#7532,#7533);
#7532 = CARTESIAN_POINT('',(-1.95,0.43,0.786976568901));
#7533 = VECTOR('',#7534,1.);
#7534 = DIRECTION('',(0.,0.,1.));
#7535 = ORIENTED_EDGE('',*,*,#7536,.F.);
#7536 = EDGE_CURVE('',#7520,#7529,#7537,.T.);
#7537 = LINE('',#7538,#7539);
#7538 = CARTESIAN_POINT('',(-1.95,-2.275,1.025));
#7539 = VECTOR('',#7540,1.);
#7540 = DIRECTION('',(-1.110223024625E-16,1.,0.));
#7541 = PLANE('',#7542);
#7542 = AXIS2_PLACEMENT_3D('',#7543,#7544,#7545);
#7543 = CARTESIAN_POINT('',(-1.95,-2.275,1.025));
#7544 = DIRECTION('',(1.,1.110223024625E-16,0.));
#7545 = DIRECTION('',(-1.110223024625E-16,1.,0.));
#7546 = ADVANCED_FACE('',(#7547),#7572,.F.);
#7547 = FACE_BOUND('',#7548,.F.);
#7548 = EDGE_LOOP('',(#7549,#7557,#7558,#7566));
#7549 = ORIENTED_EDGE('',*,*,#7550,.F.);
#7550 = EDGE_CURVE('',#7059,#7551,#7553,.T.);
#7551 = VERTEX_POINT('',#7552);
#7552 = CARTESIAN_POINT('',(-2.25,0.43,0.825));
#7553 = LINE('',#7554,#7555);
#7554 = CARTESIAN_POINT('',(-1.8,0.43,0.825));
#7555 = VECTOR('',#7556,1.);
#7556 = DIRECTION('',(-1.,1.144237745222E-17,0.));
#7557 = ORIENTED_EDGE('',*,*,#7058,.T.);
#7558 = ORIENTED_EDGE('',*,*,#7559,.T.);
#7559 = EDGE_CURVE('',#7051,#7560,#7562,.T.);
#7560 = VERTEX_POINT('',#7561);
#7561 = CARTESIAN_POINT('',(-2.25,0.84,0.825));
#7562 = LINE('',#7563,#7564);
#7563 = CARTESIAN_POINT('',(-1.8,0.84,0.825));
#7564 = VECTOR('',#7565,1.);
#7565 = DIRECTION('',(-1.,1.144237745222E-17,0.));
#7566 = ORIENTED_EDGE('',*,*,#7567,.F.);
#7567 = EDGE_CURVE('',#7551,#7560,#7568,.T.);
#7568 = LINE('',#7569,#7570);
#7569 = CARTESIAN_POINT('',(-2.25,0.43,0.825));
#7570 = VECTOR('',#7571,1.);
#7571 = DIRECTION('',(1.144237745222E-17,1.,0.));
#7572 = PLANE('',#7573);
#7573 = AXIS2_PLACEMENT_3D('',#7574,#7575,#7576);
#7574 = CARTESIAN_POINT('',(-1.8,0.43,0.825));
#7575 = DIRECTION('',(0.,0.,1.));
#7576 = DIRECTION('',(-1.,1.144237745222E-17,0.));
#7577 = ADVANCED_FACE('',(#7578),#7603,.F.);
#7578 = FACE_BOUND('',#7579,.F.);
#7579 = EDGE_LOOP('',(#7580,#7588,#7589,#7597));
#7580 = ORIENTED_EDGE('',*,*,#7581,.F.);
#7581 = EDGE_CURVE('',#7051,#7582,#7584,.T.);
#7582 = VERTEX_POINT('',#7583);
#7583 = CARTESIAN_POINT('',(-1.95,0.84,1.025));
#7584 = LINE('',#7585,#7586);
#7585 = CARTESIAN_POINT('',(-1.95,0.84,0.786976568901));
#7586 = VECTOR('',#7587,1.);
#7587 = DIRECTION('',(0.,0.,1.));
#7588 = ORIENTED_EDGE('',*,*,#7050,.T.);
#7589 = ORIENTED_EDGE('',*,*,#7590,.T.);
#7590 = EDGE_CURVE('',#7043,#7591,#7593,.T.);
#7591 = VERTEX_POINT('',#7592);
#7592 = CARTESIAN_POINT('',(-1.95,1.7,1.025));
#7593 = LINE('',#7594,#7595);
#7594 = CARTESIAN_POINT('',(-1.95,1.7,0.786976568901));
#7595 = VECTOR('',#7596,1.);
#7596 = DIRECTION('',(0.,0.,1.));
#7597 = ORIENTED_EDGE('',*,*,#7598,.F.);
#7598 = EDGE_CURVE('',#7582,#7591,#7599,.T.);
#7599 = LINE('',#7600,#7601);
#7600 = CARTESIAN_POINT('',(-1.95,-2.275,1.025));
#7601 = VECTOR('',#7602,1.);
#7602 = DIRECTION('',(-1.110223024625E-16,1.,0.));
#7603 = PLANE('',#7604);
#7604 = AXIS2_PLACEMENT_3D('',#7605,#7606,#7607);
#7605 = CARTESIAN_POINT('',(-1.95,-2.275,1.025));
#7606 = DIRECTION('',(1.,1.110223024625E-16,0.));
#7607 = DIRECTION('',(-1.110223024625E-16,1.,0.));
#7608 = ADVANCED_FACE('',(#7609),#7634,.F.);
#7609 = FACE_BOUND('',#7610,.F.);
#7610 = EDGE_LOOP('',(#7611,#7619,#7620,#7628));
#7611 = ORIENTED_EDGE('',*,*,#7612,.F.);
#7612 = EDGE_CURVE('',#7043,#7613,#7615,.T.);
#7613 = VERTEX_POINT('',#7614);
#7614 = CARTESIAN_POINT('',(-2.25,1.7,0.825));
#7615 = LINE('',#7616,#7617);
#7616 = CARTESIAN_POINT('',(-1.8,1.7,0.825));
#7617 = VECTOR('',#7618,1.);
#7618 = DIRECTION('',(-1.,1.144237745222E-17,0.));
#7619 = ORIENTED_EDGE('',*,*,#7042,.T.);
#7620 = ORIENTED_EDGE('',*,*,#7621,.T.);
#7621 = EDGE_CURVE('',#7035,#7622,#7624,.T.);
#7622 = VERTEX_POINT('',#7623);
#7623 = CARTESIAN_POINT('',(-2.25,2.11,0.825));
#7624 = LINE('',#7625,#7626);
#7625 = CARTESIAN_POINT('',(-1.8,2.11,0.825));
#7626 = VECTOR('',#7627,1.);
#7627 = DIRECTION('',(-1.,1.144237745222E-17,0.));
#7628 = ORIENTED_EDGE('',*,*,#7629,.F.);
#7629 = EDGE_CURVE('',#7613,#7622,#7630,.T.);
#7630 = LINE('',#7631,#7632);
#7631 = CARTESIAN_POINT('',(-2.25,1.7,0.825));
#7632 = VECTOR('',#7633,1.);
#7633 = DIRECTION('',(1.144237745222E-17,1.,0.));
#7634 = PLANE('',#7635);
#7635 = AXIS2_PLACEMENT_3D('',#7636,#7637,#7638);
#7636 = CARTESIAN_POINT('',(-1.8,1.7,0.825));
#7637 = DIRECTION('',(0.,0.,1.));
#7638 = DIRECTION('',(-1.,1.144237745222E-17,0.));
#7639 = ADVANCED_FACE('',(#7640),#7651,.F.);
#7640 = FACE_BOUND('',#7641,.F.);
#7641 = EDGE_LOOP('',(#7642,#7648,#7649,#7650));
#7642 = ORIENTED_EDGE('',*,*,#7643,.F.);
#7643 = EDGE_CURVE('',#7035,#7359,#7644,.T.);
#7644 = LINE('',#7645,#7646);
#7645 = CARTESIAN_POINT('',(-1.95,2.11,0.786976568901));
#7646 = VECTOR('',#7647,1.);
#7647 = DIRECTION('',(0.,0.,1.));
#7648 = ORIENTED_EDGE('',*,*,#7034,.T.);
#7649 = ORIENTED_EDGE('',*,*,#7383,.T.);
#7650 = ORIENTED_EDGE('',*,*,#7366,.F.);
#7651 = PLANE('',#7652);
#7652 = AXIS2_PLACEMENT_3D('',#7653,#7654,#7655);
#7653 = CARTESIAN_POINT('',(-1.95,-2.275,1.025));
#7654 = DIRECTION('',(1.,1.110223024625E-16,0.));
#7655 = DIRECTION('',(-1.110223024625E-16,1.,0.));
#7656 = ADVANCED_FACE('',(#7657),#7668,.F.);
#7657 = FACE_BOUND('',#7658,.F.);
#7658 = EDGE_LOOP('',(#7659,#7660,#7661,#7667));
#7659 = ORIENTED_EDGE('',*,*,#7270,.F.);
#7660 = ORIENTED_EDGE('',*,*,#7191,.T.);
#7661 = ORIENTED_EDGE('',*,*,#7662,.T.);
#7662 = EDGE_CURVE('',#7184,#7303,#7663,.T.);
#7663 = LINE('',#7664,#7665);
#7664 = CARTESIAN_POINT('',(1.95,2.11,0.786976568901));
#7665 = VECTOR('',#7666,1.);
#7666 = DIRECTION('',(0.,0.,1.));
#7667 = ORIENTED_EDGE('',*,*,#7302,.F.);
#7668 = PLANE('',#7669);
#7669 = AXIS2_PLACEMENT_3D('',#7670,#7671,#7672);
#7670 = CARTESIAN_POINT('',(1.95,2.275,1.025));
#7671 = DIRECTION('',(-1.,-1.110223024625E-16,0.));
#7672 = DIRECTION('',(1.110223024625E-16,-1.,0.));
#7673 = ADVANCED_FACE('',(#7674),#7699,.F.);
#7674 = FACE_BOUND('',#7675,.F.);
#7675 = EDGE_LOOP('',(#7676,#7684,#7685,#7693));
#7676 = ORIENTED_EDGE('',*,*,#7677,.F.);
#7677 = EDGE_CURVE('',#7184,#7678,#7680,.T.);
#7678 = VERTEX_POINT('',#7679);
#7679 = CARTESIAN_POINT('',(2.25,2.11,0.825));
#7680 = LINE('',#7681,#7682);
#7681 = CARTESIAN_POINT('',(1.8,2.11,0.825));
#7682 = VECTOR('',#7683,1.);
#7683 = DIRECTION('',(1.,1.110223024625E-16,0.));
#7684 = ORIENTED_EDGE('',*,*,#7183,.T.);
#7685 = ORIENTED_EDGE('',*,*,#7686,.T.);
#7686 = EDGE_CURVE('',#7176,#7687,#7689,.T.);
#7687 = VERTEX_POINT('',#7688);
#7688 = CARTESIAN_POINT('',(2.25,1.7,0.825));
#7689 = LINE('',#7690,#7691);
#7690 = CARTESIAN_POINT('',(1.8,1.7,0.825));
#7691 = VECTOR('',#7692,1.);
#7692 = DIRECTION('',(1.,1.110223024625E-16,0.));
#7693 = ORIENTED_EDGE('',*,*,#7694,.F.);
#7694 = EDGE_CURVE('',#7678,#7687,#7695,.T.);
#7695 = LINE('',#7696,#7697);
#7696 = CARTESIAN_POINT('',(2.25,2.11,0.825));
#7697 = VECTOR('',#7698,1.);
#7698 = DIRECTION('',(1.110223024625E-16,-1.,0.));
#7699 = PLANE('',#7700);
#7700 = AXIS2_PLACEMENT_3D('',#7701,#7702,#7703);
#7701 = CARTESIAN_POINT('',(1.8,2.11,0.825));
#7702 = DIRECTION('',(0.,0.,1.));
#7703 = DIRECTION('',(1.,1.110223024625E-16,-0.));
#7704 = ADVANCED_FACE('',(#7705),#7730,.F.);
#7705 = FACE_BOUND('',#7706,.F.);
#7706 = EDGE_LOOP('',(#7707,#7715,#7716,#7724));
#7707 = ORIENTED_EDGE('',*,*,#7708,.F.);
#7708 = EDGE_CURVE('',#7176,#7709,#7711,.T.);
#7709 = VERTEX_POINT('',#7710);
#7710 = CARTESIAN_POINT('',(1.95,1.7,1.025));
#7711 = LINE('',#7712,#7713);
#7712 = CARTESIAN_POINT('',(1.95,1.7,0.786976568901));
#7713 = VECTOR('',#7714,1.);
#7714 = DIRECTION('',(0.,0.,1.));
#7715 = ORIENTED_EDGE('',*,*,#7175,.T.);
#7716 = ORIENTED_EDGE('',*,*,#7717,.T.);
#7717 = EDGE_CURVE('',#7168,#7718,#7720,.T.);
#7718 = VERTEX_POINT('',#7719);
#7719 = CARTESIAN_POINT('',(1.95,0.84,1.025));
#7720 = LINE('',#7721,#7722);
#7721 = CARTESIAN_POINT('',(1.95,0.84,0.786976568901));
#7722 = VECTOR('',#7723,1.);
#7723 = DIRECTION('',(0.,0.,1.));
#7724 = ORIENTED_EDGE('',*,*,#7725,.F.);
#7725 = EDGE_CURVE('',#7709,#7718,#7726,.T.);
#7726 = LINE('',#7727,#7728);
#7727 = CARTESIAN_POINT('',(1.95,2.275,1.025));
#7728 = VECTOR('',#7729,1.);
#7729 = DIRECTION('',(1.110223024625E-16,-1.,0.));
#7730 = PLANE('',#7731);
#7731 = AXIS2_PLACEMENT_3D('',#7732,#7733,#7734);
#7732 = CARTESIAN_POINT('',(1.95,2.275,1.025));
#7733 = DIRECTION('',(-1.,-1.110223024625E-16,0.));
#7734 = DIRECTION('',(1.110223024625E-16,-1.,0.));
#7735 = ADVANCED_FACE('',(#7736),#7761,.F.);
#7736 = FACE_BOUND('',#7737,.F.);
#7737 = EDGE_LOOP('',(#7738,#7746,#7747,#7755));
#7738 = ORIENTED_EDGE('',*,*,#7739,.F.);
#7739 = EDGE_CURVE('',#7168,#7740,#7742,.T.);
#7740 = VERTEX_POINT('',#7741);
#7741 = CARTESIAN_POINT('',(2.25,0.84,0.825));
#7742 = LINE('',#7743,#7744);
#7743 = CARTESIAN_POINT('',(1.8,0.84,0.825));
#7744 = VECTOR('',#7745,1.);
#7745 = DIRECTION('',(1.,1.110223024625E-16,0.));
#7746 = ORIENTED_EDGE('',*,*,#7167,.T.);
#7747 = ORIENTED_EDGE('',*,*,#7748,.T.);
#7748 = EDGE_CURVE('',#7160,#7749,#7751,.T.);
#7749 = VERTEX_POINT('',#7750);
#7750 = CARTESIAN_POINT('',(2.25,0.43,0.825));
#7751 = LINE('',#7752,#7753);
#7752 = CARTESIAN_POINT('',(1.8,0.43,0.825));
#7753 = VECTOR('',#7754,1.);
#7754 = DIRECTION('',(1.,1.110223024625E-16,0.));
#7755 = ORIENTED_EDGE('',*,*,#7756,.F.);
#7756 = EDGE_CURVE('',#7740,#7749,#7757,.T.);
#7757 = LINE('',#7758,#7759);
#7758 = CARTESIAN_POINT('',(2.25,0.84,0.825));
#7759 = VECTOR('',#7760,1.);
#7760 = DIRECTION('',(1.110223024625E-16,-1.,0.));
#7761 = PLANE('',#7762);
#7762 = AXIS2_PLACEMENT_3D('',#7763,#7764,#7765);
#7763 = CARTESIAN_POINT('',(1.8,0.84,0.825));
#7764 = DIRECTION('',(0.,0.,1.));
#7765 = DIRECTION('',(1.,1.110223024625E-16,-0.));
#7766 = ADVANCED_FACE('',(#7767),#7792,.F.);
#7767 = FACE_BOUND('',#7768,.F.);
#7768 = EDGE_LOOP('',(#7769,#7777,#7778,#7786));
#7769 = ORIENTED_EDGE('',*,*,#7770,.F.);
#7770 = EDGE_CURVE('',#7160,#7771,#7773,.T.);
#7771 = VERTEX_POINT('',#7772);
#7772 = CARTESIAN_POINT('',(1.95,0.43,1.025));
#7773 = LINE('',#7774,#7775);
#7774 = CARTESIAN_POINT('',(1.95,0.43,0.786976568901));
#7775 = VECTOR('',#7776,1.);
#7776 = DIRECTION('',(0.,0.,1.));
#7777 = ORIENTED_EDGE('',*,*,#7159,.T.);
#7778 = ORIENTED_EDGE('',*,*,#7779,.T.);
#7779 = EDGE_CURVE('',#7152,#7780,#7782,.T.);
#7780 = VERTEX_POINT('',#7781);
#7781 = CARTESIAN_POINT('',(1.95,-0.43,1.025));
#7782 = LINE('',#7783,#7784);
#7783 = CARTESIAN_POINT('',(1.95,-0.43,0.786976568901));
#7784 = VECTOR('',#7785,1.);
#7785 = DIRECTION('',(0.,0.,1.));
#7786 = ORIENTED_EDGE('',*,*,#7787,.F.);
#7787 = EDGE_CURVE('',#7771,#7780,#7788,.T.);
#7788 = LINE('',#7789,#7790);
#7789 = CARTESIAN_POINT('',(1.95,2.275,1.025));
#7790 = VECTOR('',#7791,1.);
#7791 = DIRECTION('',(1.110223024625E-16,-1.,0.));
#7792 = PLANE('',#7793);
#7793 = AXIS2_PLACEMENT_3D('',#7794,#7795,#7796);
#7794 = CARTESIAN_POINT('',(1.95,2.275,1.025));
#7795 = DIRECTION('',(-1.,-1.110223024625E-16,0.));
#7796 = DIRECTION('',(1.110223024625E-16,-1.,0.));
#7797 = ADVANCED_FACE('',(#7798),#7823,.F.);
#7798 = FACE_BOUND('',#7799,.F.);
#7799 = EDGE_LOOP('',(#7800,#7808,#7809,#7817));
#7800 = ORIENTED_EDGE('',*,*,#7801,.F.);
#7801 = EDGE_CURVE('',#7152,#7802,#7804,.T.);
#7802 = VERTEX_POINT('',#7803);
#7803 = CARTESIAN_POINT('',(2.25,-0.43,0.825));
#7804 = LINE('',#7805,#7806);
#7805 = CARTESIAN_POINT('',(1.8,-0.43,0.825));
#7806 = VECTOR('',#7807,1.);
#7807 = DIRECTION('',(1.,1.110223024625E-16,0.));
#7808 = ORIENTED_EDGE('',*,*,#7151,.T.);
#7809 = ORIENTED_EDGE('',*,*,#7810,.T.);
#7810 = EDGE_CURVE('',#7144,#7811,#7813,.T.);
#7811 = VERTEX_POINT('',#7812);
#7812 = CARTESIAN_POINT('',(2.25,-0.84,0.825));
#7813 = LINE('',#7814,#7815);
#7814 = CARTESIAN_POINT('',(1.8,-0.84,0.825));
#7815 = VECTOR('',#7816,1.);
#7816 = DIRECTION('',(1.,1.110223024625E-16,0.));
#7817 = ORIENTED_EDGE('',*,*,#7818,.F.);
#7818 = EDGE_CURVE('',#7802,#7811,#7819,.T.);
#7819 = LINE('',#7820,#7821);
#7820 = CARTESIAN_POINT('',(2.25,-0.43,0.825));
#7821 = VECTOR('',#7822,1.);
#7822 = DIRECTION('',(1.110223024625E-16,-1.,0.));
#7823 = PLANE('',#7824);
#7824 = AXIS2_PLACEMENT_3D('',#7825,#7826,#7827);
#7825 = CARTESIAN_POINT('',(1.8,-0.43,0.825));
#7826 = DIRECTION('',(0.,0.,1.));
#7827 = DIRECTION('',(1.,1.110223024625E-16,-0.));
#7828 = ADVANCED_FACE('',(#7829),#7854,.F.);
#7829 = FACE_BOUND('',#7830,.F.);
#7830 = EDGE_LOOP('',(#7831,#7839,#7840,#7848));
#7831 = ORIENTED_EDGE('',*,*,#7832,.F.);
#7832 = EDGE_CURVE('',#7144,#7833,#7835,.T.);
#7833 = VERTEX_POINT('',#7834);
#7834 = CARTESIAN_POINT('',(1.95,-0.84,1.025));
#7835 = LINE('',#7836,#7837);
#7836 = CARTESIAN_POINT('',(1.95,-0.84,0.786976568901));
#7837 = VECTOR('',#7838,1.);
#7838 = DIRECTION('',(0.,0.,1.));
#7839 = ORIENTED_EDGE('',*,*,#7143,.T.);
#7840 = ORIENTED_EDGE('',*,*,#7841,.T.);
#7841 = EDGE_CURVE('',#7136,#7842,#7844,.T.);
#7842 = VERTEX_POINT('',#7843);
#7843 = CARTESIAN_POINT('',(1.95,-1.7,1.025));
#7844 = LINE('',#7845,#7846);
#7845 = CARTESIAN_POINT('',(1.95,-1.7,0.786976568901));
#7846 = VECTOR('',#7847,1.);
#7847 = DIRECTION('',(0.,0.,1.));
#7848 = ORIENTED_EDGE('',*,*,#7849,.F.);
#7849 = EDGE_CURVE('',#7833,#7842,#7850,.T.);
#7850 = LINE('',#7851,#7852);
#7851 = CARTESIAN_POINT('',(1.95,2.275,1.025));
#7852 = VECTOR('',#7853,1.);
#7853 = DIRECTION('',(1.110223024625E-16,-1.,0.));
#7854 = PLANE('',#7855);
#7855 = AXIS2_PLACEMENT_3D('',#7856,#7857,#7858);
#7856 = CARTESIAN_POINT('',(1.95,2.275,1.025));
#7857 = DIRECTION('',(-1.,-1.110223024625E-16,0.));
#7858 = DIRECTION('',(1.110223024625E-16,-1.,0.));
#7859 = ADVANCED_FACE('',(#7860),#7885,.F.);
#7860 = FACE_BOUND('',#7861,.F.);
#7861 = EDGE_LOOP('',(#7862,#7870,#7871,#7879));
#7862 = ORIENTED_EDGE('',*,*,#7863,.F.);
#7863 = EDGE_CURVE('',#7136,#7864,#7866,.T.);
#7864 = VERTEX_POINT('',#7865);
#7865 = CARTESIAN_POINT('',(2.25,-1.7,0.825));
#7866 = LINE('',#7867,#7868);
#7867 = CARTESIAN_POINT('',(1.8,-1.7,0.825));
#7868 = VECTOR('',#7869,1.);
#7869 = DIRECTION('',(1.,1.110223024625E-16,0.));
#7870 = ORIENTED_EDGE('',*,*,#7135,.T.);
#7871 = ORIENTED_EDGE('',*,*,#7872,.T.);
#7872 = EDGE_CURVE('',#7128,#7873,#7875,.T.);
#7873 = VERTEX_POINT('',#7874);
#7874 = CARTESIAN_POINT('',(2.25,-2.11,0.825));
#7875 = LINE('',#7876,#7877);
#7876 = CARTESIAN_POINT('',(1.8,-2.11,0.825));
#7877 = VECTOR('',#7878,1.);
#7878 = DIRECTION('',(1.,1.110223024625E-16,0.));
#7879 = ORIENTED_EDGE('',*,*,#7880,.F.);
#7880 = EDGE_CURVE('',#7864,#7873,#7881,.T.);
#7881 = LINE('',#7882,#7883);
#7882 = CARTESIAN_POINT('',(2.25,-1.7,0.825));
#7883 = VECTOR('',#7884,1.);
#7884 = DIRECTION('',(1.110223024625E-16,-1.,0.));
#7885 = PLANE('',#7886);
#7886 = AXIS2_PLACEMENT_3D('',#7887,#7888,#7889);
#7887 = CARTESIAN_POINT('',(1.8,-1.7,0.825));
#7888 = DIRECTION('',(0.,0.,1.));
#7889 = DIRECTION('',(1.,1.110223024625E-16,-0.));
#7890 = ADVANCED_FACE('',(#7891),#7915,.F.);
#7891 = FACE_BOUND('',#7892,.F.);
#7892 = EDGE_LOOP('',(#7893,#7901,#7902,#7909));
#7893 = ORIENTED_EDGE('',*,*,#7894,.F.);
#7894 = EDGE_CURVE('',#7128,#7895,#7897,.T.);
#7895 = VERTEX_POINT('',#7896);
#7896 = CARTESIAN_POINT('',(1.95,-2.11,1.025));
#7897 = LINE('',#7898,#7899);
#7898 = CARTESIAN_POINT('',(1.95,-2.11,0.786976568901));
#7899 = VECTOR('',#7900,1.);
#7900 = DIRECTION('',(0.,0.,1.));
#7901 = ORIENTED_EDGE('',*,*,#7127,.T.);
#7902 = ORIENTED_EDGE('',*,*,#7903,.T.);
#7903 = EDGE_CURVE('',#7121,#7904,#7906,.T.);
#7904 = VERTEX_POINT('',#7905);
#7905 = CARTESIAN_POINT('',(1.95,-2.275,1.025));
#7906 = B_SPLINE_CURVE_WITH_KNOTS('',1,(#7907,#7908),.UNSPECIFIED.,.F.,
  .F.,(2,2),(0.,1.),.PIECEWISE_BEZIER_KNOTS.);
#7907 = CARTESIAN_POINT('',(1.95,-2.275,0.825));
#7908 = CARTESIAN_POINT('',(1.95,-2.275,1.025));
#7909 = ORIENTED_EDGE('',*,*,#7910,.F.);
#7910 = EDGE_CURVE('',#7895,#7904,#7911,.T.);
#7911 = LINE('',#7912,#7913);
#7912 = CARTESIAN_POINT('',(1.95,2.275,1.025));
#7913 = VECTOR('',#7914,1.);
#7914 = DIRECTION('',(1.110223024625E-16,-1.,0.));
#7915 = PLANE('',#7916);
#7916 = AXIS2_PLACEMENT_3D('',#7917,#7918,#7919);
#7917 = CARTESIAN_POINT('',(1.95,2.275,1.025));
#7918 = DIRECTION('',(-1.,-1.110223024625E-16,0.));
#7919 = DIRECTION('',(1.110223024625E-16,-1.,0.));
#7920 = ADVANCED_FACE('',(#7921),#7938,.F.);
#7921 = FACE_BOUND('',#7922,.F.);
#7922 = EDGE_LOOP('',(#7923,#7924,#7925,#7933));
#7923 = ORIENTED_EDGE('',*,*,#7208,.T.);
#7924 = ORIENTED_EDGE('',*,*,#7396,.T.);
#7925 = ORIENTED_EDGE('',*,*,#7926,.F.);
#7926 = EDGE_CURVE('',#7927,#7397,#7929,.T.);
#7927 = VERTEX_POINT('',#7928);
#7928 = CARTESIAN_POINT('',(-1.775,-2.45,1.025));
#7929 = LINE('',#7930,#7931);
#7930 = CARTESIAN_POINT('',(-1.775,-2.45,1.025));
#7931 = VECTOR('',#7932,1.);
#7932 = DIRECTION('',(-0.707106781187,0.707106781187,0.));
#7933 = ORIENTED_EDGE('',*,*,#7934,.F.);
#7934 = EDGE_CURVE('',#7209,#7927,#7935,.T.);
#7935 = B_SPLINE_CURVE_WITH_KNOTS('',1,(#7936,#7937),.UNSPECIFIED.,.F.,
  .F.,(2,2),(0.,1.),.PIECEWISE_BEZIER_KNOTS.);
#7936 = CARTESIAN_POINT('',(-1.775,-2.45,0.825));
#7937 = CARTESIAN_POINT('',(-1.775,-2.45,1.025));
#7938 = PLANE('',#7939);
#7939 = AXIS2_PLACEMENT_3D('',#7940,#7941,#7942);
#7940 = CARTESIAN_POINT('',(-1.775,-2.45,1.025));
#7941 = DIRECTION('',(0.707106781187,0.707106781187,0.));
#7942 = DIRECTION('',(-0.707106781187,0.707106781187,0.));
#7943 = ADVANCED_FACE('',(#7944),#7961,.F.);
#7944 = FACE_BOUND('',#7945,.F.);
#7945 = EDGE_LOOP('',(#7946,#7947,#7954,#7960));
#7946 = ORIENTED_EDGE('',*,*,#7237,.T.);
#7947 = ORIENTED_EDGE('',*,*,#7948,.T.);
#7948 = EDGE_CURVE('',#7231,#7949,#7951,.T.);
#7949 = VERTEX_POINT('',#7950);
#7950 = CARTESIAN_POINT('',(1.775,-2.45,1.025));
#7951 = B_SPLINE_CURVE_WITH_KNOTS('',1,(#7952,#7953),.UNSPECIFIED.,.F.,
  .F.,(2,2),(0.,1.),.PIECEWISE_BEZIER_KNOTS.);
#7952 = CARTESIAN_POINT('',(1.775,-2.45,0.825));
#7953 = CARTESIAN_POINT('',(1.775,-2.45,1.025));
#7954 = ORIENTED_EDGE('',*,*,#7955,.F.);
#7955 = EDGE_CURVE('',#7904,#7949,#7956,.T.);
#7956 = LINE('',#7957,#7958);
#7957 = CARTESIAN_POINT('',(1.95,-2.275,1.025));
#7958 = VECTOR('',#7959,1.);
#7959 = DIRECTION('',(-0.707106781187,-0.707106781187,0.));
#7960 = ORIENTED_EDGE('',*,*,#7903,.F.);
#7961 = PLANE('',#7962);
#7962 = AXIS2_PLACEMENT_3D('',#7963,#7964,#7965);
#7963 = CARTESIAN_POINT('',(1.95,-2.275,1.025));
#7964 = DIRECTION('',(-0.707106781187,0.707106781187,0.));
#7965 = DIRECTION('',(-0.707106781187,-0.707106781187,0.));
#7966 = ADVANCED_FACE('',(#7967),#7978,.F.);
#7967 = FACE_BOUND('',#7968,.F.);
#7968 = EDGE_LOOP('',(#7969,#7970,#7971,#7977));
#7969 = ORIENTED_EDGE('',*,*,#7254,.T.);
#7970 = ORIENTED_EDGE('',*,*,#7934,.T.);
#7971 = ORIENTED_EDGE('',*,*,#7972,.F.);
#7972 = EDGE_CURVE('',#7949,#7927,#7973,.T.);
#7973 = LINE('',#7974,#7975);
#7974 = CARTESIAN_POINT('',(1.775,-2.45,1.025));
#7975 = VECTOR('',#7976,1.);
#7976 = DIRECTION('',(-1.,-1.110223024625E-16,0.));
#7977 = ORIENTED_EDGE('',*,*,#7948,.F.);
#7978 = PLANE('',#7979);
#7979 = AXIS2_PLACEMENT_3D('',#7980,#7981,#7982);
#7980 = CARTESIAN_POINT('',(1.775,-2.45,1.025));
#7981 = DIRECTION('',(-1.110223024625E-16,1.,0.));
#7982 = DIRECTION('',(-1.,-1.110223024625E-16,0.));
#7983 = ADVANCED_FACE('',(#7984),#8023,.F.);
#7984 = FACE_BOUND('',#7985,.F.);
#7985 = EDGE_LOOP('',(#7986,#7994,#8002,#8008,#8009,#8017));
#7986 = ORIENTED_EDGE('',*,*,#7987,.F.);
#7987 = EDGE_CURVE('',#7988,#7591,#7990,.T.);
#7988 = VERTEX_POINT('',#7989);
#7989 = CARTESIAN_POINT('',(-2.25,1.7,1.025));
#7990 = LINE('',#7991,#7992);
#7991 = CARTESIAN_POINT('',(-2.25,1.7,1.025));
#7992 = VECTOR('',#7993,1.);
#7993 = DIRECTION('',(1.,-1.144237745222E-17,0.));
#7994 = ORIENTED_EDGE('',*,*,#7995,.T.);
#7995 = EDGE_CURVE('',#7988,#7996,#7998,.T.);
#7996 = VERTEX_POINT('',#7997);
#7997 = CARTESIAN_POINT('',(-2.25,2.11,1.025));
#7998 = LINE('',#7999,#8000);
#7999 = CARTESIAN_POINT('',(-2.25,1.7,1.025));
#8000 = VECTOR('',#8001,1.);
#8001 = DIRECTION('',(1.144237745222E-17,1.,0.));
#8002 = ORIENTED_EDGE('',*,*,#8003,.T.);
#8003 = EDGE_CURVE('',#7996,#7359,#8004,.T.);
#8004 = LINE('',#8005,#8006);
#8005 = CARTESIAN_POINT('',(-2.25,2.11,1.025));
#8006 = VECTOR('',#8007,1.);
#8007 = DIRECTION('',(1.,-1.144237745222E-17,0.));
#8008 = ORIENTED_EDGE('',*,*,#7358,.T.);
#8009 = ORIENTED_EDGE('',*,*,#8010,.F.);
#8010 = EDGE_CURVE('',#8011,#7351,#8013,.T.);
#8011 = VERTEX_POINT('',#8012);
#8012 = CARTESIAN_POINT('',(-1.875,1.7,1.025));
#8013 = LINE('',#8014,#8015);
#8014 = CARTESIAN_POINT('',(-1.875,-2.2375,1.025));
#8015 = VECTOR('',#8016,1.);
#8016 = DIRECTION('',(-1.110223024625E-16,1.,0.));
#8017 = ORIENTED_EDGE('',*,*,#8018,.F.);
#8018 = EDGE_CURVE('',#7591,#8011,#8019,.T.);
#8019 = LINE('',#8020,#8021);
#8020 = CARTESIAN_POINT('',(-2.25,1.7,1.025));
#8021 = VECTOR('',#8022,1.);
#8022 = DIRECTION('',(1.,-1.144237745222E-17,0.));
#8023 = PLANE('',#8024);
#8024 = AXIS2_PLACEMENT_3D('',#8025,#8026,#8027);
#8025 = CARTESIAN_POINT('',(-2.25,1.7,1.025));
#8026 = DIRECTION('',(0.,0.,-1.));
#8027 = DIRECTION('',(1.,-1.144237745222E-17,0.));
#8028 = ADVANCED_FACE('',(#8029),#8109,.F.);
#8029 = FACE_BOUND('',#8030,.F.);
#8030 = EDGE_LOOP('',(#8031,#8041,#8049,#8057,#8065,#8073,#8081,#8087,
    #8088,#8089,#8096,#8104));
#8031 = ORIENTED_EDGE('',*,*,#8032,.T.);
#8032 = EDGE_CURVE('',#8033,#8035,#8037,.T.);
#8033 = VERTEX_POINT('',#8034);
#8034 = CARTESIAN_POINT('',(-1.875,-2.2375,1.025));
#8035 = VERTEX_POINT('',#8036);
#8036 = CARTESIAN_POINT('',(-1.875,-2.11,1.025));
#8037 = LINE('',#8038,#8039);
#8038 = CARTESIAN_POINT('',(-1.875,-2.2375,1.025));
#8039 = VECTOR('',#8040,1.);
#8040 = DIRECTION('',(-1.110223024625E-16,1.,0.));
#8041 = ORIENTED_EDGE('',*,*,#8042,.T.);
#8042 = EDGE_CURVE('',#8035,#8043,#8045,.T.);
#8043 = VERTEX_POINT('',#8044);
#8044 = CARTESIAN_POINT('',(-1.875,-1.7,1.025));
#8045 = LINE('',#8046,#8047);
#8046 = CARTESIAN_POINT('',(-1.875,-2.2375,1.025));
#8047 = VECTOR('',#8048,1.);
#8048 = DIRECTION('',(-1.110223024625E-16,1.,0.));
#8049 = ORIENTED_EDGE('',*,*,#8050,.T.);
#8050 = EDGE_CURVE('',#8043,#8051,#8053,.T.);
#8051 = VERTEX_POINT('',#8052);
#8052 = CARTESIAN_POINT('',(-1.875,-0.84,1.025));
#8053 = LINE('',#8054,#8055);
#8054 = CARTESIAN_POINT('',(-1.875,-2.2375,1.025));
#8055 = VECTOR('',#8056,1.);
#8056 = DIRECTION('',(-1.110223024625E-16,1.,0.));
#8057 = ORIENTED_EDGE('',*,*,#8058,.T.);
#8058 = EDGE_CURVE('',#8051,#8059,#8061,.T.);
#8059 = VERTEX_POINT('',#8060);
#8060 = CARTESIAN_POINT('',(-1.875,-0.43,1.025));
#8061 = LINE('',#8062,#8063);
#8062 = CARTESIAN_POINT('',(-1.875,-2.2375,1.025));
#8063 = VECTOR('',#8064,1.);
#8064 = DIRECTION('',(-1.110223024625E-16,1.,0.));
#8065 = ORIENTED_EDGE('',*,*,#8066,.T.);
#8066 = EDGE_CURVE('',#8059,#8067,#8069,.T.);
#8067 = VERTEX_POINT('',#8068);
#8068 = CARTESIAN_POINT('',(-1.875,0.43,1.025));
#8069 = LINE('',#8070,#8071);
#8070 = CARTESIAN_POINT('',(-1.875,-2.2375,1.025));
#8071 = VECTOR('',#8072,1.);
#8072 = DIRECTION('',(-1.110223024625E-16,1.,0.));
#8073 = ORIENTED_EDGE('',*,*,#8074,.T.);
#8074 = EDGE_CURVE('',#8067,#8075,#8077,.T.);
#8075 = VERTEX_POINT('',#8076);
#8076 = CARTESIAN_POINT('',(-1.875,0.84,1.025));
#8077 = LINE('',#8078,#8079);
#8078 = CARTESIAN_POINT('',(-1.875,-2.2375,1.025));
#8079 = VECTOR('',#8080,1.);
#8080 = DIRECTION('',(-1.110223024625E-16,1.,0.));
#8081 = ORIENTED_EDGE('',*,*,#8082,.T.);
#8082 = EDGE_CURVE('',#8075,#8011,#8083,.T.);
#8083 = LINE('',#8084,#8085);
#8084 = CARTESIAN_POINT('',(-1.875,-2.2375,1.025));
#8085 = VECTOR('',#8086,1.);
#8086 = DIRECTION('',(-1.110223024625E-16,1.,0.));
#8087 = ORIENTED_EDGE('',*,*,#8010,.T.);
#8088 = ORIENTED_EDGE('',*,*,#7350,.T.);
#8089 = ORIENTED_EDGE('',*,*,#8090,.T.);
#8090 = EDGE_CURVE('',#7343,#8091,#8093,.T.);
#8091 = VERTEX_POINT('',#8092);
#8092 = CARTESIAN_POINT('',(-1.760171280765,2.180085640382,1.75));
#8093 = B_SPLINE_CURVE_WITH_KNOTS('',1,(#8094,#8095),.UNSPECIFIED.,.F.,
  .F.,(2,2),(0.,1.),.PIECEWISE_BEZIER_KNOTS.);
#8094 = CARTESIAN_POINT('',(-1.875,2.2375,1.025));
#8095 = CARTESIAN_POINT('',(-1.760171280765,2.180085640382,1.75));
#8096 = ORIENTED_EDGE('',*,*,#8097,.F.);
#8097 = EDGE_CURVE('',#8098,#8091,#8100,.T.);
#8098 = VERTEX_POINT('',#8099);
#8099 = CARTESIAN_POINT('',(-1.760171280765,-2.180085640382,1.75));
#8100 = LINE('',#8101,#8102);
#8101 = CARTESIAN_POINT('',(-1.760171280765,-2.180085640382,1.75));
#8102 = VECTOR('',#8103,1.);
#8103 = DIRECTION('',(-1.110223024625E-16,1.,0.));
#8104 = ORIENTED_EDGE('',*,*,#8105,.F.);
#8105 = EDGE_CURVE('',#8033,#8098,#8106,.T.);
#8106 = B_SPLINE_CURVE_WITH_KNOTS('',1,(#8107,#8108),.UNSPECIFIED.,.F.,
  .F.,(2,2),(0.,1.),.PIECEWISE_BEZIER_KNOTS.);
#8107 = CARTESIAN_POINT('',(-1.875,-2.2375,1.025));
#8108 = CARTESIAN_POINT('',(-1.760171280765,-2.180085640382,1.75));
#8109 = B_SPLINE_SURFACE_WITH_KNOTS('',1,1,(
    (#8110,#8111)
    ,(#8112,#8113
    )),.UNSPECIFIED.,.F.,.F.,.F.,(2,2),(2,2),(0.,4.475),(0.,1.),
  .PIECEWISE_BEZIER_KNOTS.);
#8110 = CARTESIAN_POINT('',(-1.875,-2.2375,1.025));
#8111 = CARTESIAN_POINT('',(-1.760171280765,-2.180085640382,1.75));
#8112 = CARTESIAN_POINT('',(-1.875,2.2375,1.025));
#8113 = CARTESIAN_POINT('',(-1.760171280765,2.180085640382,1.75));
#8114 = ADVANCED_FACE('',(#8115),#8132,.F.);
#8115 = FACE_BOUND('',#8116,.F.);
#8116 = EDGE_LOOP('',(#8117,#8118,#8125,#8131));
#8117 = ORIENTED_EDGE('',*,*,#7342,.T.);
#8118 = ORIENTED_EDGE('',*,*,#8119,.T.);
#8119 = EDGE_CURVE('',#7335,#8120,#8122,.T.);
#8120 = VERTEX_POINT('',#8121);
#8121 = CARTESIAN_POINT('',(-1.680085640382,2.260171280765,1.75));
#8122 = B_SPLINE_CURVE_WITH_KNOTS('',1,(#8123,#8124),.UNSPECIFIED.,.F.,
  .F.,(2,2),(0.,1.),.PIECEWISE_BEZIER_KNOTS.);
#8123 = CARTESIAN_POINT('',(-1.7375,2.375,1.025));
#8124 = CARTESIAN_POINT('',(-1.680085640382,2.260171280765,1.75));
#8125 = ORIENTED_EDGE('',*,*,#8126,.F.);
#8126 = EDGE_CURVE('',#8091,#8120,#8127,.T.);
#8127 = LINE('',#8128,#8129);
#8128 = CARTESIAN_POINT('',(-1.760171280765,2.180085640382,1.75));
#8129 = VECTOR('',#8130,1.);
#8130 = DIRECTION('',(0.707106781187,0.707106781187,0.));
#8131 = ORIENTED_EDGE('',*,*,#8090,.F.);
#8132 = B_SPLINE_SURFACE_WITH_KNOTS('',1,1,(
    (#8133,#8134)
    ,(#8135,#8136
    )),.UNSPECIFIED.,.F.,.F.,.F.,(2,2),(2,2),(0.,0.194454364826),(0.,1.)
  ,.PIECEWISE_BEZIER_KNOTS.);
#8133 = CARTESIAN_POINT('',(-1.875,2.2375,1.025));
#8134 = CARTESIAN_POINT('',(-1.760171280765,2.180085640382,1.75));
#8135 = CARTESIAN_POINT('',(-1.7375,2.375,1.025));
#8136 = CARTESIAN_POINT('',(-1.680085640382,2.260171280765,1.75));
#8137 = ADVANCED_FACE('',(#8138),#8155,.F.);
#8138 = FACE_BOUND('',#8139,.F.);
#8139 = EDGE_LOOP('',(#8140,#8141,#8148,#8154));
#8140 = ORIENTED_EDGE('',*,*,#7334,.T.);
#8141 = ORIENTED_EDGE('',*,*,#8142,.T.);
#8142 = EDGE_CURVE('',#7327,#8143,#8145,.T.);
#8143 = VERTEX_POINT('',#8144);
#8144 = CARTESIAN_POINT('',(1.680085640382,2.260171280765,1.75));
#8145 = B_SPLINE_CURVE_WITH_KNOTS('',1,(#8146,#8147),.UNSPECIFIED.,.F.,
  .F.,(2,2),(0.,1.),.PIECEWISE_BEZIER_KNOTS.);
#8146 = CARTESIAN_POINT('',(1.7375,2.375,1.025));
#8147 = CARTESIAN_POINT('',(1.680085640382,2.260171280765,1.75));
#8148 = ORIENTED_EDGE('',*,*,#8149,.F.);
#8149 = EDGE_CURVE('',#8120,#8143,#8150,.T.);
#8150 = LINE('',#8151,#8152);
#8151 = CARTESIAN_POINT('',(-1.680085640382,2.260171280765,1.75));
#8152 = VECTOR('',#8153,1.);
#8153 = DIRECTION('',(1.,1.110223024625E-16,0.));
#8154 = ORIENTED_EDGE('',*,*,#8119,.F.);
#8155 = B_SPLINE_SURFACE_WITH_KNOTS('',1,1,(
    (#8156,#8157)
    ,(#8158,#8159
    )),.UNSPECIFIED.,.F.,.F.,.F.,(2,2),(2,2),(0.,3.475),(0.,1.),
  .PIECEWISE_BEZIER_KNOTS.);
#8156 = CARTESIAN_POINT('',(-1.7375,2.375,1.025));
#8157 = CARTESIAN_POINT('',(-1.680085640382,2.260171280765,1.75));
#8158 = CARTESIAN_POINT('',(1.7375,2.375,1.025));
#8159 = CARTESIAN_POINT('',(1.680085640382,2.260171280765,1.75));
#8160 = ADVANCED_FACE('',(#8161),#8178,.F.);
#8161 = FACE_BOUND('',#8162,.F.);
#8162 = EDGE_LOOP('',(#8163,#8164,#8171,#8177));
#8163 = ORIENTED_EDGE('',*,*,#7326,.T.);
#8164 = ORIENTED_EDGE('',*,*,#8165,.T.);
#8165 = EDGE_CURVE('',#7319,#8166,#8168,.T.);
#8166 = VERTEX_POINT('',#8167);
#8167 = CARTESIAN_POINT('',(1.760171280765,2.180085640382,1.75));
#8168 = B_SPLINE_CURVE_WITH_KNOTS('',1,(#8169,#8170),.UNSPECIFIED.,.F.,
  .F.,(2,2),(0.,1.),.PIECEWISE_BEZIER_KNOTS.);
#8169 = CARTESIAN_POINT('',(1.875,2.2375,1.025));
#8170 = CARTESIAN_POINT('',(1.760171280765,2.180085640382,1.75));
#8171 = ORIENTED_EDGE('',*,*,#8172,.F.);
#8172 = EDGE_CURVE('',#8143,#8166,#8173,.T.);
#8173 = LINE('',#8174,#8175);
#8174 = CARTESIAN_POINT('',(1.680085640382,2.260171280765,1.75));
#8175 = VECTOR('',#8176,1.);
#8176 = DIRECTION('',(0.707106781187,-0.707106781187,0.));
#8177 = ORIENTED_EDGE('',*,*,#8142,.F.);
#8178 = B_SPLINE_SURFACE_WITH_KNOTS('',1,1,(
    (#8179,#8180)
    ,(#8181,#8182
    )),.UNSPECIFIED.,.F.,.F.,.F.,(2,2),(2,2),(0.,0.194454364826),(0.,1.)
  ,.PIECEWISE_BEZIER_KNOTS.);
#8179 = CARTESIAN_POINT('',(1.7375,2.375,1.025));
#8180 = CARTESIAN_POINT('',(1.680085640382,2.260171280765,1.75));
#8181 = CARTESIAN_POINT('',(1.875,2.2375,1.025));
#8182 = CARTESIAN_POINT('',(1.760171280765,2.180085640382,1.75));
#8183 = ADVANCED_FACE('',(#8184),#8265,.F.);
#8184 = FACE_BOUND('',#8185,.F.);
#8185 = EDGE_LOOP('',(#8186,#8187,#8195,#8203,#8211,#8219,#8227,#8235,
    #8243,#8251,#8258,#8264));
#8186 = ORIENTED_EDGE('',*,*,#7318,.T.);
#8187 = ORIENTED_EDGE('',*,*,#8188,.T.);
#8188 = EDGE_CURVE('',#7311,#8189,#8191,.T.);
#8189 = VERTEX_POINT('',#8190);
#8190 = CARTESIAN_POINT('',(1.875,1.7,1.025));
#8191 = LINE('',#8192,#8193);
#8192 = CARTESIAN_POINT('',(1.875,2.2375,1.025));
#8193 = VECTOR('',#8194,1.);
#8194 = DIRECTION('',(1.110223024625E-16,-1.,0.));
#8195 = ORIENTED_EDGE('',*,*,#8196,.T.);
#8196 = EDGE_CURVE('',#8189,#8197,#8199,.T.);
#8197 = VERTEX_POINT('',#8198);
#8198 = CARTESIAN_POINT('',(1.875,0.84,1.025));
#8199 = LINE('',#8200,#8201);
#8200 = CARTESIAN_POINT('',(1.875,2.2375,1.025));
#8201 = VECTOR('',#8202,1.);
#8202 = DIRECTION('',(1.110223024625E-16,-1.,0.));
#8203 = ORIENTED_EDGE('',*,*,#8204,.T.);
#8204 = EDGE_CURVE('',#8197,#8205,#8207,.T.);
#8205 = VERTEX_POINT('',#8206);
#8206 = CARTESIAN_POINT('',(1.875,0.43,1.025));
#8207 = LINE('',#8208,#8209);
#8208 = CARTESIAN_POINT('',(1.875,2.2375,1.025));
#8209 = VECTOR('',#8210,1.);
#8210 = DIRECTION('',(1.110223024625E-16,-1.,0.));
#8211 = ORIENTED_EDGE('',*,*,#8212,.T.);
#8212 = EDGE_CURVE('',#8205,#8213,#8215,.T.);
#8213 = VERTEX_POINT('',#8214);
#8214 = CARTESIAN_POINT('',(1.875,-0.43,1.025));
#8215 = LINE('',#8216,#8217);
#8216 = CARTESIAN_POINT('',(1.875,2.2375,1.025));
#8217 = VECTOR('',#8218,1.);
#8218 = DIRECTION('',(1.110223024625E-16,-1.,0.));
#8219 = ORIENTED_EDGE('',*,*,#8220,.T.);
#8220 = EDGE_CURVE('',#8213,#8221,#8223,.T.);
#8221 = VERTEX_POINT('',#8222);
#8222 = CARTESIAN_POINT('',(1.875,-0.84,1.025));
#8223 = LINE('',#8224,#8225);
#8224 = CARTESIAN_POINT('',(1.875,2.2375,1.025));
#8225 = VECTOR('',#8226,1.);
#8226 = DIRECTION('',(1.110223024625E-16,-1.,0.));
#8227 = ORIENTED_EDGE('',*,*,#8228,.T.);
#8228 = EDGE_CURVE('',#8221,#8229,#8231,.T.);
#8229 = VERTEX_POINT('',#8230);
#8230 = CARTESIAN_POINT('',(1.875,-1.7,1.025));
#8231 = LINE('',#8232,#8233);
#8232 = CARTESIAN_POINT('',(1.875,2.2375,1.025));
#8233 = VECTOR('',#8234,1.);
#8234 = DIRECTION('',(1.110223024625E-16,-1.,0.));
#8235 = ORIENTED_EDGE('',*,*,#8236,.T.);
#8236 = EDGE_CURVE('',#8229,#8237,#8239,.T.);
#8237 = VERTEX_POINT('',#8238);
#8238 = CARTESIAN_POINT('',(1.875,-2.11,1.025));
#8239 = LINE('',#8240,#8241);
#8240 = CARTESIAN_POINT('',(1.875,2.2375,1.025));
#8241 = VECTOR('',#8242,1.);
#8242 = DIRECTION('',(1.110223024625E-16,-1.,0.));
#8243 = ORIENTED_EDGE('',*,*,#8244,.T.);
#8244 = EDGE_CURVE('',#8237,#8245,#8247,.T.);
#8245 = VERTEX_POINT('',#8246);
#8246 = CARTESIAN_POINT('',(1.875,-2.2375,1.025));
#8247 = LINE('',#8248,#8249);
#8248 = CARTESIAN_POINT('',(1.875,2.2375,1.025));
#8249 = VECTOR('',#8250,1.);
#8250 = DIRECTION('',(1.110223024625E-16,-1.,0.));
#8251 = ORIENTED_EDGE('',*,*,#8252,.T.);
#8252 = EDGE_CURVE('',#8245,#8253,#8255,.T.);
#8253 = VERTEX_POINT('',#8254);
#8254 = CARTESIAN_POINT('',(1.760171280765,-2.180085640382,1.75));
#8255 = B_SPLINE_CURVE_WITH_KNOTS('',1,(#8256,#8257),.UNSPECIFIED.,.F.,
  .F.,(2,2),(0.,1.),.PIECEWISE_BEZIER_KNOTS.);
#8256 = CARTESIAN_POINT('',(1.875,-2.2375,1.025));
#8257 = CARTESIAN_POINT('',(1.760171280765,-2.180085640382,1.75));
#8258 = ORIENTED_EDGE('',*,*,#8259,.F.);
#8259 = EDGE_CURVE('',#8166,#8253,#8260,.T.);
#8260 = LINE('',#8261,#8262);
#8261 = CARTESIAN_POINT('',(1.760171280765,2.180085640382,1.75));
#8262 = VECTOR('',#8263,1.);
#8263 = DIRECTION('',(1.110223024625E-16,-1.,0.));
#8264 = ORIENTED_EDGE('',*,*,#8165,.F.);
#8265 = B_SPLINE_SURFACE_WITH_KNOTS('',1,1,(
    (#8266,#8267)
    ,(#8268,#8269
    )),.UNSPECIFIED.,.F.,.F.,.F.,(2,2),(2,2),(0.,4.475),(0.,1.),
  .PIECEWISE_BEZIER_KNOTS.);
#8266 = CARTESIAN_POINT('',(1.875,2.2375,1.025));
#8267 = CARTESIAN_POINT('',(1.760171280765,2.180085640382,1.75));
#8268 = CARTESIAN_POINT('',(1.875,-2.2375,1.025));
#8269 = CARTESIAN_POINT('',(1.760171280765,-2.180085640382,1.75));
#8270 = ADVANCED_FACE('',(#8271),#8303,.F.);
#8271 = FACE_BOUND('',#8272,.F.);
#8272 = EDGE_LOOP('',(#8273,#8281,#8289,#8295,#8301,#8302));
#8273 = ORIENTED_EDGE('',*,*,#8274,.F.);
#8274 = EDGE_CURVE('',#8275,#7303,#8277,.T.);
#8275 = VERTEX_POINT('',#8276);
#8276 = CARTESIAN_POINT('',(2.25,2.11,1.025));
#8277 = LINE('',#8278,#8279);
#8278 = CARTESIAN_POINT('',(2.25,2.11,1.025));
#8279 = VECTOR('',#8280,1.);
#8280 = DIRECTION('',(-1.,-1.110223024625E-16,0.));
#8281 = ORIENTED_EDGE('',*,*,#8282,.T.);
#8282 = EDGE_CURVE('',#8275,#8283,#8285,.T.);
#8283 = VERTEX_POINT('',#8284);
#8284 = CARTESIAN_POINT('',(2.25,1.7,1.025));
#8285 = LINE('',#8286,#8287);
#8286 = CARTESIAN_POINT('',(2.25,2.11,1.025));
#8287 = VECTOR('',#8288,1.);
#8288 = DIRECTION('',(1.110223024625E-16,-1.,0.));
#8289 = ORIENTED_EDGE('',*,*,#8290,.T.);
#8290 = EDGE_CURVE('',#8283,#7709,#8291,.T.);
#8291 = LINE('',#8292,#8293);
#8292 = CARTESIAN_POINT('',(2.25,1.7,1.025));
#8293 = VECTOR('',#8294,1.);
#8294 = DIRECTION('',(-1.,-1.110223024625E-16,0.));
#8295 = ORIENTED_EDGE('',*,*,#8296,.T.);
#8296 = EDGE_CURVE('',#7709,#8189,#8297,.T.);
#8297 = LINE('',#8298,#8299);
#8298 = CARTESIAN_POINT('',(2.25,1.7,1.025));
#8299 = VECTOR('',#8300,1.);
#8300 = DIRECTION('',(-1.,-1.110223024625E-16,0.));
#8301 = ORIENTED_EDGE('',*,*,#8188,.F.);
#8302 = ORIENTED_EDGE('',*,*,#7310,.F.);
#8303 = PLANE('',#8304);
#8304 = AXIS2_PLACEMENT_3D('',#8305,#8306,#8307);
#8305 = CARTESIAN_POINT('',(2.25,2.11,1.025));
#8306 = DIRECTION('',(0.,0.,-1.));
#8307 = DIRECTION('',(-1.,-1.110223024625E-16,-0.));
#8308 = ADVANCED_FACE('',(#8309),#8352,.F.);
#8309 = FACE_BOUND('',#8310,.F.);
#8310 = EDGE_LOOP('',(#8311,#8312,#8318,#8319,#8327,#8335,#8341,#8342,
    #8348,#8349,#8350,#8351));
#8311 = ORIENTED_EDGE('',*,*,#7412,.T.);
#8312 = ORIENTED_EDGE('',*,*,#8313,.T.);
#8313 = EDGE_CURVE('',#7405,#8035,#8314,.T.);
#8314 = LINE('',#8315,#8316);
#8315 = CARTESIAN_POINT('',(-2.25,-2.11,1.025));
#8316 = VECTOR('',#8317,1.);
#8317 = DIRECTION('',(1.,-1.144237745222E-17,0.));
#8318 = ORIENTED_EDGE('',*,*,#8032,.F.);
#8319 = ORIENTED_EDGE('',*,*,#8320,.F.);
#8320 = EDGE_CURVE('',#8321,#8033,#8323,.T.);
#8321 = VERTEX_POINT('',#8322);
#8322 = CARTESIAN_POINT('',(-1.7375,-2.375,1.025));
#8323 = LINE('',#8324,#8325);
#8324 = CARTESIAN_POINT('',(-1.7375,-2.375,1.025));
#8325 = VECTOR('',#8326,1.);
#8326 = DIRECTION('',(-0.707106781187,0.707106781187,0.));
#8327 = ORIENTED_EDGE('',*,*,#8328,.F.);
#8328 = EDGE_CURVE('',#8329,#8321,#8331,.T.);
#8329 = VERTEX_POINT('',#8330);
#8330 = CARTESIAN_POINT('',(1.7375,-2.375,1.025));
#8331 = LINE('',#8332,#8333);
#8332 = CARTESIAN_POINT('',(1.7375,-2.375,1.025));
#8333 = VECTOR('',#8334,1.);
#8334 = DIRECTION('',(-1.,-1.110223024625E-16,0.));
#8335 = ORIENTED_EDGE('',*,*,#8336,.F.);
#8336 = EDGE_CURVE('',#8245,#8329,#8337,.T.);
#8337 = LINE('',#8338,#8339);
#8338 = CARTESIAN_POINT('',(1.875,-2.2375,1.025));
#8339 = VECTOR('',#8340,1.);
#8340 = DIRECTION('',(-0.707106781187,-0.707106781187,0.));
#8341 = ORIENTED_EDGE('',*,*,#8244,.F.);
#8342 = ORIENTED_EDGE('',*,*,#8343,.F.);
#8343 = EDGE_CURVE('',#7895,#8237,#8344,.T.);
#8344 = LINE('',#8345,#8346);
#8345 = CARTESIAN_POINT('',(2.25,-2.11,1.025));
#8346 = VECTOR('',#8347,1.);
#8347 = DIRECTION('',(-1.,-1.110223024625E-16,0.));
#8348 = ORIENTED_EDGE('',*,*,#7910,.T.);
#8349 = ORIENTED_EDGE('',*,*,#7955,.T.);
#8350 = ORIENTED_EDGE('',*,*,#7972,.T.);
#8351 = ORIENTED_EDGE('',*,*,#7926,.T.);
#8352 = PLANE('',#8353);
#8353 = AXIS2_PLACEMENT_3D('',#8354,#8355,#8356);
#8354 = CARTESIAN_POINT('',(-3.027078129022E-16,2.4125,1.025));
#8355 = DIRECTION('',(2.007919022429E-31,-7.713306628828E-27,-1.));
#8356 = DIRECTION('',(1.,1.112083013911E-16,2.00791902242E-31));
#8357 = ADVANCED_FACE('',(#8358),#8444,.F.);
#8358 = FACE_BOUND('',#8359,.F.);
#8359 = EDGE_LOOP('',(#8360,#8361,#8362,#8371,#8379,#8388,#8396,#8404,
    #8412,#8421,#8429,#8438));
#8360 = ORIENTED_EDGE('',*,*,#7404,.F.);
#8361 = ORIENTED_EDGE('',*,*,#7426,.T.);
#8362 = ORIENTED_EDGE('',*,*,#8363,.T.);
#8363 = EDGE_CURVE('',#7427,#8364,#8366,.T.);
#8364 = VERTEX_POINT('',#8365);
#8365 = CARTESIAN_POINT('',(-2.348480775301,-2.11,0.742364817767));
#8366 = CIRCLE('',#8367,0.1);
#8367 = AXIS2_PLACEMENT_3D('',#8368,#8369,#8370);
#8368 = CARTESIAN_POINT('',(-2.25,-2.11,0.725));
#8369 = DIRECTION('',(-1.144237745222E-17,-1.,3.284293275761E-47));
#8370 = DIRECTION('',(-4.440892098501E-15,5.081436361563E-32,1.));
#8371 = ORIENTED_EDGE('',*,*,#8372,.T.);
#8372 = EDGE_CURVE('',#8364,#8373,#8375,.T.);
#8373 = VERTEX_POINT('',#8374);
#8374 = CARTESIAN_POINT('',(-2.429496640897,-2.11,0.2479055467));
#8375 = LINE('',#8376,#8377);
#8376 = CARTESIAN_POINT('',(-2.348480775301,-2.11,0.742364817767));
#8377 = VECTOR('',#8378,1.);
#8378 = DIRECTION('',(-0.161691392282,1.85013394127E-18,-0.986841372087)
  );
#8379 = ORIENTED_EDGE('',*,*,#8380,.T.);
#8380 = EDGE_CURVE('',#8373,#8381,#8383,.T.);
#8381 = VERTEX_POINT('',#8382);
#8382 = CARTESIAN_POINT('',(-2.724938966801,-2.11,-1.665334536938E-16));
#8383 = CIRCLE('',#8384,0.3);
#8384 = AXIS2_PLACEMENT_3D('',#8385,#8386,#8387);
#8385 = CARTESIAN_POINT('',(-2.724938966801,-2.11,0.3));
#8386 = DIRECTION('',(1.144237745222E-17,1.,7.703719777549E-34));
#8387 = DIRECTION('',(0.984807753012,-1.126854202784E-17,-0.173648177667
    ));
#8388 = ORIENTED_EDGE('',*,*,#8389,.T.);
#8389 = EDGE_CURVE('',#8381,#8390,#8392,.T.);
#8390 = VERTEX_POINT('',#8391);
#8391 = CARTESIAN_POINT('',(-3.,-2.11,-1.665334536938E-16));
#8392 = LINE('',#8393,#8394);
#8393 = CARTESIAN_POINT('',(-2.724938966801,-2.11,-1.665334536938E-16));
#8394 = VECTOR('',#8395,1.);
#8395 = DIRECTION('',(-1.,1.144237745222E-17,0.));
#8396 = ORIENTED_EDGE('',*,*,#8397,.T.);
#8397 = EDGE_CURVE('',#8390,#8398,#8400,.T.);
#8398 = VERTEX_POINT('',#8399);
#8399 = CARTESIAN_POINT('',(-3.,-2.11,0.2));
#8400 = LINE('',#8401,#8402);
#8401 = CARTESIAN_POINT('',(-3.,-2.11,-1.665334536938E-16));
#8402 = VECTOR('',#8403,1.);
#8403 = DIRECTION('',(0.,0.,1.));
#8404 = ORIENTED_EDGE('',*,*,#8405,.T.);
#8405 = EDGE_CURVE('',#8398,#8406,#8408,.T.);
#8406 = VERTEX_POINT('',#8407);
#8407 = CARTESIAN_POINT('',(-2.724938966801,-2.11,0.2));
#8408 = LINE('',#8409,#8410);
#8409 = CARTESIAN_POINT('',(-3.,-2.11,0.2));
#8410 = VECTOR('',#8411,1.);
#8411 = DIRECTION('',(1.,-1.144237745222E-17,0.));
#8412 = ORIENTED_EDGE('',*,*,#8413,.T.);
#8413 = EDGE_CURVE('',#8406,#8414,#8416,.T.);
#8414 = VERTEX_POINT('',#8415);
#8415 = CARTESIAN_POINT('',(-2.6264581915,-2.11,0.282635182233));
#8416 = CIRCLE('',#8417,0.1);
#8417 = AXIS2_PLACEMENT_3D('',#8418,#8419,#8420);
#8418 = CARTESIAN_POINT('',(-2.724938966801,-2.11,0.3));
#8419 = DIRECTION('',(-1.144237745222E-17,-1.,-0.));
#8420 = DIRECTION('',(0.,0.,-1.));
#8421 = ORIENTED_EDGE('',*,*,#8422,.T.);
#8422 = EDGE_CURVE('',#8414,#8423,#8425,.T.);
#8423 = VERTEX_POINT('',#8424);
#8424 = CARTESIAN_POINT('',(-2.545442325904,-2.11,0.7770944533));
#8425 = LINE('',#8426,#8427);
#8426 = CARTESIAN_POINT('',(-2.6264581915,-2.11,0.282635182233));
#8427 = VECTOR('',#8428,1.);
#8428 = DIRECTION('',(0.161691392282,-1.85013394127E-18,0.986841372087)
  );
#8429 = ORIENTED_EDGE('',*,*,#8430,.T.);
#8430 = EDGE_CURVE('',#8423,#8431,#8433,.T.);
#8431 = VERTEX_POINT('',#8432);
#8432 = CARTESIAN_POINT('',(-2.25,-2.11,1.025));
#8433 = CIRCLE('',#8434,0.3);
#8434 = AXIS2_PLACEMENT_3D('',#8435,#8436,#8437);
#8435 = CARTESIAN_POINT('',(-2.25,-2.11,0.725));
#8436 = DIRECTION('',(1.144237745222E-17,1.,7.703719777549E-34));
#8437 = DIRECTION('',(-0.984807753012,1.126854202784E-17,0.173648177667)
  );
#8438 = ORIENTED_EDGE('',*,*,#8439,.T.);
#8439 = EDGE_CURVE('',#8431,#7405,#8440,.T.);
#8440 = LINE('',#8441,#8442);
#8441 = CARTESIAN_POINT('',(-2.25,-2.11,1.025));
#8442 = VECTOR('',#8443,1.);
#8443 = DIRECTION('',(1.,-1.144237745222E-17,0.));
#8444 = PLANE('',#8445);
#8445 = AXIS2_PLACEMENT_3D('',#8446,#8447,#8448);
#8446 = CARTESIAN_POINT('',(-2.42560961319,-2.11,0.548953137803));
#8447 = DIRECTION('',(1.144237745222E-17,1.,0.));
#8448 = DIRECTION('',(0.,-0.,1.));
#8449 = ADVANCED_FACE('',(#8450),#8469,.F.);
#8450 = FACE_BOUND('',#8451,.F.);
#8451 = EDGE_LOOP('',(#8452,#8453,#8462,#8468));
#8452 = ORIENTED_EDGE('',*,*,#7443,.T.);
#8453 = ORIENTED_EDGE('',*,*,#8454,.T.);
#8454 = EDGE_CURVE('',#7436,#8455,#8457,.T.);
#8455 = VERTEX_POINT('',#8456);
#8456 = CARTESIAN_POINT('',(-2.348480775301,-1.7,0.742364817767));
#8457 = CIRCLE('',#8458,0.1);
#8458 = AXIS2_PLACEMENT_3D('',#8459,#8460,#8461);
#8459 = CARTESIAN_POINT('',(-2.25,-1.7,0.725));
#8460 = DIRECTION('',(-1.144237745222E-17,-1.,3.284293275761E-47));
#8461 = DIRECTION('',(-4.440892098501E-15,5.081436361563E-32,1.));
#8462 = ORIENTED_EDGE('',*,*,#8463,.F.);
#8463 = EDGE_CURVE('',#8364,#8455,#8464,.T.);
#8464 = LINE('',#8465,#8466);
#8465 = CARTESIAN_POINT('',(-2.348480775301,-2.11,0.742364817767));
#8466 = VECTOR('',#8467,1.);
#8467 = DIRECTION('',(1.144237745222E-17,1.,0.));
#8468 = ORIENTED_EDGE('',*,*,#8363,.F.);
#8469 = CYLINDRICAL_SURFACE('',#8470,0.1);
#8470 = AXIS2_PLACEMENT_3D('',#8471,#8472,#8473);
#8471 = CARTESIAN_POINT('',(-2.25,-2.11,0.725));
#8472 = DIRECTION('',(-1.144237745222E-17,-1.,0.));
#8473 = DIRECTION('',(-4.440892098501E-15,5.081436361563E-32,1.));
#8474 = ADVANCED_FACE('',(#8475),#8553,.T.);
#8475 = FACE_BOUND('',#8476,.T.);
#8476 = EDGE_LOOP('',(#8477,#8478,#8479,#8480,#8488,#8497,#8505,#8513,
    #8521,#8530,#8538,#8547));
#8477 = ORIENTED_EDGE('',*,*,#7457,.F.);
#8478 = ORIENTED_EDGE('',*,*,#7435,.T.);
#8479 = ORIENTED_EDGE('',*,*,#8454,.T.);
#8480 = ORIENTED_EDGE('',*,*,#8481,.T.);
#8481 = EDGE_CURVE('',#8455,#8482,#8484,.T.);
#8482 = VERTEX_POINT('',#8483);
#8483 = CARTESIAN_POINT('',(-2.429496640897,-1.7,0.2479055467));
#8484 = LINE('',#8485,#8486);
#8485 = CARTESIAN_POINT('',(-2.348480775301,-1.7,0.742364817767));
#8486 = VECTOR('',#8487,1.);
#8487 = DIRECTION('',(-0.161691392282,1.85013394127E-18,-0.986841372087)
  );
#8488 = ORIENTED_EDGE('',*,*,#8489,.T.);
#8489 = EDGE_CURVE('',#8482,#8490,#8492,.T.);
#8490 = VERTEX_POINT('',#8491);
#8491 = CARTESIAN_POINT('',(-2.724938966801,-1.7,-1.665334536938E-16));
#8492 = CIRCLE('',#8493,0.3);
#8493 = AXIS2_PLACEMENT_3D('',#8494,#8495,#8496);
#8494 = CARTESIAN_POINT('',(-2.724938966801,-1.7,0.3));
#8495 = DIRECTION('',(1.144237745222E-17,1.,7.703719777549E-34));
#8496 = DIRECTION('',(0.984807753012,-1.126854202784E-17,-0.173648177667
    ));
#8497 = ORIENTED_EDGE('',*,*,#8498,.T.);
#8498 = EDGE_CURVE('',#8490,#8499,#8501,.T.);
#8499 = VERTEX_POINT('',#8500);
#8500 = CARTESIAN_POINT('',(-3.,-1.7,-1.665334536938E-16));
#8501 = LINE('',#8502,#8503);
#8502 = CARTESIAN_POINT('',(-2.724938966801,-1.7,-1.665334536938E-16));
#8503 = VECTOR('',#8504,1.);
#8504 = DIRECTION('',(-1.,1.144237745222E-17,0.));
#8505 = ORIENTED_EDGE('',*,*,#8506,.T.);
#8506 = EDGE_CURVE('',#8499,#8507,#8509,.T.);
#8507 = VERTEX_POINT('',#8508);
#8508 = CARTESIAN_POINT('',(-3.,-1.7,0.2));
#8509 = LINE('',#8510,#8511);
#8510 = CARTESIAN_POINT('',(-3.,-1.7,-1.665334536938E-16));
#8511 = VECTOR('',#8512,1.);
#8512 = DIRECTION('',(0.,0.,1.));
#8513 = ORIENTED_EDGE('',*,*,#8514,.T.);
#8514 = EDGE_CURVE('',#8507,#8515,#8517,.T.);
#8515 = VERTEX_POINT('',#8516);
#8516 = CARTESIAN_POINT('',(-2.724938966801,-1.7,0.2));
#8517 = LINE('',#8518,#8519);
#8518 = CARTESIAN_POINT('',(-3.,-1.7,0.2));
#8519 = VECTOR('',#8520,1.);
#8520 = DIRECTION('',(1.,-1.144237745222E-17,0.));
#8521 = ORIENTED_EDGE('',*,*,#8522,.T.);
#8522 = EDGE_CURVE('',#8515,#8523,#8525,.T.);
#8523 = VERTEX_POINT('',#8524);
#8524 = CARTESIAN_POINT('',(-2.6264581915,-1.7,0.282635182233));
#8525 = CIRCLE('',#8526,0.1);
#8526 = AXIS2_PLACEMENT_3D('',#8527,#8528,#8529);
#8527 = CARTESIAN_POINT('',(-2.724938966801,-1.7,0.3));
#8528 = DIRECTION('',(-1.144237745222E-17,-1.,-0.));
#8529 = DIRECTION('',(0.,0.,-1.));
#8530 = ORIENTED_EDGE('',*,*,#8531,.T.);
#8531 = EDGE_CURVE('',#8523,#8532,#8534,.T.);
#8532 = VERTEX_POINT('',#8533);
#8533 = CARTESIAN_POINT('',(-2.545442325904,-1.7,0.7770944533));
#8534 = LINE('',#8535,#8536);
#8535 = CARTESIAN_POINT('',(-2.6264581915,-1.7,0.282635182233));
#8536 = VECTOR('',#8537,1.);
#8537 = DIRECTION('',(0.161691392282,-1.85013394127E-18,0.986841372087)
  );
#8538 = ORIENTED_EDGE('',*,*,#8539,.T.);
#8539 = EDGE_CURVE('',#8532,#8540,#8542,.T.);
#8540 = VERTEX_POINT('',#8541);
#8541 = CARTESIAN_POINT('',(-2.25,-1.7,1.025));
#8542 = CIRCLE('',#8543,0.3);
#8543 = AXIS2_PLACEMENT_3D('',#8544,#8545,#8546);
#8544 = CARTESIAN_POINT('',(-2.25,-1.7,0.725));
#8545 = DIRECTION('',(1.144237745222E-17,1.,7.703719777549E-34));
#8546 = DIRECTION('',(-0.984807753012,1.126854202784E-17,0.173648177667)
  );
#8547 = ORIENTED_EDGE('',*,*,#8548,.T.);
#8548 = EDGE_CURVE('',#8540,#7458,#8549,.T.);
#8549 = LINE('',#8550,#8551);
#8550 = CARTESIAN_POINT('',(-2.25,-1.7,1.025));
#8551 = VECTOR('',#8552,1.);
#8552 = DIRECTION('',(1.,-1.144237745222E-17,0.));
#8553 = PLANE('',#8554);
#8554 = AXIS2_PLACEMENT_3D('',#8555,#8556,#8557);
#8555 = CARTESIAN_POINT('',(-2.42560961319,-1.7,0.548953137803));
#8556 = DIRECTION('',(1.144237745222E-17,1.,0.));
#8557 = DIRECTION('',(0.,-0.,1.));
#8558 = ADVANCED_FACE('',(#8559),#8575,.F.);
#8559 = FACE_BOUND('',#8560,.F.);
#8560 = EDGE_LOOP('',(#8561,#8562,#8568,#8569));
#8561 = ORIENTED_EDGE('',*,*,#7474,.T.);
#8562 = ORIENTED_EDGE('',*,*,#8563,.T.);
#8563 = EDGE_CURVE('',#7467,#8051,#8564,.T.);
#8564 = LINE('',#8565,#8566);
#8565 = CARTESIAN_POINT('',(-2.25,-0.84,1.025));
#8566 = VECTOR('',#8567,1.);
#8567 = DIRECTION('',(1.,-1.144237745222E-17,0.));
#8568 = ORIENTED_EDGE('',*,*,#8050,.F.);
#8569 = ORIENTED_EDGE('',*,*,#8570,.F.);
#8570 = EDGE_CURVE('',#7458,#8043,#8571,.T.);
#8571 = LINE('',#8572,#8573);
#8572 = CARTESIAN_POINT('',(-2.25,-1.7,1.025));
#8573 = VECTOR('',#8574,1.);
#8574 = DIRECTION('',(1.,-1.144237745222E-17,0.));
#8575 = PLANE('',#8576);
#8576 = AXIS2_PLACEMENT_3D('',#8577,#8578,#8579);
#8577 = CARTESIAN_POINT('',(-3.027078129022E-16,2.4125,1.025));
#8578 = DIRECTION('',(2.007919022429E-31,-7.713306628828E-27,-1.));
#8579 = DIRECTION('',(1.,1.112083013911E-16,2.00791902242E-31));
#8580 = ADVANCED_FACE('',(#8581),#8667,.F.);
#8581 = FACE_BOUND('',#8582,.F.);
#8582 = EDGE_LOOP('',(#8583,#8584,#8585,#8594,#8602,#8611,#8619,#8627,
    #8635,#8644,#8652,#8661));
#8583 = ORIENTED_EDGE('',*,*,#7466,.F.);
#8584 = ORIENTED_EDGE('',*,*,#7488,.T.);
#8585 = ORIENTED_EDGE('',*,*,#8586,.T.);
#8586 = EDGE_CURVE('',#7489,#8587,#8589,.T.);
#8587 = VERTEX_POINT('',#8588);
#8588 = CARTESIAN_POINT('',(-2.348480775301,-0.84,0.742364817767));
#8589 = CIRCLE('',#8590,0.1);
#8590 = AXIS2_PLACEMENT_3D('',#8591,#8592,#8593);
#8591 = CARTESIAN_POINT('',(-2.25,-0.84,0.725));
#8592 = DIRECTION('',(-1.144237745222E-17,-1.,3.284293275761E-47));
#8593 = DIRECTION('',(-4.440892098501E-15,5.081436361563E-32,1.));
#8594 = ORIENTED_EDGE('',*,*,#8595,.T.);
#8595 = EDGE_CURVE('',#8587,#8596,#8598,.T.);
#8596 = VERTEX_POINT('',#8597);
#8597 = CARTESIAN_POINT('',(-2.429496640897,-0.84,0.2479055467));
#8598 = LINE('',#8599,#8600);
#8599 = CARTESIAN_POINT('',(-2.348480775301,-0.84,0.742364817767));
#8600 = VECTOR('',#8601,1.);
#8601 = DIRECTION('',(-0.161691392282,1.85013394127E-18,-0.986841372087)
  );
#8602 = ORIENTED_EDGE('',*,*,#8603,.T.);
#8603 = EDGE_CURVE('',#8596,#8604,#8606,.T.);
#8604 = VERTEX_POINT('',#8605);
#8605 = CARTESIAN_POINT('',(-2.724938966801,-0.84,-1.665334536938E-16));
#8606 = CIRCLE('',#8607,0.3);
#8607 = AXIS2_PLACEMENT_3D('',#8608,#8609,#8610);
#8608 = CARTESIAN_POINT('',(-2.724938966801,-0.84,0.3));
#8609 = DIRECTION('',(1.144237745222E-17,1.,7.703719777549E-34));
#8610 = DIRECTION('',(0.984807753012,-1.126854202784E-17,-0.173648177667
    ));
#8611 = ORIENTED_EDGE('',*,*,#8612,.T.);
#8612 = EDGE_CURVE('',#8604,#8613,#8615,.T.);
#8613 = VERTEX_POINT('',#8614);
#8614 = CARTESIAN_POINT('',(-3.,-0.84,-1.665334536938E-16));
#8615 = LINE('',#8616,#8617);
#8616 = CARTESIAN_POINT('',(-2.724938966801,-0.84,-1.665334536938E-16));
#8617 = VECTOR('',#8618,1.);
#8618 = DIRECTION('',(-1.,1.144237745222E-17,0.));
#8619 = ORIENTED_EDGE('',*,*,#8620,.T.);
#8620 = EDGE_CURVE('',#8613,#8621,#8623,.T.);
#8621 = VERTEX_POINT('',#8622);
#8622 = CARTESIAN_POINT('',(-3.,-0.84,0.2));
#8623 = LINE('',#8624,#8625);
#8624 = CARTESIAN_POINT('',(-3.,-0.84,-1.665334536938E-16));
#8625 = VECTOR('',#8626,1.);
#8626 = DIRECTION('',(0.,0.,1.));
#8627 = ORIENTED_EDGE('',*,*,#8628,.T.);
#8628 = EDGE_CURVE('',#8621,#8629,#8631,.T.);
#8629 = VERTEX_POINT('',#8630);
#8630 = CARTESIAN_POINT('',(-2.724938966801,-0.84,0.2));
#8631 = LINE('',#8632,#8633);
#8632 = CARTESIAN_POINT('',(-3.,-0.84,0.2));
#8633 = VECTOR('',#8634,1.);
#8634 = DIRECTION('',(1.,-1.144237745222E-17,0.));
#8635 = ORIENTED_EDGE('',*,*,#8636,.T.);
#8636 = EDGE_CURVE('',#8629,#8637,#8639,.T.);
#8637 = VERTEX_POINT('',#8638);
#8638 = CARTESIAN_POINT('',(-2.6264581915,-0.84,0.282635182233));
#8639 = CIRCLE('',#8640,0.1);
#8640 = AXIS2_PLACEMENT_3D('',#8641,#8642,#8643);
#8641 = CARTESIAN_POINT('',(-2.724938966801,-0.84,0.3));
#8642 = DIRECTION('',(-1.144237745222E-17,-1.,-0.));
#8643 = DIRECTION('',(0.,0.,-1.));
#8644 = ORIENTED_EDGE('',*,*,#8645,.T.);
#8645 = EDGE_CURVE('',#8637,#8646,#8648,.T.);
#8646 = VERTEX_POINT('',#8647);
#8647 = CARTESIAN_POINT('',(-2.545442325904,-0.84,0.7770944533));
#8648 = LINE('',#8649,#8650);
#8649 = CARTESIAN_POINT('',(-2.6264581915,-0.84,0.282635182233));
#8650 = VECTOR('',#8651,1.);
#8651 = DIRECTION('',(0.161691392282,-1.85013394127E-18,0.986841372087)
  );
#8652 = ORIENTED_EDGE('',*,*,#8653,.T.);
#8653 = EDGE_CURVE('',#8646,#8654,#8656,.T.);
#8654 = VERTEX_POINT('',#8655);
#8655 = CARTESIAN_POINT('',(-2.25,-0.84,1.025));
#8656 = CIRCLE('',#8657,0.3);
#8657 = AXIS2_PLACEMENT_3D('',#8658,#8659,#8660);
#8658 = CARTESIAN_POINT('',(-2.25,-0.84,0.725));
#8659 = DIRECTION('',(1.144237745222E-17,1.,7.703719777549E-34));
#8660 = DIRECTION('',(-0.984807753012,1.126854202784E-17,0.173648177667)
  );
#8661 = ORIENTED_EDGE('',*,*,#8662,.T.);
#8662 = EDGE_CURVE('',#8654,#7467,#8663,.T.);
#8663 = LINE('',#8664,#8665);
#8664 = CARTESIAN_POINT('',(-2.25,-0.84,1.025));
#8665 = VECTOR('',#8666,1.);
#8666 = DIRECTION('',(1.,-1.144237745222E-17,0.));
#8667 = PLANE('',#8668);
#8668 = AXIS2_PLACEMENT_3D('',#8669,#8670,#8671);
#8669 = CARTESIAN_POINT('',(-2.42560961319,-0.84,0.548953137803));
#8670 = DIRECTION('',(1.144237745222E-17,1.,0.));
#8671 = DIRECTION('',(0.,-0.,1.));
#8672 = ADVANCED_FACE('',(#8673),#8692,.F.);
#8673 = FACE_BOUND('',#8674,.F.);
#8674 = EDGE_LOOP('',(#8675,#8676,#8685,#8691));
#8675 = ORIENTED_EDGE('',*,*,#7505,.T.);
#8676 = ORIENTED_EDGE('',*,*,#8677,.T.);
#8677 = EDGE_CURVE('',#7498,#8678,#8680,.T.);
#8678 = VERTEX_POINT('',#8679);
#8679 = CARTESIAN_POINT('',(-2.348480775301,-0.43,0.742364817767));
#8680 = CIRCLE('',#8681,0.1);
#8681 = AXIS2_PLACEMENT_3D('',#8682,#8683,#8684);
#8682 = CARTESIAN_POINT('',(-2.25,-0.43,0.725));
#8683 = DIRECTION('',(-1.144237745222E-17,-1.,3.284293275761E-47));
#8684 = DIRECTION('',(-4.440892098501E-15,5.081436361563E-32,1.));
#8685 = ORIENTED_EDGE('',*,*,#8686,.F.);
#8686 = EDGE_CURVE('',#8587,#8678,#8687,.T.);
#8687 = LINE('',#8688,#8689);
#8688 = CARTESIAN_POINT('',(-2.348480775301,-0.84,0.742364817767));
#8689 = VECTOR('',#8690,1.);
#8690 = DIRECTION('',(1.144237745222E-17,1.,0.));
#8691 = ORIENTED_EDGE('',*,*,#8586,.F.);
#8692 = CYLINDRICAL_SURFACE('',#8693,0.1);
#8693 = AXIS2_PLACEMENT_3D('',#8694,#8695,#8696);
#8694 = CARTESIAN_POINT('',(-2.25,-0.84,0.725));
#8695 = DIRECTION('',(-1.144237745222E-17,-1.,0.));
#8696 = DIRECTION('',(-4.440892098501E-15,5.081436361563E-32,1.));
#8697 = ADVANCED_FACE('',(#8698),#8776,.T.);
#8698 = FACE_BOUND('',#8699,.T.);
#8699 = EDGE_LOOP('',(#8700,#8701,#8702,#8703,#8711,#8720,#8728,#8736,
    #8744,#8753,#8761,#8770));
#8700 = ORIENTED_EDGE('',*,*,#7519,.F.);
#8701 = ORIENTED_EDGE('',*,*,#7497,.T.);
#8702 = ORIENTED_EDGE('',*,*,#8677,.T.);
#8703 = ORIENTED_EDGE('',*,*,#8704,.T.);
#8704 = EDGE_CURVE('',#8678,#8705,#8707,.T.);
#8705 = VERTEX_POINT('',#8706);
#8706 = CARTESIAN_POINT('',(-2.429496640897,-0.43,0.2479055467));
#8707 = LINE('',#8708,#8709);
#8708 = CARTESIAN_POINT('',(-2.348480775301,-0.43,0.742364817767));
#8709 = VECTOR('',#8710,1.);
#8710 = DIRECTION('',(-0.161691392282,1.85013394127E-18,-0.986841372087)
  );
#8711 = ORIENTED_EDGE('',*,*,#8712,.T.);
#8712 = EDGE_CURVE('',#8705,#8713,#8715,.T.);
#8713 = VERTEX_POINT('',#8714);
#8714 = CARTESIAN_POINT('',(-2.724938966801,-0.43,-1.665334536938E-16));
#8715 = CIRCLE('',#8716,0.3);
#8716 = AXIS2_PLACEMENT_3D('',#8717,#8718,#8719);
#8717 = CARTESIAN_POINT('',(-2.724938966801,-0.43,0.3));
#8718 = DIRECTION('',(1.144237745222E-17,1.,7.703719777549E-34));
#8719 = DIRECTION('',(0.984807753012,-1.126854202784E-17,-0.173648177667
    ));
#8720 = ORIENTED_EDGE('',*,*,#8721,.T.);
#8721 = EDGE_CURVE('',#8713,#8722,#8724,.T.);
#8722 = VERTEX_POINT('',#8723);
#8723 = CARTESIAN_POINT('',(-3.,-0.43,-1.665334536938E-16));
#8724 = LINE('',#8725,#8726);
#8725 = CARTESIAN_POINT('',(-2.724938966801,-0.43,-1.665334536938E-16));
#8726 = VECTOR('',#8727,1.);
#8727 = DIRECTION('',(-1.,1.144237745222E-17,0.));
#8728 = ORIENTED_EDGE('',*,*,#8729,.T.);
#8729 = EDGE_CURVE('',#8722,#8730,#8732,.T.);
#8730 = VERTEX_POINT('',#8731);
#8731 = CARTESIAN_POINT('',(-3.,-0.43,0.2));
#8732 = LINE('',#8733,#8734);
#8733 = CARTESIAN_POINT('',(-3.,-0.43,-1.665334536938E-16));
#8734 = VECTOR('',#8735,1.);
#8735 = DIRECTION('',(0.,0.,1.));
#8736 = ORIENTED_EDGE('',*,*,#8737,.T.);
#8737 = EDGE_CURVE('',#8730,#8738,#8740,.T.);
#8738 = VERTEX_POINT('',#8739);
#8739 = CARTESIAN_POINT('',(-2.724938966801,-0.43,0.2));
#8740 = LINE('',#8741,#8742);
#8741 = CARTESIAN_POINT('',(-3.,-0.43,0.2));
#8742 = VECTOR('',#8743,1.);
#8743 = DIRECTION('',(1.,-1.144237745222E-17,0.));
#8744 = ORIENTED_EDGE('',*,*,#8745,.T.);
#8745 = EDGE_CURVE('',#8738,#8746,#8748,.T.);
#8746 = VERTEX_POINT('',#8747);
#8747 = CARTESIAN_POINT('',(-2.6264581915,-0.43,0.282635182233));
#8748 = CIRCLE('',#8749,0.1);
#8749 = AXIS2_PLACEMENT_3D('',#8750,#8751,#8752);
#8750 = CARTESIAN_POINT('',(-2.724938966801,-0.43,0.3));
#8751 = DIRECTION('',(-1.144237745222E-17,-1.,-0.));
#8752 = DIRECTION('',(0.,0.,-1.));
#8753 = ORIENTED_EDGE('',*,*,#8754,.T.);
#8754 = EDGE_CURVE('',#8746,#8755,#8757,.T.);
#8755 = VERTEX_POINT('',#8756);
#8756 = CARTESIAN_POINT('',(-2.545442325904,-0.43,0.7770944533));
#8757 = LINE('',#8758,#8759);
#8758 = CARTESIAN_POINT('',(-2.6264581915,-0.43,0.282635182233));
#8759 = VECTOR('',#8760,1.);
#8760 = DIRECTION('',(0.161691392282,-1.85013394127E-18,0.986841372087)
  );
#8761 = ORIENTED_EDGE('',*,*,#8762,.T.);
#8762 = EDGE_CURVE('',#8755,#8763,#8765,.T.);
#8763 = VERTEX_POINT('',#8764);
#8764 = CARTESIAN_POINT('',(-2.25,-0.43,1.025));
#8765 = CIRCLE('',#8766,0.3);
#8766 = AXIS2_PLACEMENT_3D('',#8767,#8768,#8769);
#8767 = CARTESIAN_POINT('',(-2.25,-0.43,0.725));
#8768 = DIRECTION('',(1.144237745222E-17,1.,7.703719777549E-34));
#8769 = DIRECTION('',(-0.984807753012,1.126854202784E-17,0.173648177667)
  );
#8770 = ORIENTED_EDGE('',*,*,#8771,.T.);
#8771 = EDGE_CURVE('',#8763,#7520,#8772,.T.);
#8772 = LINE('',#8773,#8774);
#8773 = CARTESIAN_POINT('',(-2.25,-0.43,1.025));
#8774 = VECTOR('',#8775,1.);
#8775 = DIRECTION('',(1.,-1.144237745222E-17,0.));
#8776 = PLANE('',#8777);
#8777 = AXIS2_PLACEMENT_3D('',#8778,#8779,#8780);
#8778 = CARTESIAN_POINT('',(-2.42560961319,-0.43,0.548953137803));
#8779 = DIRECTION('',(1.144237745222E-17,1.,0.));
#8780 = DIRECTION('',(0.,-0.,1.));
#8781 = ADVANCED_FACE('',(#8782),#8798,.F.);
#8782 = FACE_BOUND('',#8783,.F.);
#8783 = EDGE_LOOP('',(#8784,#8785,#8791,#8792));
#8784 = ORIENTED_EDGE('',*,*,#7536,.T.);
#8785 = ORIENTED_EDGE('',*,*,#8786,.T.);
#8786 = EDGE_CURVE('',#7529,#8067,#8787,.T.);
#8787 = LINE('',#8788,#8789);
#8788 = CARTESIAN_POINT('',(-2.25,0.43,1.025));
#8789 = VECTOR('',#8790,1.);
#8790 = DIRECTION('',(1.,-1.144237745222E-17,0.));
#8791 = ORIENTED_EDGE('',*,*,#8066,.F.);
#8792 = ORIENTED_EDGE('',*,*,#8793,.F.);
#8793 = EDGE_CURVE('',#7520,#8059,#8794,.T.);
#8794 = LINE('',#8795,#8796);
#8795 = CARTESIAN_POINT('',(-2.25,-0.43,1.025));
#8796 = VECTOR('',#8797,1.);
#8797 = DIRECTION('',(1.,-1.144237745222E-17,0.));
#8798 = PLANE('',#8799);
#8799 = AXIS2_PLACEMENT_3D('',#8800,#8801,#8802);
#8800 = CARTESIAN_POINT('',(-3.027078129022E-16,2.4125,1.025));
#8801 = DIRECTION('',(2.007919022429E-31,-7.713306628828E-27,-1.));
#8802 = DIRECTION('',(1.,1.112083013911E-16,2.00791902242E-31));
#8803 = ADVANCED_FACE('',(#8804),#8890,.F.);
#8804 = FACE_BOUND('',#8805,.F.);
#8805 = EDGE_LOOP('',(#8806,#8807,#8808,#8817,#8825,#8834,#8842,#8850,
    #8858,#8867,#8875,#8884));
#8806 = ORIENTED_EDGE('',*,*,#7528,.F.);
#8807 = ORIENTED_EDGE('',*,*,#7550,.T.);
#8808 = ORIENTED_EDGE('',*,*,#8809,.T.);
#8809 = EDGE_CURVE('',#7551,#8810,#8812,.T.);
#8810 = VERTEX_POINT('',#8811);
#8811 = CARTESIAN_POINT('',(-2.348480775301,0.43,0.742364817767));
#8812 = CIRCLE('',#8813,0.1);
#8813 = AXIS2_PLACEMENT_3D('',#8814,#8815,#8816);
#8814 = CARTESIAN_POINT('',(-2.25,0.43,0.725));
#8815 = DIRECTION('',(-1.144237745222E-17,-1.,3.284293275761E-47));
#8816 = DIRECTION('',(-4.440892098501E-15,5.081436361563E-32,1.));
#8817 = ORIENTED_EDGE('',*,*,#8818,.T.);
#8818 = EDGE_CURVE('',#8810,#8819,#8821,.T.);
#8819 = VERTEX_POINT('',#8820);
#8820 = CARTESIAN_POINT('',(-2.429496640897,0.43,0.2479055467));
#8821 = LINE('',#8822,#8823);
#8822 = CARTESIAN_POINT('',(-2.348480775301,0.43,0.742364817767));
#8823 = VECTOR('',#8824,1.);
#8824 = DIRECTION('',(-0.161691392282,1.85013394127E-18,-0.986841372087)
  );
#8825 = ORIENTED_EDGE('',*,*,#8826,.T.);
#8826 = EDGE_CURVE('',#8819,#8827,#8829,.T.);
#8827 = VERTEX_POINT('',#8828);
#8828 = CARTESIAN_POINT('',(-2.724938966801,0.43,-1.665334536938E-16));
#8829 = CIRCLE('',#8830,0.3);
#8830 = AXIS2_PLACEMENT_3D('',#8831,#8832,#8833);
#8831 = CARTESIAN_POINT('',(-2.724938966801,0.43,0.3));
#8832 = DIRECTION('',(1.144237745222E-17,1.,7.703719777549E-34));
#8833 = DIRECTION('',(0.984807753012,-1.126854202784E-17,-0.173648177667
    ));
#8834 = ORIENTED_EDGE('',*,*,#8835,.T.);
#8835 = EDGE_CURVE('',#8827,#8836,#8838,.T.);
#8836 = VERTEX_POINT('',#8837);
#8837 = CARTESIAN_POINT('',(-3.,0.43,-1.665334536938E-16));
#8838 = LINE('',#8839,#8840);
#8839 = CARTESIAN_POINT('',(-2.724938966801,0.43,-1.665334536938E-16));
#8840 = VECTOR('',#8841,1.);
#8841 = DIRECTION('',(-1.,1.144237745222E-17,0.));
#8842 = ORIENTED_EDGE('',*,*,#8843,.T.);
#8843 = EDGE_CURVE('',#8836,#8844,#8846,.T.);
#8844 = VERTEX_POINT('',#8845);
#8845 = CARTESIAN_POINT('',(-3.,0.43,0.2));
#8846 = LINE('',#8847,#8848);
#8847 = CARTESIAN_POINT('',(-3.,0.43,-1.665334536938E-16));
#8848 = VECTOR('',#8849,1.);
#8849 = DIRECTION('',(0.,0.,1.));
#8850 = ORIENTED_EDGE('',*,*,#8851,.T.);
#8851 = EDGE_CURVE('',#8844,#8852,#8854,.T.);
#8852 = VERTEX_POINT('',#8853);
#8853 = CARTESIAN_POINT('',(-2.724938966801,0.43,0.2));
#8854 = LINE('',#8855,#8856);
#8855 = CARTESIAN_POINT('',(-3.,0.43,0.2));
#8856 = VECTOR('',#8857,1.);
#8857 = DIRECTION('',(1.,-1.144237745222E-17,0.));
#8858 = ORIENTED_EDGE('',*,*,#8859,.T.);
#8859 = EDGE_CURVE('',#8852,#8860,#8862,.T.);
#8860 = VERTEX_POINT('',#8861);
#8861 = CARTESIAN_POINT('',(-2.6264581915,0.43,0.282635182233));
#8862 = CIRCLE('',#8863,0.1);
#8863 = AXIS2_PLACEMENT_3D('',#8864,#8865,#8866);
#8864 = CARTESIAN_POINT('',(-2.724938966801,0.43,0.3));
#8865 = DIRECTION('',(-1.144237745222E-17,-1.,-0.));
#8866 = DIRECTION('',(0.,0.,-1.));
#8867 = ORIENTED_EDGE('',*,*,#8868,.T.);
#8868 = EDGE_CURVE('',#8860,#8869,#8871,.T.);
#8869 = VERTEX_POINT('',#8870);
#8870 = CARTESIAN_POINT('',(-2.545442325904,0.43,0.7770944533));
#8871 = LINE('',#8872,#8873);
#8872 = CARTESIAN_POINT('',(-2.6264581915,0.43,0.282635182233));
#8873 = VECTOR('',#8874,1.);
#8874 = DIRECTION('',(0.161691392282,-1.85013394127E-18,0.986841372087)
  );
#8875 = ORIENTED_EDGE('',*,*,#8876,.T.);
#8876 = EDGE_CURVE('',#8869,#8877,#8879,.T.);
#8877 = VERTEX_POINT('',#8878);
#8878 = CARTESIAN_POINT('',(-2.25,0.43,1.025));
#8879 = CIRCLE('',#8880,0.3);
#8880 = AXIS2_PLACEMENT_3D('',#8881,#8882,#8883);
#8881 = CARTESIAN_POINT('',(-2.25,0.43,0.725));
#8882 = DIRECTION('',(1.144237745222E-17,1.,7.703719777549E-34));
#8883 = DIRECTION('',(-0.984807753012,1.126854202784E-17,0.173648177667)
  );
#8884 = ORIENTED_EDGE('',*,*,#8885,.T.);
#8885 = EDGE_CURVE('',#8877,#7529,#8886,.T.);
#8886 = LINE('',#8887,#8888);
#8887 = CARTESIAN_POINT('',(-2.25,0.43,1.025));
#8888 = VECTOR('',#8889,1.);
#8889 = DIRECTION('',(1.,-1.144237745222E-17,0.));
#8890 = PLANE('',#8891);
#8891 = AXIS2_PLACEMENT_3D('',#8892,#8893,#8894);
#8892 = CARTESIAN_POINT('',(-2.42560961319,0.43,0.548953137803));
#8893 = DIRECTION('',(1.144237745222E-17,1.,0.));
#8894 = DIRECTION('',(0.,-0.,1.));
#8895 = ADVANCED_FACE('',(#8896),#8915,.F.);
#8896 = FACE_BOUND('',#8897,.F.);
#8897 = EDGE_LOOP('',(#8898,#8899,#8908,#8914));
#8898 = ORIENTED_EDGE('',*,*,#7567,.T.);
#8899 = ORIENTED_EDGE('',*,*,#8900,.T.);
#8900 = EDGE_CURVE('',#7560,#8901,#8903,.T.);
#8901 = VERTEX_POINT('',#8902);
#8902 = CARTESIAN_POINT('',(-2.348480775301,0.84,0.742364817767));
#8903 = CIRCLE('',#8904,0.1);
#8904 = AXIS2_PLACEMENT_3D('',#8905,#8906,#8907);
#8905 = CARTESIAN_POINT('',(-2.25,0.84,0.725));
#8906 = DIRECTION('',(-1.144237745222E-17,-1.,3.284293275761E-47));
#8907 = DIRECTION('',(-4.440892098501E-15,5.081436361563E-32,1.));
#8908 = ORIENTED_EDGE('',*,*,#8909,.F.);
#8909 = EDGE_CURVE('',#8810,#8901,#8910,.T.);
#8910 = LINE('',#8911,#8912);
#8911 = CARTESIAN_POINT('',(-2.348480775301,0.43,0.742364817767));
#8912 = VECTOR('',#8913,1.);
#8913 = DIRECTION('',(1.144237745222E-17,1.,0.));
#8914 = ORIENTED_EDGE('',*,*,#8809,.F.);
#8915 = CYLINDRICAL_SURFACE('',#8916,0.1);
#8916 = AXIS2_PLACEMENT_3D('',#8917,#8918,#8919);
#8917 = CARTESIAN_POINT('',(-2.25,0.43,0.725));
#8918 = DIRECTION('',(-1.144237745222E-17,-1.,0.));
#8919 = DIRECTION('',(-4.440892098501E-15,5.081436361563E-32,1.));
#8920 = ADVANCED_FACE('',(#8921),#8999,.T.);
#8921 = FACE_BOUND('',#8922,.T.);
#8922 = EDGE_LOOP('',(#8923,#8924,#8925,#8926,#8934,#8943,#8951,#8959,
    #8967,#8976,#8984,#8993));
#8923 = ORIENTED_EDGE('',*,*,#7581,.F.);
#8924 = ORIENTED_EDGE('',*,*,#7559,.T.);
#8925 = ORIENTED_EDGE('',*,*,#8900,.T.);
#8926 = ORIENTED_EDGE('',*,*,#8927,.T.);
#8927 = EDGE_CURVE('',#8901,#8928,#8930,.T.);
#8928 = VERTEX_POINT('',#8929);
#8929 = CARTESIAN_POINT('',(-2.429496640897,0.84,0.2479055467));
#8930 = LINE('',#8931,#8932);
#8931 = CARTESIAN_POINT('',(-2.348480775301,0.84,0.742364817767));
#8932 = VECTOR('',#8933,1.);
#8933 = DIRECTION('',(-0.161691392282,1.85013394127E-18,-0.986841372087)
  );
#8934 = ORIENTED_EDGE('',*,*,#8935,.T.);
#8935 = EDGE_CURVE('',#8928,#8936,#8938,.T.);
#8936 = VERTEX_POINT('',#8937);
#8937 = CARTESIAN_POINT('',(-2.724938966801,0.84,-1.665334536938E-16));
#8938 = CIRCLE('',#8939,0.3);
#8939 = AXIS2_PLACEMENT_3D('',#8940,#8941,#8942);
#8940 = CARTESIAN_POINT('',(-2.724938966801,0.84,0.3));
#8941 = DIRECTION('',(1.144237745222E-17,1.,7.703719777549E-34));
#8942 = DIRECTION('',(0.984807753012,-1.126854202784E-17,-0.173648177667
    ));
#8943 = ORIENTED_EDGE('',*,*,#8944,.T.);
#8944 = EDGE_CURVE('',#8936,#8945,#8947,.T.);
#8945 = VERTEX_POINT('',#8946);
#8946 = CARTESIAN_POINT('',(-3.,0.84,-1.665334536938E-16));
#8947 = LINE('',#8948,#8949);
#8948 = CARTESIAN_POINT('',(-2.724938966801,0.84,-1.665334536938E-16));
#8949 = VECTOR('',#8950,1.);
#8950 = DIRECTION('',(-1.,1.144237745222E-17,0.));
#8951 = ORIENTED_EDGE('',*,*,#8952,.T.);
#8952 = EDGE_CURVE('',#8945,#8953,#8955,.T.);
#8953 = VERTEX_POINT('',#8954);
#8954 = CARTESIAN_POINT('',(-3.,0.84,0.2));
#8955 = LINE('',#8956,#8957);
#8956 = CARTESIAN_POINT('',(-3.,0.84,-1.665334536938E-16));
#8957 = VECTOR('',#8958,1.);
#8958 = DIRECTION('',(0.,0.,1.));
#8959 = ORIENTED_EDGE('',*,*,#8960,.T.);
#8960 = EDGE_CURVE('',#8953,#8961,#8963,.T.);
#8961 = VERTEX_POINT('',#8962);
#8962 = CARTESIAN_POINT('',(-2.724938966801,0.84,0.2));
#8963 = LINE('',#8964,#8965);
#8964 = CARTESIAN_POINT('',(-3.,0.84,0.2));
#8965 = VECTOR('',#8966,1.);
#8966 = DIRECTION('',(1.,-1.144237745222E-17,0.));
#8967 = ORIENTED_EDGE('',*,*,#8968,.T.);
#8968 = EDGE_CURVE('',#8961,#8969,#8971,.T.);
#8969 = VERTEX_POINT('',#8970);
#8970 = CARTESIAN_POINT('',(-2.6264581915,0.84,0.282635182233));
#8971 = CIRCLE('',#8972,0.1);
#8972 = AXIS2_PLACEMENT_3D('',#8973,#8974,#8975);
#8973 = CARTESIAN_POINT('',(-2.724938966801,0.84,0.3));
#8974 = DIRECTION('',(-1.144237745222E-17,-1.,-0.));
#8975 = DIRECTION('',(0.,0.,-1.));
#8976 = ORIENTED_EDGE('',*,*,#8977,.T.);
#8977 = EDGE_CURVE('',#8969,#8978,#8980,.T.);
#8978 = VERTEX_POINT('',#8979);
#8979 = CARTESIAN_POINT('',(-2.545442325904,0.84,0.7770944533));
#8980 = LINE('',#8981,#8982);
#8981 = CARTESIAN_POINT('',(-2.6264581915,0.84,0.282635182233));
#8982 = VECTOR('',#8983,1.);
#8983 = DIRECTION('',(0.161691392282,-1.85013394127E-18,0.986841372087)
  );
#8984 = ORIENTED_EDGE('',*,*,#8985,.T.);
#8985 = EDGE_CURVE('',#8978,#8986,#8988,.T.);
#8986 = VERTEX_POINT('',#8987);
#8987 = CARTESIAN_POINT('',(-2.25,0.84,1.025));
#8988 = CIRCLE('',#8989,0.3);
#8989 = AXIS2_PLACEMENT_3D('',#8990,#8991,#8992);
#8990 = CARTESIAN_POINT('',(-2.25,0.84,0.725));
#8991 = DIRECTION('',(1.144237745222E-17,1.,7.703719777549E-34));
#8992 = DIRECTION('',(-0.984807753012,1.126854202784E-17,0.173648177667)
  );
#8993 = ORIENTED_EDGE('',*,*,#8994,.T.);
#8994 = EDGE_CURVE('',#8986,#7582,#8995,.T.);
#8995 = LINE('',#8996,#8997);
#8996 = CARTESIAN_POINT('',(-2.25,0.84,1.025));
#8997 = VECTOR('',#8998,1.);
#8998 = DIRECTION('',(1.,-1.144237745222E-17,0.));
#8999 = PLANE('',#9000);
#9000 = AXIS2_PLACEMENT_3D('',#9001,#9002,#9003);
#9001 = CARTESIAN_POINT('',(-2.42560961319,0.84,0.548953137803));
#9002 = DIRECTION('',(1.144237745222E-17,1.,0.));
#9003 = DIRECTION('',(0.,-0.,1.));
#9004 = ADVANCED_FACE('',(#9005),#9016,.F.);
#9005 = FACE_BOUND('',#9006,.F.);
#9006 = EDGE_LOOP('',(#9007,#9008,#9009,#9010));
#9007 = ORIENTED_EDGE('',*,*,#7598,.T.);
#9008 = ORIENTED_EDGE('',*,*,#8018,.T.);
#9009 = ORIENTED_EDGE('',*,*,#8082,.F.);
#9010 = ORIENTED_EDGE('',*,*,#9011,.F.);
#9011 = EDGE_CURVE('',#7582,#8075,#9012,.T.);
#9012 = LINE('',#9013,#9014);
#9013 = CARTESIAN_POINT('',(-2.25,0.84,1.025));
#9014 = VECTOR('',#9015,1.);
#9015 = DIRECTION('',(1.,-1.144237745222E-17,0.));
#9016 = PLANE('',#9017);
#9017 = AXIS2_PLACEMENT_3D('',#9018,#9019,#9020);
#9018 = CARTESIAN_POINT('',(-3.027078129022E-16,2.4125,1.025));
#9019 = DIRECTION('',(2.007919022429E-31,-7.713306628828E-27,-1.));
#9020 = DIRECTION('',(1.,1.112083013911E-16,2.00791902242E-31));
#9021 = ADVANCED_FACE('',(#9022),#9101,.F.);
#9022 = FACE_BOUND('',#9023,.F.);
#9023 = EDGE_LOOP('',(#9024,#9025,#9026,#9035,#9043,#9052,#9060,#9068,
    #9076,#9085,#9093,#9100));
#9024 = ORIENTED_EDGE('',*,*,#7590,.F.);
#9025 = ORIENTED_EDGE('',*,*,#7612,.T.);
#9026 = ORIENTED_EDGE('',*,*,#9027,.T.);
#9027 = EDGE_CURVE('',#7613,#9028,#9030,.T.);
#9028 = VERTEX_POINT('',#9029);
#9029 = CARTESIAN_POINT('',(-2.348480775301,1.7,0.742364817767));
#9030 = CIRCLE('',#9031,0.1);
#9031 = AXIS2_PLACEMENT_3D('',#9032,#9033,#9034);
#9032 = CARTESIAN_POINT('',(-2.25,1.7,0.725));
#9033 = DIRECTION('',(-1.144237745222E-17,-1.,3.284293275761E-47));
#9034 = DIRECTION('',(-4.440892098501E-15,5.081436361563E-32,1.));
#9035 = ORIENTED_EDGE('',*,*,#9036,.T.);
#9036 = EDGE_CURVE('',#9028,#9037,#9039,.T.);
#9037 = VERTEX_POINT('',#9038);
#9038 = CARTESIAN_POINT('',(-2.429496640897,1.7,0.2479055467));
#9039 = LINE('',#9040,#9041);
#9040 = CARTESIAN_POINT('',(-2.348480775301,1.7,0.742364817767));
#9041 = VECTOR('',#9042,1.);
#9042 = DIRECTION('',(-0.161691392282,1.85013394127E-18,-0.986841372087)
  );
#9043 = ORIENTED_EDGE('',*,*,#9044,.T.);
#9044 = EDGE_CURVE('',#9037,#9045,#9047,.T.);
#9045 = VERTEX_POINT('',#9046);
#9046 = CARTESIAN_POINT('',(-2.724938966801,1.7,-1.665334536938E-16));
#9047 = CIRCLE('',#9048,0.3);
#9048 = AXIS2_PLACEMENT_3D('',#9049,#9050,#9051);
#9049 = CARTESIAN_POINT('',(-2.724938966801,1.7,0.3));
#9050 = DIRECTION('',(1.144237745222E-17,1.,7.703719777549E-34));
#9051 = DIRECTION('',(0.984807753012,-1.126854202784E-17,-0.173648177667
    ));
#9052 = ORIENTED_EDGE('',*,*,#9053,.T.);
#9053 = EDGE_CURVE('',#9045,#9054,#9056,.T.);
#9054 = VERTEX_POINT('',#9055);
#9055 = CARTESIAN_POINT('',(-3.,1.7,-1.665334536938E-16));
#9056 = LINE('',#9057,#9058);
#9057 = CARTESIAN_POINT('',(-2.724938966801,1.7,-1.665334536938E-16));
#9058 = VECTOR('',#9059,1.);
#9059 = DIRECTION('',(-1.,1.144237745222E-17,0.));
#9060 = ORIENTED_EDGE('',*,*,#9061,.T.);
#9061 = EDGE_CURVE('',#9054,#9062,#9064,.T.);
#9062 = VERTEX_POINT('',#9063);
#9063 = CARTESIAN_POINT('',(-3.,1.7,0.2));
#9064 = LINE('',#9065,#9066);
#9065 = CARTESIAN_POINT('',(-3.,1.7,-1.665334536938E-16));
#9066 = VECTOR('',#9067,1.);
#9067 = DIRECTION('',(0.,0.,1.));
#9068 = ORIENTED_EDGE('',*,*,#9069,.T.);
#9069 = EDGE_CURVE('',#9062,#9070,#9072,.T.);
#9070 = VERTEX_POINT('',#9071);
#9071 = CARTESIAN_POINT('',(-2.724938966801,1.7,0.2));
#9072 = LINE('',#9073,#9074);
#9073 = CARTESIAN_POINT('',(-3.,1.7,0.2));
#9074 = VECTOR('',#9075,1.);
#9075 = DIRECTION('',(1.,-1.144237745222E-17,0.));
#9076 = ORIENTED_EDGE('',*,*,#9077,.T.);
#9077 = EDGE_CURVE('',#9070,#9078,#9080,.T.);
#9078 = VERTEX_POINT('',#9079);
#9079 = CARTESIAN_POINT('',(-2.6264581915,1.7,0.282635182233));
#9080 = CIRCLE('',#9081,0.1);
#9081 = AXIS2_PLACEMENT_3D('',#9082,#9083,#9084);
#9082 = CARTESIAN_POINT('',(-2.724938966801,1.7,0.3));
#9083 = DIRECTION('',(-1.144237745222E-17,-1.,-0.));
#9084 = DIRECTION('',(0.,0.,-1.));
#9085 = ORIENTED_EDGE('',*,*,#9086,.T.);
#9086 = EDGE_CURVE('',#9078,#9087,#9089,.T.);
#9087 = VERTEX_POINT('',#9088);
#9088 = CARTESIAN_POINT('',(-2.545442325904,1.7,0.7770944533));
#9089 = LINE('',#9090,#9091);
#9090 = CARTESIAN_POINT('',(-2.6264581915,1.7,0.282635182233));
#9091 = VECTOR('',#9092,1.);
#9092 = DIRECTION('',(0.161691392282,-1.85013394127E-18,0.986841372087)
  );
#9093 = ORIENTED_EDGE('',*,*,#9094,.T.);
#9094 = EDGE_CURVE('',#9087,#7988,#9095,.T.);
#9095 = CIRCLE('',#9096,0.3);
#9096 = AXIS2_PLACEMENT_3D('',#9097,#9098,#9099);
#9097 = CARTESIAN_POINT('',(-2.25,1.7,0.725));
#9098 = DIRECTION('',(1.144237745222E-17,1.,7.703719777549E-34));
#9099 = DIRECTION('',(-0.984807753012,1.126854202784E-17,0.173648177667)
  );
#9100 = ORIENTED_EDGE('',*,*,#7987,.T.);
#9101 = PLANE('',#9102);
#9102 = AXIS2_PLACEMENT_3D('',#9103,#9104,#9105);
#9103 = CARTESIAN_POINT('',(-2.42560961319,1.7,0.548953137803));
#9104 = DIRECTION('',(1.144237745222E-17,1.,0.));
#9105 = DIRECTION('',(0.,-0.,1.));
#9106 = ADVANCED_FACE('',(#9107),#9126,.F.);
#9107 = FACE_BOUND('',#9108,.F.);
#9108 = EDGE_LOOP('',(#9109,#9110,#9119,#9125));
#9109 = ORIENTED_EDGE('',*,*,#7629,.T.);
#9110 = ORIENTED_EDGE('',*,*,#9111,.T.);
#9111 = EDGE_CURVE('',#7622,#9112,#9114,.T.);
#9112 = VERTEX_POINT('',#9113);
#9113 = CARTESIAN_POINT('',(-2.348480775301,2.11,0.742364817767));
#9114 = CIRCLE('',#9115,0.1);
#9115 = AXIS2_PLACEMENT_3D('',#9116,#9117,#9118);
#9116 = CARTESIAN_POINT('',(-2.25,2.11,0.725));
#9117 = DIRECTION('',(-1.144237745222E-17,-1.,3.284293275761E-47));
#9118 = DIRECTION('',(-4.440892098501E-15,5.081436361563E-32,1.));
#9119 = ORIENTED_EDGE('',*,*,#9120,.F.);
#9120 = EDGE_CURVE('',#9028,#9112,#9121,.T.);
#9121 = LINE('',#9122,#9123);
#9122 = CARTESIAN_POINT('',(-2.348480775301,1.7,0.742364817767));
#9123 = VECTOR('',#9124,1.);
#9124 = DIRECTION('',(1.144237745222E-17,1.,0.));
#9125 = ORIENTED_EDGE('',*,*,#9027,.F.);
#9126 = CYLINDRICAL_SURFACE('',#9127,0.1);
#9127 = AXIS2_PLACEMENT_3D('',#9128,#9129,#9130);
#9128 = CARTESIAN_POINT('',(-2.25,1.7,0.725));
#9129 = DIRECTION('',(-1.144237745222E-17,-1.,0.));
#9130 = DIRECTION('',(-4.440892098501E-15,5.081436361563E-32,1.));
#9131 = ADVANCED_FACE('',(#9132),#9203,.T.);
#9132 = FACE_BOUND('',#9133,.T.);
#9133 = EDGE_LOOP('',(#9134,#9135,#9136,#9137,#9145,#9154,#9162,#9170,
    #9178,#9187,#9195,#9202));
#9134 = ORIENTED_EDGE('',*,*,#7643,.F.);
#9135 = ORIENTED_EDGE('',*,*,#7621,.T.);
#9136 = ORIENTED_EDGE('',*,*,#9111,.T.);
#9137 = ORIENTED_EDGE('',*,*,#9138,.T.);
#9138 = EDGE_CURVE('',#9112,#9139,#9141,.T.);
#9139 = VERTEX_POINT('',#9140);
#9140 = CARTESIAN_POINT('',(-2.429496640897,2.11,0.2479055467));
#9141 = LINE('',#9142,#9143);
#9142 = CARTESIAN_POINT('',(-2.348480775301,2.11,0.742364817767));
#9143 = VECTOR('',#9144,1.);
#9144 = DIRECTION('',(-0.161691392282,1.85013394127E-18,-0.986841372087)
  );
#9145 = ORIENTED_EDGE('',*,*,#9146,.T.);
#9146 = EDGE_CURVE('',#9139,#9147,#9149,.T.);
#9147 = VERTEX_POINT('',#9148);
#9148 = CARTESIAN_POINT('',(-2.724938966801,2.11,-1.665334536938E-16));
#9149 = CIRCLE('',#9150,0.3);
#9150 = AXIS2_PLACEMENT_3D('',#9151,#9152,#9153);
#9151 = CARTESIAN_POINT('',(-2.724938966801,2.11,0.3));
#9152 = DIRECTION('',(1.144237745222E-17,1.,7.703719777549E-34));
#9153 = DIRECTION('',(0.984807753012,-1.126854202784E-17,-0.173648177667
    ));
#9154 = ORIENTED_EDGE('',*,*,#9155,.T.);
#9155 = EDGE_CURVE('',#9147,#9156,#9158,.T.);
#9156 = VERTEX_POINT('',#9157);
#9157 = CARTESIAN_POINT('',(-3.,2.11,-1.665334536938E-16));
#9158 = LINE('',#9159,#9160);
#9159 = CARTESIAN_POINT('',(-2.724938966801,2.11,-1.665334536938E-16));
#9160 = VECTOR('',#9161,1.);
#9161 = DIRECTION('',(-1.,1.144237745222E-17,0.));
#9162 = ORIENTED_EDGE('',*,*,#9163,.T.);
#9163 = EDGE_CURVE('',#9156,#9164,#9166,.T.);
#9164 = VERTEX_POINT('',#9165);
#9165 = CARTESIAN_POINT('',(-3.,2.11,0.2));
#9166 = LINE('',#9167,#9168);
#9167 = CARTESIAN_POINT('',(-3.,2.11,-1.665334536938E-16));
#9168 = VECTOR('',#9169,1.);
#9169 = DIRECTION('',(0.,0.,1.));
#9170 = ORIENTED_EDGE('',*,*,#9171,.T.);
#9171 = EDGE_CURVE('',#9164,#9172,#9174,.T.);
#9172 = VERTEX_POINT('',#9173);
#9173 = CARTESIAN_POINT('',(-2.724938966801,2.11,0.2));
#9174 = LINE('',#9175,#9176);
#9175 = CARTESIAN_POINT('',(-3.,2.11,0.2));
#9176 = VECTOR('',#9177,1.);
#9177 = DIRECTION('',(1.,-1.144237745222E-17,0.));
#9178 = ORIENTED_EDGE('',*,*,#9179,.T.);
#9179 = EDGE_CURVE('',#9172,#9180,#9182,.T.);
#9180 = VERTEX_POINT('',#9181);
#9181 = CARTESIAN_POINT('',(-2.6264581915,2.11,0.282635182233));
#9182 = CIRCLE('',#9183,0.1);
#9183 = AXIS2_PLACEMENT_3D('',#9184,#9185,#9186);
#9184 = CARTESIAN_POINT('',(-2.724938966801,2.11,0.3));
#9185 = DIRECTION('',(-1.144237745222E-17,-1.,-0.));
#9186 = DIRECTION('',(0.,0.,-1.));
#9187 = ORIENTED_EDGE('',*,*,#9188,.T.);
#9188 = EDGE_CURVE('',#9180,#9189,#9191,.T.);
#9189 = VERTEX_POINT('',#9190);
#9190 = CARTESIAN_POINT('',(-2.545442325904,2.11,0.7770944533));
#9191 = LINE('',#9192,#9193);
#9192 = CARTESIAN_POINT('',(-2.6264581915,2.11,0.282635182233));
#9193 = VECTOR('',#9194,1.);
#9194 = DIRECTION('',(0.161691392282,-1.85013394127E-18,0.986841372087)
  );
#9195 = ORIENTED_EDGE('',*,*,#9196,.T.);
#9196 = EDGE_CURVE('',#9189,#7996,#9197,.T.);
#9197 = CIRCLE('',#9198,0.3);
#9198 = AXIS2_PLACEMENT_3D('',#9199,#9200,#9201);
#9199 = CARTESIAN_POINT('',(-2.25,2.11,0.725));
#9200 = DIRECTION('',(1.144237745222E-17,1.,7.703719777549E-34));
#9201 = DIRECTION('',(-0.984807753012,1.126854202784E-17,0.173648177667)
  );
#9202 = ORIENTED_EDGE('',*,*,#8003,.T.);
#9203 = PLANE('',#9204);
#9204 = AXIS2_PLACEMENT_3D('',#9205,#9206,#9207);
#9205 = CARTESIAN_POINT('',(-2.42560961319,2.11,0.548953137803));
#9206 = DIRECTION('',(1.144237745222E-17,1.,0.));
#9207 = DIRECTION('',(0.,-0.,1.));
#9208 = ADVANCED_FACE('',(#9209),#9288,.F.);
#9209 = FACE_BOUND('',#9210,.F.);
#9210 = EDGE_LOOP('',(#9211,#9212,#9213,#9222,#9230,#9239,#9247,#9255,
    #9263,#9272,#9280,#9287));
#9211 = ORIENTED_EDGE('',*,*,#7662,.F.);
#9212 = ORIENTED_EDGE('',*,*,#7677,.T.);
#9213 = ORIENTED_EDGE('',*,*,#9214,.T.);
#9214 = EDGE_CURVE('',#7678,#9215,#9217,.T.);
#9215 = VERTEX_POINT('',#9216);
#9216 = CARTESIAN_POINT('',(2.348480775301,2.11,0.742364817767));
#9217 = CIRCLE('',#9218,0.1);
#9218 = AXIS2_PLACEMENT_3D('',#9219,#9220,#9221);
#9219 = CARTESIAN_POINT('',(2.25,2.11,0.725));
#9220 = DIRECTION('',(-1.110223024625E-16,1.,0.));
#9221 = DIRECTION('',(4.440892098501E-15,4.930380657631E-31,1.));
#9222 = ORIENTED_EDGE('',*,*,#9223,.T.);
#9223 = EDGE_CURVE('',#9215,#9224,#9226,.T.);
#9224 = VERTEX_POINT('',#9225);
#9225 = CARTESIAN_POINT('',(2.429496640897,2.11,0.2479055467));
#9226 = LINE('',#9227,#9228);
#9227 = CARTESIAN_POINT('',(2.348480775301,2.11,0.742364817767));
#9228 = VECTOR('',#9229,1.);
#9229 = DIRECTION('',(0.161691392282,1.795135065956E-17,-0.986841372087)
  );
#9230 = ORIENTED_EDGE('',*,*,#9231,.T.);
#9231 = EDGE_CURVE('',#9224,#9232,#9234,.T.);
#9232 = VERTEX_POINT('',#9233);
#9233 = CARTESIAN_POINT('',(2.724938966801,2.11,-1.665334536938E-16));
#9234 = CIRCLE('',#9235,0.3);
#9235 = AXIS2_PLACEMENT_3D('',#9236,#9237,#9238);
#9236 = CARTESIAN_POINT('',(2.724938966801,2.11,0.3));
#9237 = DIRECTION('',(1.110223024625E-16,-1.,0.));
#9238 = DIRECTION('',(-0.984807753012,-1.093356242223E-16,
    -0.173648177667));
#9239 = ORIENTED_EDGE('',*,*,#9240,.T.);
#9240 = EDGE_CURVE('',#9232,#9241,#9243,.T.);
#9241 = VERTEX_POINT('',#9242);
#9242 = CARTESIAN_POINT('',(3.,2.11,-1.665334536938E-16));
#9243 = LINE('',#9244,#9245);
#9244 = CARTESIAN_POINT('',(2.724938966801,2.11,-1.665334536938E-16));
#9245 = VECTOR('',#9246,1.);
#9246 = DIRECTION('',(1.,1.110223024625E-16,0.));
#9247 = ORIENTED_EDGE('',*,*,#9248,.T.);
#9248 = EDGE_CURVE('',#9241,#9249,#9251,.T.);
#9249 = VERTEX_POINT('',#9250);
#9250 = CARTESIAN_POINT('',(3.,2.11,0.2));
#9251 = LINE('',#9252,#9253);
#9252 = CARTESIAN_POINT('',(3.,2.11,-1.665334536938E-16));
#9253 = VECTOR('',#9254,1.);
#9254 = DIRECTION('',(0.,0.,1.));
#9255 = ORIENTED_EDGE('',*,*,#9256,.T.);
#9256 = EDGE_CURVE('',#9249,#9257,#9259,.T.);
#9257 = VERTEX_POINT('',#9258);
#9258 = CARTESIAN_POINT('',(2.724938966801,2.11,0.2));
#9259 = LINE('',#9260,#9261);
#9260 = CARTESIAN_POINT('',(3.,2.11,0.2));
#9261 = VECTOR('',#9262,1.);
#9262 = DIRECTION('',(-1.,-1.110223024625E-16,0.));
#9263 = ORIENTED_EDGE('',*,*,#9264,.T.);
#9264 = EDGE_CURVE('',#9257,#9265,#9267,.T.);
#9265 = VERTEX_POINT('',#9266);
#9266 = CARTESIAN_POINT('',(2.6264581915,2.11,0.282635182233));
#9267 = CIRCLE('',#9268,0.1);
#9268 = AXIS2_PLACEMENT_3D('',#9269,#9270,#9271);
#9269 = CARTESIAN_POINT('',(2.724938966801,2.11,0.3));
#9270 = DIRECTION('',(-1.110223024625E-16,1.,0.));
#9271 = DIRECTION('',(0.,0.,-1.));
#9272 = ORIENTED_EDGE('',*,*,#9273,.T.);
#9273 = EDGE_CURVE('',#9265,#9274,#9276,.T.);
#9274 = VERTEX_POINT('',#9275);
#9275 = CARTESIAN_POINT('',(2.545442325904,2.11,0.7770944533));
#9276 = LINE('',#9277,#9278);
#9277 = CARTESIAN_POINT('',(2.6264581915,2.11,0.282635182233));
#9278 = VECTOR('',#9279,1.);
#9279 = DIRECTION('',(-0.161691392282,-1.795135065956E-17,0.986841372087
    ));
#9280 = ORIENTED_EDGE('',*,*,#9281,.T.);
#9281 = EDGE_CURVE('',#9274,#8275,#9282,.T.);
#9282 = CIRCLE('',#9283,0.3);
#9283 = AXIS2_PLACEMENT_3D('',#9284,#9285,#9286);
#9284 = CARTESIAN_POINT('',(2.25,2.11,0.725));
#9285 = DIRECTION('',(1.110223024625E-16,-1.,0.));
#9286 = DIRECTION('',(0.984807753012,1.093356242223E-16,0.173648177667)
  );
#9287 = ORIENTED_EDGE('',*,*,#8274,.T.);
#9288 = PLANE('',#9289);
#9289 = AXIS2_PLACEMENT_3D('',#9290,#9291,#9292);
#9290 = CARTESIAN_POINT('',(2.42560961319,2.11,0.548953137803));
#9291 = DIRECTION('',(1.110223024625E-16,-1.,0.));
#9292 = DIRECTION('',(0.,0.,1.));
#9293 = ADVANCED_FACE('',(#9294),#9313,.F.);
#9294 = FACE_BOUND('',#9295,.F.);
#9295 = EDGE_LOOP('',(#9296,#9297,#9306,#9312));
#9296 = ORIENTED_EDGE('',*,*,#7694,.T.);
#9297 = ORIENTED_EDGE('',*,*,#9298,.T.);
#9298 = EDGE_CURVE('',#7687,#9299,#9301,.T.);
#9299 = VERTEX_POINT('',#9300);
#9300 = CARTESIAN_POINT('',(2.348480775301,1.7,0.742364817767));
#9301 = CIRCLE('',#9302,0.1);
#9302 = AXIS2_PLACEMENT_3D('',#9303,#9304,#9305);
#9303 = CARTESIAN_POINT('',(2.25,1.7,0.725));
#9304 = DIRECTION('',(-1.110223024625E-16,1.,0.));
#9305 = DIRECTION('',(4.440892098501E-15,4.930380657631E-31,1.));
#9306 = ORIENTED_EDGE('',*,*,#9307,.F.);
#9307 = EDGE_CURVE('',#9215,#9299,#9308,.T.);
#9308 = LINE('',#9309,#9310);
#9309 = CARTESIAN_POINT('',(2.348480775301,2.11,0.742364817767));
#9310 = VECTOR('',#9311,1.);
#9311 = DIRECTION('',(1.110223024625E-16,-1.,0.));
#9312 = ORIENTED_EDGE('',*,*,#9214,.F.);
#9313 = CYLINDRICAL_SURFACE('',#9314,0.1);
#9314 = AXIS2_PLACEMENT_3D('',#9315,#9316,#9317);
#9315 = CARTESIAN_POINT('',(2.25,2.11,0.725));
#9316 = DIRECTION('',(-1.110223024625E-16,1.,0.));
#9317 = DIRECTION('',(4.440892098501E-15,4.930380657631E-31,1.));
#9318 = ADVANCED_FACE('',(#9319),#9390,.T.);
#9319 = FACE_BOUND('',#9320,.T.);
#9320 = EDGE_LOOP('',(#9321,#9322,#9323,#9324,#9332,#9341,#9349,#9357,
    #9365,#9374,#9382,#9389));
#9321 = ORIENTED_EDGE('',*,*,#7708,.F.);
#9322 = ORIENTED_EDGE('',*,*,#7686,.T.);
#9323 = ORIENTED_EDGE('',*,*,#9298,.T.);
#9324 = ORIENTED_EDGE('',*,*,#9325,.T.);
#9325 = EDGE_CURVE('',#9299,#9326,#9328,.T.);
#9326 = VERTEX_POINT('',#9327);
#9327 = CARTESIAN_POINT('',(2.429496640897,1.7,0.2479055467));
#9328 = LINE('',#9329,#9330);
#9329 = CARTESIAN_POINT('',(2.348480775301,1.7,0.742364817767));
#9330 = VECTOR('',#9331,1.);
#9331 = DIRECTION('',(0.161691392282,1.795135065956E-17,-0.986841372087)
  );
#9332 = ORIENTED_EDGE('',*,*,#9333,.T.);
#9333 = EDGE_CURVE('',#9326,#9334,#9336,.T.);
#9334 = VERTEX_POINT('',#9335);
#9335 = CARTESIAN_POINT('',(2.724938966801,1.7,-1.665334536938E-16));
#9336 = CIRCLE('',#9337,0.3);
#9337 = AXIS2_PLACEMENT_3D('',#9338,#9339,#9340);
#9338 = CARTESIAN_POINT('',(2.724938966801,1.7,0.3));
#9339 = DIRECTION('',(1.110223024625E-16,-1.,0.));
#9340 = DIRECTION('',(-0.984807753012,-1.093356242223E-16,
    -0.173648177667));
#9341 = ORIENTED_EDGE('',*,*,#9342,.T.);
#9342 = EDGE_CURVE('',#9334,#9343,#9345,.T.);
#9343 = VERTEX_POINT('',#9344);
#9344 = CARTESIAN_POINT('',(3.,1.7,-1.665334536938E-16));
#9345 = LINE('',#9346,#9347);
#9346 = CARTESIAN_POINT('',(2.724938966801,1.7,-1.665334536938E-16));
#9347 = VECTOR('',#9348,1.);
#9348 = DIRECTION('',(1.,1.110223024625E-16,0.));
#9349 = ORIENTED_EDGE('',*,*,#9350,.T.);
#9350 = EDGE_CURVE('',#9343,#9351,#9353,.T.);
#9351 = VERTEX_POINT('',#9352);
#9352 = CARTESIAN_POINT('',(3.,1.7,0.2));
#9353 = LINE('',#9354,#9355);
#9354 = CARTESIAN_POINT('',(3.,1.7,-1.665334536938E-16));
#9355 = VECTOR('',#9356,1.);
#9356 = DIRECTION('',(0.,0.,1.));
#9357 = ORIENTED_EDGE('',*,*,#9358,.T.);
#9358 = EDGE_CURVE('',#9351,#9359,#9361,.T.);
#9359 = VERTEX_POINT('',#9360);
#9360 = CARTESIAN_POINT('',(2.724938966801,1.7,0.2));
#9361 = LINE('',#9362,#9363);
#9362 = CARTESIAN_POINT('',(3.,1.7,0.2));
#9363 = VECTOR('',#9364,1.);
#9364 = DIRECTION('',(-1.,-1.110223024625E-16,0.));
#9365 = ORIENTED_EDGE('',*,*,#9366,.T.);
#9366 = EDGE_CURVE('',#9359,#9367,#9369,.T.);
#9367 = VERTEX_POINT('',#9368);
#9368 = CARTESIAN_POINT('',(2.6264581915,1.7,0.282635182233));
#9369 = CIRCLE('',#9370,0.1);
#9370 = AXIS2_PLACEMENT_3D('',#9371,#9372,#9373);
#9371 = CARTESIAN_POINT('',(2.724938966801,1.7,0.3));
#9372 = DIRECTION('',(-1.110223024625E-16,1.,0.));
#9373 = DIRECTION('',(0.,0.,-1.));
#9374 = ORIENTED_EDGE('',*,*,#9375,.T.);
#9375 = EDGE_CURVE('',#9367,#9376,#9378,.T.);
#9376 = VERTEX_POINT('',#9377);
#9377 = CARTESIAN_POINT('',(2.545442325904,1.7,0.7770944533));
#9378 = LINE('',#9379,#9380);
#9379 = CARTESIAN_POINT('',(2.6264581915,1.7,0.282635182233));
#9380 = VECTOR('',#9381,1.);
#9381 = DIRECTION('',(-0.161691392282,-1.795135065956E-17,0.986841372087
    ));
#9382 = ORIENTED_EDGE('',*,*,#9383,.T.);
#9383 = EDGE_CURVE('',#9376,#8283,#9384,.T.);
#9384 = CIRCLE('',#9385,0.3);
#9385 = AXIS2_PLACEMENT_3D('',#9386,#9387,#9388);
#9386 = CARTESIAN_POINT('',(2.25,1.7,0.725));
#9387 = DIRECTION('',(1.110223024625E-16,-1.,0.));
#9388 = DIRECTION('',(0.984807753012,1.093356242223E-16,0.173648177667)
  );
#9389 = ORIENTED_EDGE('',*,*,#8290,.T.);
#9390 = PLANE('',#9391);
#9391 = AXIS2_PLACEMENT_3D('',#9392,#9393,#9394);
#9392 = CARTESIAN_POINT('',(2.42560961319,1.7,0.548953137803));
#9393 = DIRECTION('',(1.110223024625E-16,-1.,0.));
#9394 = DIRECTION('',(0.,0.,1.));
#9395 = ADVANCED_FACE('',(#9396),#9407,.F.);
#9396 = FACE_BOUND('',#9397,.F.);
#9397 = EDGE_LOOP('',(#9398,#9399,#9400,#9406));
#9398 = ORIENTED_EDGE('',*,*,#8296,.F.);
#9399 = ORIENTED_EDGE('',*,*,#7725,.T.);
#9400 = ORIENTED_EDGE('',*,*,#9401,.T.);
#9401 = EDGE_CURVE('',#7718,#8197,#9402,.T.);
#9402 = LINE('',#9403,#9404);
#9403 = CARTESIAN_POINT('',(2.25,0.84,1.025));
#9404 = VECTOR('',#9405,1.);
#9405 = DIRECTION('',(-1.,-1.110223024625E-16,0.));
#9406 = ORIENTED_EDGE('',*,*,#8196,.F.);
#9407 = PLANE('',#9408);
#9408 = AXIS2_PLACEMENT_3D('',#9409,#9410,#9411);
#9409 = CARTESIAN_POINT('',(-3.027078129022E-16,2.4125,1.025));
#9410 = DIRECTION('',(2.007919022429E-31,-7.713306628828E-27,-1.));
#9411 = DIRECTION('',(1.,1.112083013911E-16,2.00791902242E-31));
#9412 = ADVANCED_FACE('',(#9413),#9499,.F.);
#9413 = FACE_BOUND('',#9414,.F.);
#9414 = EDGE_LOOP('',(#9415,#9416,#9417,#9426,#9434,#9443,#9451,#9459,
    #9467,#9476,#9484,#9493));
#9415 = ORIENTED_EDGE('',*,*,#7717,.F.);
#9416 = ORIENTED_EDGE('',*,*,#7739,.T.);
#9417 = ORIENTED_EDGE('',*,*,#9418,.T.);
#9418 = EDGE_CURVE('',#7740,#9419,#9421,.T.);
#9419 = VERTEX_POINT('',#9420);
#9420 = CARTESIAN_POINT('',(2.348480775301,0.84,0.742364817767));
#9421 = CIRCLE('',#9422,0.1);
#9422 = AXIS2_PLACEMENT_3D('',#9423,#9424,#9425);
#9423 = CARTESIAN_POINT('',(2.25,0.84,0.725));
#9424 = DIRECTION('',(-1.110223024625E-16,1.,0.));
#9425 = DIRECTION('',(4.440892098501E-15,4.930380657631E-31,1.));
#9426 = ORIENTED_EDGE('',*,*,#9427,.T.);
#9427 = EDGE_CURVE('',#9419,#9428,#9430,.T.);
#9428 = VERTEX_POINT('',#9429);
#9429 = CARTESIAN_POINT('',(2.429496640897,0.84,0.2479055467));
#9430 = LINE('',#9431,#9432);
#9431 = CARTESIAN_POINT('',(2.348480775301,0.84,0.742364817767));
#9432 = VECTOR('',#9433,1.);
#9433 = DIRECTION('',(0.161691392282,1.795135065956E-17,-0.986841372087)
  );
#9434 = ORIENTED_EDGE('',*,*,#9435,.T.);
#9435 = EDGE_CURVE('',#9428,#9436,#9438,.T.);
#9436 = VERTEX_POINT('',#9437);
#9437 = CARTESIAN_POINT('',(2.724938966801,0.84,-1.665334536938E-16));
#9438 = CIRCLE('',#9439,0.3);
#9439 = AXIS2_PLACEMENT_3D('',#9440,#9441,#9442);
#9440 = CARTESIAN_POINT('',(2.724938966801,0.84,0.3));
#9441 = DIRECTION('',(1.110223024625E-16,-1.,0.));
#9442 = DIRECTION('',(-0.984807753012,-1.093356242223E-16,
    -0.173648177667));
#9443 = ORIENTED_EDGE('',*,*,#9444,.T.);
#9444 = EDGE_CURVE('',#9436,#9445,#9447,.T.);
#9445 = VERTEX_POINT('',#9446);
#9446 = CARTESIAN_POINT('',(3.,0.84,-1.665334536938E-16));
#9447 = LINE('',#9448,#9449);
#9448 = CARTESIAN_POINT('',(2.724938966801,0.84,-1.665334536938E-16));
#9449 = VECTOR('',#9450,1.);
#9450 = DIRECTION('',(1.,1.110223024625E-16,0.));
#9451 = ORIENTED_EDGE('',*,*,#9452,.T.);
#9452 = EDGE_CURVE('',#9445,#9453,#9455,.T.);
#9453 = VERTEX_POINT('',#9454);
#9454 = CARTESIAN_POINT('',(3.,0.84,0.2));
#9455 = LINE('',#9456,#9457);
#9456 = CARTESIAN_POINT('',(3.,0.84,-1.665334536938E-16));
#9457 = VECTOR('',#9458,1.);
#9458 = DIRECTION('',(0.,0.,1.));
#9459 = ORIENTED_EDGE('',*,*,#9460,.T.);
#9460 = EDGE_CURVE('',#9453,#9461,#9463,.T.);
#9461 = VERTEX_POINT('',#9462);
#9462 = CARTESIAN_POINT('',(2.724938966801,0.84,0.2));
#9463 = LINE('',#9464,#9465);
#9464 = CARTESIAN_POINT('',(3.,0.84,0.2));
#9465 = VECTOR('',#9466,1.);
#9466 = DIRECTION('',(-1.,-1.110223024625E-16,0.));
#9467 = ORIENTED_EDGE('',*,*,#9468,.T.);
#9468 = EDGE_CURVE('',#9461,#9469,#9471,.T.);
#9469 = VERTEX_POINT('',#9470);
#9470 = CARTESIAN_POINT('',(2.6264581915,0.84,0.282635182233));
#9471 = CIRCLE('',#9472,0.1);
#9472 = AXIS2_PLACEMENT_3D('',#9473,#9474,#9475);
#9473 = CARTESIAN_POINT('',(2.724938966801,0.84,0.3));
#9474 = DIRECTION('',(-1.110223024625E-16,1.,0.));
#9475 = DIRECTION('',(0.,0.,-1.));
#9476 = ORIENTED_EDGE('',*,*,#9477,.T.);
#9477 = EDGE_CURVE('',#9469,#9478,#9480,.T.);
#9478 = VERTEX_POINT('',#9479);
#9479 = CARTESIAN_POINT('',(2.545442325904,0.84,0.7770944533));
#9480 = LINE('',#9481,#9482);
#9481 = CARTESIAN_POINT('',(2.6264581915,0.84,0.282635182233));
#9482 = VECTOR('',#9483,1.);
#9483 = DIRECTION('',(-0.161691392282,-1.795135065956E-17,0.986841372087
    ));
#9484 = ORIENTED_EDGE('',*,*,#9485,.T.);
#9485 = EDGE_CURVE('',#9478,#9486,#9488,.T.);
#9486 = VERTEX_POINT('',#9487);
#9487 = CARTESIAN_POINT('',(2.25,0.84,1.025));
#9488 = CIRCLE('',#9489,0.3);
#9489 = AXIS2_PLACEMENT_3D('',#9490,#9491,#9492);
#9490 = CARTESIAN_POINT('',(2.25,0.84,0.725));
#9491 = DIRECTION('',(1.110223024625E-16,-1.,0.));
#9492 = DIRECTION('',(0.984807753012,1.093356242223E-16,0.173648177667)
  );
#9493 = ORIENTED_EDGE('',*,*,#9494,.T.);
#9494 = EDGE_CURVE('',#9486,#7718,#9495,.T.);
#9495 = LINE('',#9496,#9497);
#9496 = CARTESIAN_POINT('',(2.25,0.84,1.025));
#9497 = VECTOR('',#9498,1.);
#9498 = DIRECTION('',(-1.,-1.110223024625E-16,0.));
#9499 = PLANE('',#9500);
#9500 = AXIS2_PLACEMENT_3D('',#9501,#9502,#9503);
#9501 = CARTESIAN_POINT('',(2.42560961319,0.84,0.548953137803));
#9502 = DIRECTION('',(1.110223024625E-16,-1.,0.));
#9503 = DIRECTION('',(0.,0.,1.));
#9504 = ADVANCED_FACE('',(#9505),#9524,.F.);
#9505 = FACE_BOUND('',#9506,.F.);
#9506 = EDGE_LOOP('',(#9507,#9508,#9517,#9523));
#9507 = ORIENTED_EDGE('',*,*,#7756,.T.);
#9508 = ORIENTED_EDGE('',*,*,#9509,.T.);
#9509 = EDGE_CURVE('',#7749,#9510,#9512,.T.);
#9510 = VERTEX_POINT('',#9511);
#9511 = CARTESIAN_POINT('',(2.348480775301,0.43,0.742364817767));
#9512 = CIRCLE('',#9513,0.1);
#9513 = AXIS2_PLACEMENT_3D('',#9514,#9515,#9516);
#9514 = CARTESIAN_POINT('',(2.25,0.43,0.725));
#9515 = DIRECTION('',(-1.110223024625E-16,1.,0.));
#9516 = DIRECTION('',(4.440892098501E-15,4.930380657631E-31,1.));
#9517 = ORIENTED_EDGE('',*,*,#9518,.F.);
#9518 = EDGE_CURVE('',#9419,#9510,#9519,.T.);
#9519 = LINE('',#9520,#9521);
#9520 = CARTESIAN_POINT('',(2.348480775301,0.84,0.742364817767));
#9521 = VECTOR('',#9522,1.);
#9522 = DIRECTION('',(1.110223024625E-16,-1.,0.));
#9523 = ORIENTED_EDGE('',*,*,#9418,.F.);
#9524 = CYLINDRICAL_SURFACE('',#9525,0.1);
#9525 = AXIS2_PLACEMENT_3D('',#9526,#9527,#9528);
#9526 = CARTESIAN_POINT('',(2.25,0.84,0.725));
#9527 = DIRECTION('',(-1.110223024625E-16,1.,0.));
#9528 = DIRECTION('',(4.440892098501E-15,4.930380657631E-31,1.));
#9529 = ADVANCED_FACE('',(#9530),#9608,.T.);
#9530 = FACE_BOUND('',#9531,.T.);
#9531 = EDGE_LOOP('',(#9532,#9533,#9534,#9535,#9543,#9552,#9560,#9568,
    #9576,#9585,#9593,#9602));
#9532 = ORIENTED_EDGE('',*,*,#7770,.F.);
#9533 = ORIENTED_EDGE('',*,*,#7748,.T.);
#9534 = ORIENTED_EDGE('',*,*,#9509,.T.);
#9535 = ORIENTED_EDGE('',*,*,#9536,.T.);
#9536 = EDGE_CURVE('',#9510,#9537,#9539,.T.);
#9537 = VERTEX_POINT('',#9538);
#9538 = CARTESIAN_POINT('',(2.429496640897,0.43,0.2479055467));
#9539 = LINE('',#9540,#9541);
#9540 = CARTESIAN_POINT('',(2.348480775301,0.43,0.742364817767));
#9541 = VECTOR('',#9542,1.);
#9542 = DIRECTION('',(0.161691392282,1.795135065956E-17,-0.986841372087)
  );
#9543 = ORIENTED_EDGE('',*,*,#9544,.T.);
#9544 = EDGE_CURVE('',#9537,#9545,#9547,.T.);
#9545 = VERTEX_POINT('',#9546);
#9546 = CARTESIAN_POINT('',(2.724938966801,0.43,-1.665334536938E-16));
#9547 = CIRCLE('',#9548,0.3);
#9548 = AXIS2_PLACEMENT_3D('',#9549,#9550,#9551);
#9549 = CARTESIAN_POINT('',(2.724938966801,0.43,0.3));
#9550 = DIRECTION('',(1.110223024625E-16,-1.,0.));
#9551 = DIRECTION('',(-0.984807753012,-1.093356242223E-16,
    -0.173648177667));
#9552 = ORIENTED_EDGE('',*,*,#9553,.T.);
#9553 = EDGE_CURVE('',#9545,#9554,#9556,.T.);
#9554 = VERTEX_POINT('',#9555);
#9555 = CARTESIAN_POINT('',(3.,0.43,-1.665334536938E-16));
#9556 = LINE('',#9557,#9558);
#9557 = CARTESIAN_POINT('',(2.724938966801,0.43,-1.665334536938E-16));
#9558 = VECTOR('',#9559,1.);
#9559 = DIRECTION('',(1.,1.110223024625E-16,0.));
#9560 = ORIENTED_EDGE('',*,*,#9561,.T.);
#9561 = EDGE_CURVE('',#9554,#9562,#9564,.T.);
#9562 = VERTEX_POINT('',#9563);
#9563 = CARTESIAN_POINT('',(3.,0.43,0.2));
#9564 = LINE('',#9565,#9566);
#9565 = CARTESIAN_POINT('',(3.,0.43,-1.665334536938E-16));
#9566 = VECTOR('',#9567,1.);
#9567 = DIRECTION('',(0.,0.,1.));
#9568 = ORIENTED_EDGE('',*,*,#9569,.T.);
#9569 = EDGE_CURVE('',#9562,#9570,#9572,.T.);
#9570 = VERTEX_POINT('',#9571);
#9571 = CARTESIAN_POINT('',(2.724938966801,0.43,0.2));
#9572 = LINE('',#9573,#9574);
#9573 = CARTESIAN_POINT('',(3.,0.43,0.2));
#9574 = VECTOR('',#9575,1.);
#9575 = DIRECTION('',(-1.,-1.110223024625E-16,0.));
#9576 = ORIENTED_EDGE('',*,*,#9577,.T.);
#9577 = EDGE_CURVE('',#9570,#9578,#9580,.T.);
#9578 = VERTEX_POINT('',#9579);
#9579 = CARTESIAN_POINT('',(2.6264581915,0.43,0.282635182233));
#9580 = CIRCLE('',#9581,0.1);
#9581 = AXIS2_PLACEMENT_3D('',#9582,#9583,#9584);
#9582 = CARTESIAN_POINT('',(2.724938966801,0.43,0.3));
#9583 = DIRECTION('',(-1.110223024625E-16,1.,0.));
#9584 = DIRECTION('',(0.,0.,-1.));
#9585 = ORIENTED_EDGE('',*,*,#9586,.T.);
#9586 = EDGE_CURVE('',#9578,#9587,#9589,.T.);
#9587 = VERTEX_POINT('',#9588);
#9588 = CARTESIAN_POINT('',(2.545442325904,0.43,0.7770944533));
#9589 = LINE('',#9590,#9591);
#9590 = CARTESIAN_POINT('',(2.6264581915,0.43,0.282635182233));
#9591 = VECTOR('',#9592,1.);
#9592 = DIRECTION('',(-0.161691392282,-1.795135065956E-17,0.986841372087
    ));
#9593 = ORIENTED_EDGE('',*,*,#9594,.T.);
#9594 = EDGE_CURVE('',#9587,#9595,#9597,.T.);
#9595 = VERTEX_POINT('',#9596);
#9596 = CARTESIAN_POINT('',(2.25,0.43,1.025));
#9597 = CIRCLE('',#9598,0.3);
#9598 = AXIS2_PLACEMENT_3D('',#9599,#9600,#9601);
#9599 = CARTESIAN_POINT('',(2.25,0.43,0.725));
#9600 = DIRECTION('',(1.110223024625E-16,-1.,0.));
#9601 = DIRECTION('',(0.984807753012,1.093356242223E-16,0.173648177667)
  );
#9602 = ORIENTED_EDGE('',*,*,#9603,.T.);
#9603 = EDGE_CURVE('',#9595,#7771,#9604,.T.);
#9604 = LINE('',#9605,#9606);
#9605 = CARTESIAN_POINT('',(2.25,0.43,1.025));
#9606 = VECTOR('',#9607,1.);
#9607 = DIRECTION('',(-1.,-1.110223024625E-16,0.));
#9608 = PLANE('',#9609);
#9609 = AXIS2_PLACEMENT_3D('',#9610,#9611,#9612);
#9610 = CARTESIAN_POINT('',(2.42560961319,0.43,0.548953137803));
#9611 = DIRECTION('',(1.110223024625E-16,-1.,0.));
#9612 = DIRECTION('',(0.,0.,1.));
#9613 = ADVANCED_FACE('',(#9614),#9630,.F.);
#9614 = FACE_BOUND('',#9615,.F.);
#9615 = EDGE_LOOP('',(#9616,#9622,#9623,#9629));
#9616 = ORIENTED_EDGE('',*,*,#9617,.F.);
#9617 = EDGE_CURVE('',#7771,#8205,#9618,.T.);
#9618 = LINE('',#9619,#9620);
#9619 = CARTESIAN_POINT('',(2.25,0.43,1.025));
#9620 = VECTOR('',#9621,1.);
#9621 = DIRECTION('',(-1.,-1.110223024625E-16,0.));
#9622 = ORIENTED_EDGE('',*,*,#7787,.T.);
#9623 = ORIENTED_EDGE('',*,*,#9624,.T.);
#9624 = EDGE_CURVE('',#7780,#8213,#9625,.T.);
#9625 = LINE('',#9626,#9627);
#9626 = CARTESIAN_POINT('',(2.25,-0.43,1.025));
#9627 = VECTOR('',#9628,1.);
#9628 = DIRECTION('',(-1.,-1.110223024625E-16,0.));
#9629 = ORIENTED_EDGE('',*,*,#8212,.F.);
#9630 = PLANE('',#9631);
#9631 = AXIS2_PLACEMENT_3D('',#9632,#9633,#9634);
#9632 = CARTESIAN_POINT('',(-3.027078129022E-16,2.4125,1.025));
#9633 = DIRECTION('',(2.007919022429E-31,-7.713306628828E-27,-1.));
#9634 = DIRECTION('',(1.,1.112083013911E-16,2.00791902242E-31));
#9635 = ADVANCED_FACE('',(#9636),#9722,.F.);
#9636 = FACE_BOUND('',#9637,.F.);
#9637 = EDGE_LOOP('',(#9638,#9639,#9640,#9649,#9657,#9666,#9674,#9682,
    #9690,#9699,#9707,#9716));
#9638 = ORIENTED_EDGE('',*,*,#7779,.F.);
#9639 = ORIENTED_EDGE('',*,*,#7801,.T.);
#9640 = ORIENTED_EDGE('',*,*,#9641,.T.);
#9641 = EDGE_CURVE('',#7802,#9642,#9644,.T.);
#9642 = VERTEX_POINT('',#9643);
#9643 = CARTESIAN_POINT('',(2.348480775301,-0.43,0.742364817767));
#9644 = CIRCLE('',#9645,0.1);
#9645 = AXIS2_PLACEMENT_3D('',#9646,#9647,#9648);
#9646 = CARTESIAN_POINT('',(2.25,-0.43,0.725));
#9647 = DIRECTION('',(-1.110223024625E-16,1.,0.));
#9648 = DIRECTION('',(4.440892098501E-15,4.930380657631E-31,1.));
#9649 = ORIENTED_EDGE('',*,*,#9650,.T.);
#9650 = EDGE_CURVE('',#9642,#9651,#9653,.T.);
#9651 = VERTEX_POINT('',#9652);
#9652 = CARTESIAN_POINT('',(2.429496640897,-0.43,0.2479055467));
#9653 = LINE('',#9654,#9655);
#9654 = CARTESIAN_POINT('',(2.348480775301,-0.43,0.742364817767));
#9655 = VECTOR('',#9656,1.);
#9656 = DIRECTION('',(0.161691392282,1.795135065956E-17,-0.986841372087)
  );
#9657 = ORIENTED_EDGE('',*,*,#9658,.T.);
#9658 = EDGE_CURVE('',#9651,#9659,#9661,.T.);
#9659 = VERTEX_POINT('',#9660);
#9660 = CARTESIAN_POINT('',(2.724938966801,-0.43,-1.665334536938E-16));
#9661 = CIRCLE('',#9662,0.3);
#9662 = AXIS2_PLACEMENT_3D('',#9663,#9664,#9665);
#9663 = CARTESIAN_POINT('',(2.724938966801,-0.43,0.3));
#9664 = DIRECTION('',(1.110223024625E-16,-1.,0.));
#9665 = DIRECTION('',(-0.984807753012,-1.093356242223E-16,
    -0.173648177667));
#9666 = ORIENTED_EDGE('',*,*,#9667,.T.);
#9667 = EDGE_CURVE('',#9659,#9668,#9670,.T.);
#9668 = VERTEX_POINT('',#9669);
#9669 = CARTESIAN_POINT('',(3.,-0.43,-1.665334536938E-16));
#9670 = LINE('',#9671,#9672);
#9671 = CARTESIAN_POINT('',(2.724938966801,-0.43,-1.665334536938E-16));
#9672 = VECTOR('',#9673,1.);
#9673 = DIRECTION('',(1.,1.110223024625E-16,0.));
#9674 = ORIENTED_EDGE('',*,*,#9675,.T.);
#9675 = EDGE_CURVE('',#9668,#9676,#9678,.T.);
#9676 = VERTEX_POINT('',#9677);
#9677 = CARTESIAN_POINT('',(3.,-0.43,0.2));
#9678 = LINE('',#9679,#9680);
#9679 = CARTESIAN_POINT('',(3.,-0.43,-1.665334536938E-16));
#9680 = VECTOR('',#9681,1.);
#9681 = DIRECTION('',(0.,0.,1.));
#9682 = ORIENTED_EDGE('',*,*,#9683,.T.);
#9683 = EDGE_CURVE('',#9676,#9684,#9686,.T.);
#9684 = VERTEX_POINT('',#9685);
#9685 = CARTESIAN_POINT('',(2.724938966801,-0.43,0.2));
#9686 = LINE('',#9687,#9688);
#9687 = CARTESIAN_POINT('',(3.,-0.43,0.2));
#9688 = VECTOR('',#9689,1.);
#9689 = DIRECTION('',(-1.,-1.110223024625E-16,0.));
#9690 = ORIENTED_EDGE('',*,*,#9691,.T.);
#9691 = EDGE_CURVE('',#9684,#9692,#9694,.T.);
#9692 = VERTEX_POINT('',#9693);
#9693 = CARTESIAN_POINT('',(2.6264581915,-0.43,0.282635182233));
#9694 = CIRCLE('',#9695,0.1);
#9695 = AXIS2_PLACEMENT_3D('',#9696,#9697,#9698);
#9696 = CARTESIAN_POINT('',(2.724938966801,-0.43,0.3));
#9697 = DIRECTION('',(-1.110223024625E-16,1.,0.));
#9698 = DIRECTION('',(0.,0.,-1.));
#9699 = ORIENTED_EDGE('',*,*,#9700,.T.);
#9700 = EDGE_CURVE('',#9692,#9701,#9703,.T.);
#9701 = VERTEX_POINT('',#9702);
#9702 = CARTESIAN_POINT('',(2.545442325904,-0.43,0.7770944533));
#9703 = LINE('',#9704,#9705);
#9704 = CARTESIAN_POINT('',(2.6264581915,-0.43,0.282635182233));
#9705 = VECTOR('',#9706,1.);
#9706 = DIRECTION('',(-0.161691392282,-1.795135065956E-17,0.986841372087
    ));
#9707 = ORIENTED_EDGE('',*,*,#9708,.T.);
#9708 = EDGE_CURVE('',#9701,#9709,#9711,.T.);
#9709 = VERTEX_POINT('',#9710);
#9710 = CARTESIAN_POINT('',(2.25,-0.43,1.025));
#9711 = CIRCLE('',#9712,0.3);
#9712 = AXIS2_PLACEMENT_3D('',#9713,#9714,#9715);
#9713 = CARTESIAN_POINT('',(2.25,-0.43,0.725));
#9714 = DIRECTION('',(1.110223024625E-16,-1.,0.));
#9715 = DIRECTION('',(0.984807753012,1.093356242223E-16,0.173648177667)
  );
#9716 = ORIENTED_EDGE('',*,*,#9717,.T.);
#9717 = EDGE_CURVE('',#9709,#7780,#9718,.T.);
#9718 = LINE('',#9719,#9720);
#9719 = CARTESIAN_POINT('',(2.25,-0.43,1.025));
#9720 = VECTOR('',#9721,1.);
#9721 = DIRECTION('',(-1.,-1.110223024625E-16,0.));
#9722 = PLANE('',#9723);
#9723 = AXIS2_PLACEMENT_3D('',#9724,#9725,#9726);
#9724 = CARTESIAN_POINT('',(2.42560961319,-0.43,0.548953137803));
#9725 = DIRECTION('',(1.110223024625E-16,-1.,0.));
#9726 = DIRECTION('',(0.,0.,1.));
#9727 = ADVANCED_FACE('',(#9728),#9747,.F.);
#9728 = FACE_BOUND('',#9729,.F.);
#9729 = EDGE_LOOP('',(#9730,#9731,#9740,#9746));
#9730 = ORIENTED_EDGE('',*,*,#7818,.T.);
#9731 = ORIENTED_EDGE('',*,*,#9732,.T.);
#9732 = EDGE_CURVE('',#7811,#9733,#9735,.T.);
#9733 = VERTEX_POINT('',#9734);
#9734 = CARTESIAN_POINT('',(2.348480775301,-0.84,0.742364817767));
#9735 = CIRCLE('',#9736,0.1);
#9736 = AXIS2_PLACEMENT_3D('',#9737,#9738,#9739);
#9737 = CARTESIAN_POINT('',(2.25,-0.84,0.725));
#9738 = DIRECTION('',(-1.110223024625E-16,1.,0.));
#9739 = DIRECTION('',(4.440892098501E-15,4.930380657631E-31,1.));
#9740 = ORIENTED_EDGE('',*,*,#9741,.F.);
#9741 = EDGE_CURVE('',#9642,#9733,#9742,.T.);
#9742 = LINE('',#9743,#9744);
#9743 = CARTESIAN_POINT('',(2.348480775301,-0.43,0.742364817767));
#9744 = VECTOR('',#9745,1.);
#9745 = DIRECTION('',(1.110223024625E-16,-1.,0.));
#9746 = ORIENTED_EDGE('',*,*,#9641,.F.);
#9747 = CYLINDRICAL_SURFACE('',#9748,0.1);
#9748 = AXIS2_PLACEMENT_3D('',#9749,#9750,#9751);
#9749 = CARTESIAN_POINT('',(2.25,-0.43,0.725));
#9750 = DIRECTION('',(-1.110223024625E-16,1.,0.));
#9751 = DIRECTION('',(4.440892098501E-15,4.930380657631E-31,1.));
#9752 = ADVANCED_FACE('',(#9753),#9831,.T.);
#9753 = FACE_BOUND('',#9754,.T.);
#9754 = EDGE_LOOP('',(#9755,#9756,#9757,#9758,#9766,#9775,#9783,#9791,
    #9799,#9808,#9816,#9825));
#9755 = ORIENTED_EDGE('',*,*,#7832,.F.);
#9756 = ORIENTED_EDGE('',*,*,#7810,.T.);
#9757 = ORIENTED_EDGE('',*,*,#9732,.T.);
#9758 = ORIENTED_EDGE('',*,*,#9759,.T.);
#9759 = EDGE_CURVE('',#9733,#9760,#9762,.T.);
#9760 = VERTEX_POINT('',#9761);
#9761 = CARTESIAN_POINT('',(2.429496640897,-0.84,0.2479055467));
#9762 = LINE('',#9763,#9764);
#9763 = CARTESIAN_POINT('',(2.348480775301,-0.84,0.742364817767));
#9764 = VECTOR('',#9765,1.);
#9765 = DIRECTION('',(0.161691392282,1.795135065956E-17,-0.986841372087)
  );
#9766 = ORIENTED_EDGE('',*,*,#9767,.T.);
#9767 = EDGE_CURVE('',#9760,#9768,#9770,.T.);
#9768 = VERTEX_POINT('',#9769);
#9769 = CARTESIAN_POINT('',(2.724938966801,-0.84,-1.665334536938E-16));
#9770 = CIRCLE('',#9771,0.3);
#9771 = AXIS2_PLACEMENT_3D('',#9772,#9773,#9774);
#9772 = CARTESIAN_POINT('',(2.724938966801,-0.84,0.3));
#9773 = DIRECTION('',(1.110223024625E-16,-1.,0.));
#9774 = DIRECTION('',(-0.984807753012,-1.093356242223E-16,
    -0.173648177667));
#9775 = ORIENTED_EDGE('',*,*,#9776,.T.);
#9776 = EDGE_CURVE('',#9768,#9777,#9779,.T.);
#9777 = VERTEX_POINT('',#9778);
#9778 = CARTESIAN_POINT('',(3.,-0.84,-1.665334536938E-16));
#9779 = LINE('',#9780,#9781);
#9780 = CARTESIAN_POINT('',(2.724938966801,-0.84,-1.665334536938E-16));
#9781 = VECTOR('',#9782,1.);
#9782 = DIRECTION('',(1.,1.110223024625E-16,0.));
#9783 = ORIENTED_EDGE('',*,*,#9784,.T.);
#9784 = EDGE_CURVE('',#9777,#9785,#9787,.T.);
#9785 = VERTEX_POINT('',#9786);
#9786 = CARTESIAN_POINT('',(3.,-0.84,0.2));
#9787 = LINE('',#9788,#9789);
#9788 = CARTESIAN_POINT('',(3.,-0.84,-1.665334536938E-16));
#9789 = VECTOR('',#9790,1.);
#9790 = DIRECTION('',(0.,0.,1.));
#9791 = ORIENTED_EDGE('',*,*,#9792,.T.);
#9792 = EDGE_CURVE('',#9785,#9793,#9795,.T.);
#9793 = VERTEX_POINT('',#9794);
#9794 = CARTESIAN_POINT('',(2.724938966801,-0.84,0.2));
#9795 = LINE('',#9796,#9797);
#9796 = CARTESIAN_POINT('',(3.,-0.84,0.2));
#9797 = VECTOR('',#9798,1.);
#9798 = DIRECTION('',(-1.,-1.110223024625E-16,0.));
#9799 = ORIENTED_EDGE('',*,*,#9800,.T.);
#9800 = EDGE_CURVE('',#9793,#9801,#9803,.T.);
#9801 = VERTEX_POINT('',#9802);
#9802 = CARTESIAN_POINT('',(2.6264581915,-0.84,0.282635182233));
#9803 = CIRCLE('',#9804,0.1);
#9804 = AXIS2_PLACEMENT_3D('',#9805,#9806,#9807);
#9805 = CARTESIAN_POINT('',(2.724938966801,-0.84,0.3));
#9806 = DIRECTION('',(-1.110223024625E-16,1.,0.));
#9807 = DIRECTION('',(0.,0.,-1.));
#9808 = ORIENTED_EDGE('',*,*,#9809,.T.);
#9809 = EDGE_CURVE('',#9801,#9810,#9812,.T.);
#9810 = VERTEX_POINT('',#9811);
#9811 = CARTESIAN_POINT('',(2.545442325904,-0.84,0.7770944533));
#9812 = LINE('',#9813,#9814);
#9813 = CARTESIAN_POINT('',(2.6264581915,-0.84,0.282635182233));
#9814 = VECTOR('',#9815,1.);
#9815 = DIRECTION('',(-0.161691392282,-1.795135065956E-17,0.986841372087
    ));
#9816 = ORIENTED_EDGE('',*,*,#9817,.T.);
#9817 = EDGE_CURVE('',#9810,#9818,#9820,.T.);
#9818 = VERTEX_POINT('',#9819);
#9819 = CARTESIAN_POINT('',(2.25,-0.84,1.025));
#9820 = CIRCLE('',#9821,0.3);
#9821 = AXIS2_PLACEMENT_3D('',#9822,#9823,#9824);
#9822 = CARTESIAN_POINT('',(2.25,-0.84,0.725));
#9823 = DIRECTION('',(1.110223024625E-16,-1.,0.));
#9824 = DIRECTION('',(0.984807753012,1.093356242223E-16,0.173648177667)
  );
#9825 = ORIENTED_EDGE('',*,*,#9826,.T.);
#9826 = EDGE_CURVE('',#9818,#7833,#9827,.T.);
#9827 = LINE('',#9828,#9829);
#9828 = CARTESIAN_POINT('',(2.25,-0.84,1.025));
#9829 = VECTOR('',#9830,1.);
#9830 = DIRECTION('',(-1.,-1.110223024625E-16,0.));
#9831 = PLANE('',#9832);
#9832 = AXIS2_PLACEMENT_3D('',#9833,#9834,#9835);
#9833 = CARTESIAN_POINT('',(2.42560961319,-0.84,0.548953137803));
#9834 = DIRECTION('',(1.110223024625E-16,-1.,0.));
#9835 = DIRECTION('',(0.,0.,1.));
#9836 = ADVANCED_FACE('',(#9837),#9853,.F.);
#9837 = FACE_BOUND('',#9838,.F.);
#9838 = EDGE_LOOP('',(#9839,#9845,#9846,#9852));
#9839 = ORIENTED_EDGE('',*,*,#9840,.F.);
#9840 = EDGE_CURVE('',#7833,#8221,#9841,.T.);
#9841 = LINE('',#9842,#9843);
#9842 = CARTESIAN_POINT('',(2.25,-0.84,1.025));
#9843 = VECTOR('',#9844,1.);
#9844 = DIRECTION('',(-1.,-1.110223024625E-16,0.));
#9845 = ORIENTED_EDGE('',*,*,#7849,.T.);
#9846 = ORIENTED_EDGE('',*,*,#9847,.T.);
#9847 = EDGE_CURVE('',#7842,#8229,#9848,.T.);
#9848 = LINE('',#9849,#9850);
#9849 = CARTESIAN_POINT('',(2.25,-1.7,1.025));
#9850 = VECTOR('',#9851,1.);
#9851 = DIRECTION('',(-1.,-1.110223024625E-16,0.));
#9852 = ORIENTED_EDGE('',*,*,#8228,.F.);
#9853 = PLANE('',#9854);
#9854 = AXIS2_PLACEMENT_3D('',#9855,#9856,#9857);
#9855 = CARTESIAN_POINT('',(-3.027078129022E-16,2.4125,1.025));
#9856 = DIRECTION('',(2.007919022429E-31,-7.713306628828E-27,-1.));
#9857 = DIRECTION('',(1.,1.112083013911E-16,2.00791902242E-31));
#9858 = ADVANCED_FACE('',(#9859),#9945,.F.);
#9859 = FACE_BOUND('',#9860,.F.);
#9860 = EDGE_LOOP('',(#9861,#9862,#9863,#9872,#9880,#9889,#9897,#9905,
    #9913,#9922,#9930,#9939));
#9861 = ORIENTED_EDGE('',*,*,#7841,.F.);
#9862 = ORIENTED_EDGE('',*,*,#7863,.T.);
#9863 = ORIENTED_EDGE('',*,*,#9864,.T.);
#9864 = EDGE_CURVE('',#7864,#9865,#9867,.T.);
#9865 = VERTEX_POINT('',#9866);
#9866 = CARTESIAN_POINT('',(2.348480775301,-1.7,0.742364817767));
#9867 = CIRCLE('',#9868,0.1);
#9868 = AXIS2_PLACEMENT_3D('',#9869,#9870,#9871);
#9869 = CARTESIAN_POINT('',(2.25,-1.7,0.725));
#9870 = DIRECTION('',(-1.110223024625E-16,1.,0.));
#9871 = DIRECTION('',(4.440892098501E-15,4.930380657631E-31,1.));
#9872 = ORIENTED_EDGE('',*,*,#9873,.T.);
#9873 = EDGE_CURVE('',#9865,#9874,#9876,.T.);
#9874 = VERTEX_POINT('',#9875);
#9875 = CARTESIAN_POINT('',(2.429496640897,-1.7,0.2479055467));
#9876 = LINE('',#9877,#9878);
#9877 = CARTESIAN_POINT('',(2.348480775301,-1.7,0.742364817767));
#9878 = VECTOR('',#9879,1.);
#9879 = DIRECTION('',(0.161691392282,1.795135065956E-17,-0.986841372087)
  );
#9880 = ORIENTED_EDGE('',*,*,#9881,.T.);
#9881 = EDGE_CURVE('',#9874,#9882,#9884,.T.);
#9882 = VERTEX_POINT('',#9883);
#9883 = CARTESIAN_POINT('',(2.724938966801,-1.7,-1.665334536938E-16));
#9884 = CIRCLE('',#9885,0.3);
#9885 = AXIS2_PLACEMENT_3D('',#9886,#9887,#9888);
#9886 = CARTESIAN_POINT('',(2.724938966801,-1.7,0.3));
#9887 = DIRECTION('',(1.110223024625E-16,-1.,0.));
#9888 = DIRECTION('',(-0.984807753012,-1.093356242223E-16,
    -0.173648177667));
#9889 = ORIENTED_EDGE('',*,*,#9890,.T.);
#9890 = EDGE_CURVE('',#9882,#9891,#9893,.T.);
#9891 = VERTEX_POINT('',#9892);
#9892 = CARTESIAN_POINT('',(3.,-1.7,-1.665334536938E-16));
#9893 = LINE('',#9894,#9895);
#9894 = CARTESIAN_POINT('',(2.724938966801,-1.7,-1.665334536938E-16));
#9895 = VECTOR('',#9896,1.);
#9896 = DIRECTION('',(1.,1.110223024625E-16,0.));
#9897 = ORIENTED_EDGE('',*,*,#9898,.T.);
#9898 = EDGE_CURVE('',#9891,#9899,#9901,.T.);
#9899 = VERTEX_POINT('',#9900);
#9900 = CARTESIAN_POINT('',(3.,-1.7,0.2));
#9901 = LINE('',#9902,#9903);
#9902 = CARTESIAN_POINT('',(3.,-1.7,-1.665334536938E-16));
#9903 = VECTOR('',#9904,1.);
#9904 = DIRECTION('',(0.,0.,1.));
#9905 = ORIENTED_EDGE('',*,*,#9906,.T.);
#9906 = EDGE_CURVE('',#9899,#9907,#9909,.T.);
#9907 = VERTEX_POINT('',#9908);
#9908 = CARTESIAN_POINT('',(2.724938966801,-1.7,0.2));
#9909 = LINE('',#9910,#9911);
#9910 = CARTESIAN_POINT('',(3.,-1.7,0.2));
#9911 = VECTOR('',#9912,1.);
#9912 = DIRECTION('',(-1.,-1.110223024625E-16,0.));
#9913 = ORIENTED_EDGE('',*,*,#9914,.T.);
#9914 = EDGE_CURVE('',#9907,#9915,#9917,.T.);
#9915 = VERTEX_POINT('',#9916);
#9916 = CARTESIAN_POINT('',(2.6264581915,-1.7,0.282635182233));
#9917 = CIRCLE('',#9918,0.1);
#9918 = AXIS2_PLACEMENT_3D('',#9919,#9920,#9921);
#9919 = CARTESIAN_POINT('',(2.724938966801,-1.7,0.3));
#9920 = DIRECTION('',(-1.110223024625E-16,1.,0.));
#9921 = DIRECTION('',(0.,0.,-1.));
#9922 = ORIENTED_EDGE('',*,*,#9923,.T.);
#9923 = EDGE_CURVE('',#9915,#9924,#9926,.T.);
#9924 = VERTEX_POINT('',#9925);
#9925 = CARTESIAN_POINT('',(2.545442325904,-1.7,0.7770944533));
#9926 = LINE('',#9927,#9928);
#9927 = CARTESIAN_POINT('',(2.6264581915,-1.7,0.282635182233));
#9928 = VECTOR('',#9929,1.);
#9929 = DIRECTION('',(-0.161691392282,-1.795135065956E-17,0.986841372087
    ));
#9930 = ORIENTED_EDGE('',*,*,#9931,.T.);
#9931 = EDGE_CURVE('',#9924,#9932,#9934,.T.);
#9932 = VERTEX_POINT('',#9933);
#9933 = CARTESIAN_POINT('',(2.25,-1.7,1.025));
#9934 = CIRCLE('',#9935,0.3);
#9935 = AXIS2_PLACEMENT_3D('',#9936,#9937,#9938);
#9936 = CARTESIAN_POINT('',(2.25,-1.7,0.725));
#9937 = DIRECTION('',(1.110223024625E-16,-1.,0.));
#9938 = DIRECTION('',(0.984807753012,1.093356242223E-16,0.173648177667)
  );
#9939 = ORIENTED_EDGE('',*,*,#9940,.T.);
#9940 = EDGE_CURVE('',#9932,#7842,#9941,.T.);
#9941 = LINE('',#9942,#9943);
#9942 = CARTESIAN_POINT('',(2.25,-1.7,1.025));
#9943 = VECTOR('',#9944,1.);
#9944 = DIRECTION('',(-1.,-1.110223024625E-16,0.));
#9945 = PLANE('',#9946);
#9946 = AXIS2_PLACEMENT_3D('',#9947,#9948,#9949);
#9947 = CARTESIAN_POINT('',(2.42560961319,-1.7,0.548953137803));
#9948 = DIRECTION('',(1.110223024625E-16,-1.,0.));
#9949 = DIRECTION('',(0.,0.,1.));
#9950 = ADVANCED_FACE('',(#9951),#9970,.F.);
#9951 = FACE_BOUND('',#9952,.F.);
#9952 = EDGE_LOOP('',(#9953,#9954,#9963,#9969));
#9953 = ORIENTED_EDGE('',*,*,#7880,.T.);
#9954 = ORIENTED_EDGE('',*,*,#9955,.T.);
#9955 = EDGE_CURVE('',#7873,#9956,#9958,.T.);
#9956 = VERTEX_POINT('',#9957);
#9957 = CARTESIAN_POINT('',(2.348480775301,-2.11,0.742364817767));
#9958 = CIRCLE('',#9959,0.1);
#9959 = AXIS2_PLACEMENT_3D('',#9960,#9961,#9962);
#9960 = CARTESIAN_POINT('',(2.25,-2.11,0.725));
#9961 = DIRECTION('',(-1.110223024625E-16,1.,0.));
#9962 = DIRECTION('',(4.440892098501E-15,4.930380657631E-31,1.));
#9963 = ORIENTED_EDGE('',*,*,#9964,.F.);
#9964 = EDGE_CURVE('',#9865,#9956,#9965,.T.);
#9965 = LINE('',#9966,#9967);
#9966 = CARTESIAN_POINT('',(2.348480775301,-1.7,0.742364817767));
#9967 = VECTOR('',#9968,1.);
#9968 = DIRECTION('',(1.110223024625E-16,-1.,0.));
#9969 = ORIENTED_EDGE('',*,*,#9864,.F.);
#9970 = CYLINDRICAL_SURFACE('',#9971,0.1);
#9971 = AXIS2_PLACEMENT_3D('',#9972,#9973,#9974);
#9972 = CARTESIAN_POINT('',(2.25,-1.7,0.725));
#9973 = DIRECTION('',(-1.110223024625E-16,1.,0.));
#9974 = DIRECTION('',(4.440892098501E-15,4.930380657631E-31,1.));
#9975 = ADVANCED_FACE('',(#9976),#10054,.T.);
#9976 = FACE_BOUND('',#9977,.T.);
#9977 = EDGE_LOOP('',(#9978,#9979,#9980,#9981,#9989,#9998,#10006,#10014,
    #10022,#10031,#10039,#10048));
#9978 = ORIENTED_EDGE('',*,*,#7894,.F.);
#9979 = ORIENTED_EDGE('',*,*,#7872,.T.);
#9980 = ORIENTED_EDGE('',*,*,#9955,.T.);
#9981 = ORIENTED_EDGE('',*,*,#9982,.T.);
#9982 = EDGE_CURVE('',#9956,#9983,#9985,.T.);
#9983 = VERTEX_POINT('',#9984);
#9984 = CARTESIAN_POINT('',(2.429496640897,-2.11,0.2479055467));
#9985 = LINE('',#9986,#9987);
#9986 = CARTESIAN_POINT('',(2.348480775301,-2.11,0.742364817767));
#9987 = VECTOR('',#9988,1.);
#9988 = DIRECTION('',(0.161691392282,1.795135065956E-17,-0.986841372087)
  );
#9989 = ORIENTED_EDGE('',*,*,#9990,.T.);
#9990 = EDGE_CURVE('',#9983,#9991,#9993,.T.);
#9991 = VERTEX_POINT('',#9992);
#9992 = CARTESIAN_POINT('',(2.724938966801,-2.11,-1.665334536938E-16));
#9993 = CIRCLE('',#9994,0.3);
#9994 = AXIS2_PLACEMENT_3D('',#9995,#9996,#9997);
#9995 = CARTESIAN_POINT('',(2.724938966801,-2.11,0.3));
#9996 = DIRECTION('',(1.110223024625E-16,-1.,0.));
#9997 = DIRECTION('',(-0.984807753012,-1.093356242223E-16,
    -0.173648177667));
#9998 = ORIENTED_EDGE('',*,*,#9999,.T.);
#9999 = EDGE_CURVE('',#9991,#10000,#10002,.T.);
#10000 = VERTEX_POINT('',#10001);
#10001 = CARTESIAN_POINT('',(3.,-2.11,-1.665334536938E-16));
#10002 = LINE('',#10003,#10004);
#10003 = CARTESIAN_POINT('',(2.724938966801,-2.11,-1.665334536938E-16));
#10004 = VECTOR('',#10005,1.);
#10005 = DIRECTION('',(1.,1.110223024625E-16,0.));
#10006 = ORIENTED_EDGE('',*,*,#10007,.T.);
#10007 = EDGE_CURVE('',#10000,#10008,#10010,.T.);
#10008 = VERTEX_POINT('',#10009);
#10009 = CARTESIAN_POINT('',(3.,-2.11,0.2));
#10010 = LINE('',#10011,#10012);
#10011 = CARTESIAN_POINT('',(3.,-2.11,-1.665334536938E-16));
#10012 = VECTOR('',#10013,1.);
#10013 = DIRECTION('',(0.,0.,1.));
#10014 = ORIENTED_EDGE('',*,*,#10015,.T.);
#10015 = EDGE_CURVE('',#10008,#10016,#10018,.T.);
#10016 = VERTEX_POINT('',#10017);
#10017 = CARTESIAN_POINT('',(2.724938966801,-2.11,0.2));
#10018 = LINE('',#10019,#10020);
#10019 = CARTESIAN_POINT('',(3.,-2.11,0.2));
#10020 = VECTOR('',#10021,1.);
#10021 = DIRECTION('',(-1.,-1.110223024625E-16,0.));
#10022 = ORIENTED_EDGE('',*,*,#10023,.T.);
#10023 = EDGE_CURVE('',#10016,#10024,#10026,.T.);
#10024 = VERTEX_POINT('',#10025);
#10025 = CARTESIAN_POINT('',(2.6264581915,-2.11,0.282635182233));
#10026 = CIRCLE('',#10027,0.1);
#10027 = AXIS2_PLACEMENT_3D('',#10028,#10029,#10030);
#10028 = CARTESIAN_POINT('',(2.724938966801,-2.11,0.3));
#10029 = DIRECTION('',(-1.110223024625E-16,1.,0.));
#10030 = DIRECTION('',(0.,0.,-1.));
#10031 = ORIENTED_EDGE('',*,*,#10032,.T.);
#10032 = EDGE_CURVE('',#10024,#10033,#10035,.T.);
#10033 = VERTEX_POINT('',#10034);
#10034 = CARTESIAN_POINT('',(2.545442325904,-2.11,0.7770944533));
#10035 = LINE('',#10036,#10037);
#10036 = CARTESIAN_POINT('',(2.6264581915,-2.11,0.282635182233));
#10037 = VECTOR('',#10038,1.);
#10038 = DIRECTION('',(-0.161691392282,-1.795135065956E-17,
    0.986841372087));
#10039 = ORIENTED_EDGE('',*,*,#10040,.T.);
#10040 = EDGE_CURVE('',#10033,#10041,#10043,.T.);
#10041 = VERTEX_POINT('',#10042);
#10042 = CARTESIAN_POINT('',(2.25,-2.11,1.025));
#10043 = CIRCLE('',#10044,0.3);
#10044 = AXIS2_PLACEMENT_3D('',#10045,#10046,#10047);
#10045 = CARTESIAN_POINT('',(2.25,-2.11,0.725));
#10046 = DIRECTION('',(1.110223024625E-16,-1.,0.));
#10047 = DIRECTION('',(0.984807753012,1.093356242223E-16,0.173648177667)
  );
#10048 = ORIENTED_EDGE('',*,*,#10049,.T.);
#10049 = EDGE_CURVE('',#10041,#7895,#10050,.T.);
#10050 = LINE('',#10051,#10052);
#10051 = CARTESIAN_POINT('',(2.25,-2.11,1.025));
#10052 = VECTOR('',#10053,1.);
#10053 = DIRECTION('',(-1.,-1.110223024625E-16,0.));
#10054 = PLANE('',#10055);
#10055 = AXIS2_PLACEMENT_3D('',#10056,#10057,#10058);
#10056 = CARTESIAN_POINT('',(2.42560961319,-2.11,0.548953137803));
#10057 = DIRECTION('',(1.110223024625E-16,-1.,0.));
#10058 = DIRECTION('',(0.,0.,1.));
#10059 = ADVANCED_FACE('',(#10060),#10071,.T.);
#10060 = FACE_BOUND('',#10061,.T.);
#10061 = EDGE_LOOP('',(#10062,#10063,#10064,#10065));
#10062 = ORIENTED_EDGE('',*,*,#9094,.T.);
#10063 = ORIENTED_EDGE('',*,*,#7995,.T.);
#10064 = ORIENTED_EDGE('',*,*,#9196,.F.);
#10065 = ORIENTED_EDGE('',*,*,#10066,.F.);
#10066 = EDGE_CURVE('',#9087,#9189,#10067,.T.);
#10067 = LINE('',#10068,#10069);
#10068 = CARTESIAN_POINT('',(-2.545442325904,1.7,0.7770944533));
#10069 = VECTOR('',#10070,1.);
#10070 = DIRECTION('',(1.144237745222E-17,1.,0.));
#10071 = CYLINDRICAL_SURFACE('',#10072,0.3);
#10072 = AXIS2_PLACEMENT_3D('',#10073,#10074,#10075);
#10073 = CARTESIAN_POINT('',(-2.25,1.7,0.725));
#10074 = DIRECTION('',(-1.144237745222E-17,-1.,0.));
#10075 = DIRECTION('',(-0.984807753012,1.126854202784E-17,0.173648177667
    ));
#10076 = ADVANCED_FACE('',(#10077),#10090,.F.);
#10077 = FACE_BOUND('',#10078,.F.);
#10078 = EDGE_LOOP('',(#10079,#10080,#10086,#10087,#10088,#10089));
#10079 = ORIENTED_EDGE('',*,*,#8439,.F.);
#10080 = ORIENTED_EDGE('',*,*,#10081,.T.);
#10081 = EDGE_CURVE('',#8431,#8540,#10082,.T.);
#10082 = LINE('',#10083,#10084);
#10083 = CARTESIAN_POINT('',(-2.25,-2.11,1.025));
#10084 = VECTOR('',#10085,1.);
#10085 = DIRECTION('',(1.144237745222E-17,1.,0.));
#10086 = ORIENTED_EDGE('',*,*,#8548,.T.);
#10087 = ORIENTED_EDGE('',*,*,#8570,.T.);
#10088 = ORIENTED_EDGE('',*,*,#8042,.F.);
#10089 = ORIENTED_EDGE('',*,*,#8313,.F.);
#10090 = PLANE('',#10091);
#10091 = AXIS2_PLACEMENT_3D('',#10092,#10093,#10094);
#10092 = CARTESIAN_POINT('',(-2.25,-2.11,1.025));
#10093 = DIRECTION('',(0.,0.,-1.));
#10094 = DIRECTION('',(1.,-1.144237745222E-17,0.));
#10095 = ADVANCED_FACE('',(#10096),#10109,.F.);
#10096 = FACE_BOUND('',#10097,.F.);
#10097 = EDGE_LOOP('',(#10098,#10099,#10105,#10106,#10107,#10108));
#10098 = ORIENTED_EDGE('',*,*,#8662,.F.);
#10099 = ORIENTED_EDGE('',*,*,#10100,.T.);
#10100 = EDGE_CURVE('',#8654,#8763,#10101,.T.);
#10101 = LINE('',#10102,#10103);
#10102 = CARTESIAN_POINT('',(-2.25,-0.84,1.025));
#10103 = VECTOR('',#10104,1.);
#10104 = DIRECTION('',(1.144237745222E-17,1.,0.));
#10105 = ORIENTED_EDGE('',*,*,#8771,.T.);
#10106 = ORIENTED_EDGE('',*,*,#8793,.T.);
#10107 = ORIENTED_EDGE('',*,*,#8058,.F.);
#10108 = ORIENTED_EDGE('',*,*,#8563,.F.);
#10109 = PLANE('',#10110);
#10110 = AXIS2_PLACEMENT_3D('',#10111,#10112,#10113);
#10111 = CARTESIAN_POINT('',(-2.25,-0.84,1.025));
#10112 = DIRECTION('',(0.,0.,-1.));
#10113 = DIRECTION('',(1.,-1.144237745222E-17,0.));
#10114 = ADVANCED_FACE('',(#10115),#10128,.F.);
#10115 = FACE_BOUND('',#10116,.F.);
#10116 = EDGE_LOOP('',(#10117,#10118,#10124,#10125,#10126,#10127));
#10117 = ORIENTED_EDGE('',*,*,#8885,.F.);
#10118 = ORIENTED_EDGE('',*,*,#10119,.T.);
#10119 = EDGE_CURVE('',#8877,#8986,#10120,.T.);
#10120 = LINE('',#10121,#10122);
#10121 = CARTESIAN_POINT('',(-2.25,0.43,1.025));
#10122 = VECTOR('',#10123,1.);
#10123 = DIRECTION('',(1.144237745222E-17,1.,0.));
#10124 = ORIENTED_EDGE('',*,*,#8994,.T.);
#10125 = ORIENTED_EDGE('',*,*,#9011,.T.);
#10126 = ORIENTED_EDGE('',*,*,#8074,.F.);
#10127 = ORIENTED_EDGE('',*,*,#8786,.F.);
#10128 = PLANE('',#10129);
#10129 = AXIS2_PLACEMENT_3D('',#10130,#10131,#10132);
#10130 = CARTESIAN_POINT('',(-2.25,0.43,1.025));
#10131 = DIRECTION('',(0.,0.,-1.));
#10132 = DIRECTION('',(1.,-1.144237745222E-17,0.));
#10133 = ADVANCED_FACE('',(#10134,#10163),#10174,.F.);
#10134 = FACE_BOUND('',#10135,.F.);
#10135 = EDGE_LOOP('',(#10136,#10137,#10138,#10139,#10147,#10155,#10161,
    #10162));
#10136 = ORIENTED_EDGE('',*,*,#8149,.T.);
#10137 = ORIENTED_EDGE('',*,*,#8172,.T.);
#10138 = ORIENTED_EDGE('',*,*,#8259,.T.);
#10139 = ORIENTED_EDGE('',*,*,#10140,.T.);
#10140 = EDGE_CURVE('',#8253,#10141,#10143,.T.);
#10141 = VERTEX_POINT('',#10142);
#10142 = CARTESIAN_POINT('',(1.680085640382,-2.260171280765,1.75));
#10143 = LINE('',#10144,#10145);
#10144 = CARTESIAN_POINT('',(1.760171280765,-2.180085640382,1.75));
#10145 = VECTOR('',#10146,1.);
#10146 = DIRECTION('',(-0.707106781187,-0.707106781187,0.));
#10147 = ORIENTED_EDGE('',*,*,#10148,.T.);
#10148 = EDGE_CURVE('',#10141,#10149,#10151,.T.);
#10149 = VERTEX_POINT('',#10150);
#10150 = CARTESIAN_POINT('',(-1.680085640382,-2.260171280765,1.75));
#10151 = LINE('',#10152,#10153);
#10152 = CARTESIAN_POINT('',(1.680085640382,-2.260171280765,1.75));
#10153 = VECTOR('',#10154,1.);
#10154 = DIRECTION('',(-1.,-1.110223024625E-16,0.));
#10155 = ORIENTED_EDGE('',*,*,#10156,.T.);
#10156 = EDGE_CURVE('',#10149,#8098,#10157,.T.);
#10157 = LINE('',#10158,#10159);
#10158 = CARTESIAN_POINT('',(-1.680085640382,-2.260171280765,1.75));
#10159 = VECTOR('',#10160,1.);
#10160 = DIRECTION('',(-0.707106781187,0.707106781187,0.));
#10161 = ORIENTED_EDGE('',*,*,#8097,.T.);
#10162 = ORIENTED_EDGE('',*,*,#8126,.T.);
#10163 = FACE_BOUND('',#10164,.F.);
#10164 = EDGE_LOOP('',(#10165));
#10165 = ORIENTED_EDGE('',*,*,#10166,.F.);
#10166 = EDGE_CURVE('',#10167,#10167,#10169,.T.);
#10167 = VERTEX_POINT('',#10168);
#10168 = CARTESIAN_POINT('',(-1.110171280765,1.310171280765,1.75));
#10169 = CIRCLE('',#10170,0.3);
#10170 = AXIS2_PLACEMENT_3D('',#10171,#10172,#10173);
#10171 = CARTESIAN_POINT('',(-1.110171280765,1.610171280765,1.75));
#10172 = DIRECTION('',(0.,-0.,-1.));
#10173 = DIRECTION('',(1.110223024625E-16,-1.,0.));
#10174 = PLANE('',#10175);
#10175 = AXIS2_PLACEMENT_3D('',#10176,#10177,#10178);
#10176 = CARTESIAN_POINT('',(-1.680085640382,2.260171280765,1.75));
#10177 = DIRECTION('',(0.,0.,-1.));
#10178 = DIRECTION('',(0.596575959062,-0.802556617983,0.));
#10179 = ADVANCED_FACE('',(#10180),#10190,.F.);
#10180 = FACE_BOUND('',#10181,.F.);
#10181 = EDGE_LOOP('',(#10182,#10183,#10184,#10185));
#10182 = ORIENTED_EDGE('',*,*,#8320,.T.);
#10183 = ORIENTED_EDGE('',*,*,#8105,.T.);
#10184 = ORIENTED_EDGE('',*,*,#10156,.F.);
#10185 = ORIENTED_EDGE('',*,*,#10186,.F.);
#10186 = EDGE_CURVE('',#8321,#10149,#10187,.T.);
#10187 = B_SPLINE_CURVE_WITH_KNOTS('',1,(#10188,#10189),.UNSPECIFIED.,
  .F.,.F.,(2,2),(0.,1.),.PIECEWISE_BEZIER_KNOTS.);
#10188 = CARTESIAN_POINT('',(-1.7375,-2.375,1.025));
#10189 = CARTESIAN_POINT('',(-1.680085640382,-2.260171280765,1.75));
#10190 = B_SPLINE_SURFACE_WITH_KNOTS('',1,1,(
    (#10191,#10192)
    ,(#10193,#10194
    )),.UNSPECIFIED.,.F.,.F.,.F.,(2,2),(2,2),(0.,0.194454364826),(0.,1.)
  ,.PIECEWISE_BEZIER_KNOTS.);
#10191 = CARTESIAN_POINT('',(-1.7375,-2.375,1.025));
#10192 = CARTESIAN_POINT('',(-1.680085640382,-2.260171280765,1.75));
#10193 = CARTESIAN_POINT('',(-1.875,-2.2375,1.025));
#10194 = CARTESIAN_POINT('',(-1.760171280765,-2.180085640382,1.75));
#10195 = ADVANCED_FACE('',(#10196),#10209,.F.);
#10196 = FACE_BOUND('',#10197,.F.);
#10197 = EDGE_LOOP('',(#10198,#10199,#10205,#10206,#10207,#10208));
#10198 = ORIENTED_EDGE('',*,*,#9494,.F.);
#10199 = ORIENTED_EDGE('',*,*,#10200,.T.);
#10200 = EDGE_CURVE('',#9486,#9595,#10201,.T.);
#10201 = LINE('',#10202,#10203);
#10202 = CARTESIAN_POINT('',(2.25,0.84,1.025));
#10203 = VECTOR('',#10204,1.);
#10204 = DIRECTION('',(1.110223024625E-16,-1.,0.));
#10205 = ORIENTED_EDGE('',*,*,#9603,.T.);
#10206 = ORIENTED_EDGE('',*,*,#9617,.T.);
#10207 = ORIENTED_EDGE('',*,*,#8204,.F.);
#10208 = ORIENTED_EDGE('',*,*,#9401,.F.);
#10209 = PLANE('',#10210);
#10210 = AXIS2_PLACEMENT_3D('',#10211,#10212,#10213);
#10211 = CARTESIAN_POINT('',(2.25,0.84,1.025));
#10212 = DIRECTION('',(0.,0.,-1.));
#10213 = DIRECTION('',(-1.,-1.110223024625E-16,-0.));
#10214 = ADVANCED_FACE('',(#10215),#10228,.F.);
#10215 = FACE_BOUND('',#10216,.F.);
#10216 = EDGE_LOOP('',(#10217,#10218,#10224,#10225,#10226,#10227));
#10217 = ORIENTED_EDGE('',*,*,#9717,.F.);
#10218 = ORIENTED_EDGE('',*,*,#10219,.T.);
#10219 = EDGE_CURVE('',#9709,#9818,#10220,.T.);
#10220 = LINE('',#10221,#10222);
#10221 = CARTESIAN_POINT('',(2.25,-0.43,1.025));
#10222 = VECTOR('',#10223,1.);
#10223 = DIRECTION('',(1.110223024625E-16,-1.,0.));
#10224 = ORIENTED_EDGE('',*,*,#9826,.T.);
#10225 = ORIENTED_EDGE('',*,*,#9840,.T.);
#10226 = ORIENTED_EDGE('',*,*,#8220,.F.);
#10227 = ORIENTED_EDGE('',*,*,#9624,.F.);
#10228 = PLANE('',#10229);
#10229 = AXIS2_PLACEMENT_3D('',#10230,#10231,#10232);
#10230 = CARTESIAN_POINT('',(2.25,-0.43,1.025));
#10231 = DIRECTION('',(0.,0.,-1.));
#10232 = DIRECTION('',(-1.,-1.110223024625E-16,-0.));
#10233 = ADVANCED_FACE('',(#10234),#10247,.F.);
#10234 = FACE_BOUND('',#10235,.F.);
#10235 = EDGE_LOOP('',(#10236,#10237,#10243,#10244,#10245,#10246));
#10236 = ORIENTED_EDGE('',*,*,#9940,.F.);
#10237 = ORIENTED_EDGE('',*,*,#10238,.T.);
#10238 = EDGE_CURVE('',#9932,#10041,#10239,.T.);
#10239 = LINE('',#10240,#10241);
#10240 = CARTESIAN_POINT('',(2.25,-1.7,1.025));
#10241 = VECTOR('',#10242,1.);
#10242 = DIRECTION('',(1.110223024625E-16,-1.,0.));
#10243 = ORIENTED_EDGE('',*,*,#10049,.T.);
#10244 = ORIENTED_EDGE('',*,*,#8343,.T.);
#10245 = ORIENTED_EDGE('',*,*,#8236,.F.);
#10246 = ORIENTED_EDGE('',*,*,#9847,.F.);
#10247 = PLANE('',#10248);
#10248 = AXIS2_PLACEMENT_3D('',#10249,#10250,#10251);
#10249 = CARTESIAN_POINT('',(2.25,-1.7,1.025));
#10250 = DIRECTION('',(0.,0.,-1.));
#10251 = DIRECTION('',(-1.,-1.110223024625E-16,-0.));
#10252 = ADVANCED_FACE('',(#10253),#10263,.F.);
#10253 = FACE_BOUND('',#10254,.F.);
#10254 = EDGE_LOOP('',(#10255,#10256,#10261,#10262));
#10255 = ORIENTED_EDGE('',*,*,#8336,.T.);
#10256 = ORIENTED_EDGE('',*,*,#10257,.T.);
#10257 = EDGE_CURVE('',#8329,#10141,#10258,.T.);
#10258 = B_SPLINE_CURVE_WITH_KNOTS('',1,(#10259,#10260),.UNSPECIFIED.,
  .F.,.F.,(2,2),(0.,1.),.PIECEWISE_BEZIER_KNOTS.);
#10259 = CARTESIAN_POINT('',(1.7375,-2.375,1.025));
#10260 = CARTESIAN_POINT('',(1.680085640382,-2.260171280765,1.75));
#10261 = ORIENTED_EDGE('',*,*,#10140,.F.);
#10262 = ORIENTED_EDGE('',*,*,#8252,.F.);
#10263 = B_SPLINE_SURFACE_WITH_KNOTS('',1,1,(
    (#10264,#10265)
    ,(#10266,#10267
    )),.UNSPECIFIED.,.F.,.F.,.F.,(2,2),(2,2),(0.,0.194454364826),(0.,1.)
  ,.PIECEWISE_BEZIER_KNOTS.);
#10264 = CARTESIAN_POINT('',(1.875,-2.2375,1.025));
#10265 = CARTESIAN_POINT('',(1.760171280765,-2.180085640382,1.75));
#10266 = CARTESIAN_POINT('',(1.7375,-2.375,1.025));
#10267 = CARTESIAN_POINT('',(1.680085640382,-2.260171280765,1.75));
#10268 = ADVANCED_FACE('',(#10269),#10280,.T.);
#10269 = FACE_BOUND('',#10270,.T.);
#10270 = EDGE_LOOP('',(#10271,#10272,#10273,#10274));
#10271 = ORIENTED_EDGE('',*,*,#9281,.T.);
#10272 = ORIENTED_EDGE('',*,*,#8282,.T.);
#10273 = ORIENTED_EDGE('',*,*,#9383,.F.);
#10274 = ORIENTED_EDGE('',*,*,#10275,.F.);
#10275 = EDGE_CURVE('',#9274,#9376,#10276,.T.);
#10276 = LINE('',#10277,#10278);
#10277 = CARTESIAN_POINT('',(2.545442325904,2.11,0.7770944533));
#10278 = VECTOR('',#10279,1.);
#10279 = DIRECTION('',(1.110223024625E-16,-1.,0.));
#10280 = CYLINDRICAL_SURFACE('',#10281,0.3);
#10281 = AXIS2_PLACEMENT_3D('',#10282,#10283,#10284);
#10282 = CARTESIAN_POINT('',(2.25,2.11,0.725));
#10283 = DIRECTION('',(-1.110223024625E-16,1.,0.));
#10284 = DIRECTION('',(0.984807753012,1.093356242223E-16,0.173648177667)
  );
#10285 = ADVANCED_FACE('',(#10286),#10292,.F.);
#10286 = FACE_BOUND('',#10287,.F.);
#10287 = EDGE_LOOP('',(#10288,#10289,#10290,#10291));
#10288 = ORIENTED_EDGE('',*,*,#8328,.T.);
#10289 = ORIENTED_EDGE('',*,*,#10186,.T.);
#10290 = ORIENTED_EDGE('',*,*,#10148,.F.);
#10291 = ORIENTED_EDGE('',*,*,#10257,.F.);
#10292 = B_SPLINE_SURFACE_WITH_KNOTS('',1,1,(
    (#10293,#10294)
    ,(#10295,#10296
    )),.UNSPECIFIED.,.F.,.F.,.F.,(2,2),(2,2),(0.,3.475),(0.,1.),
  .PIECEWISE_BEZIER_KNOTS.);
#10293 = CARTESIAN_POINT('',(1.7375,-2.375,1.025));
#10294 = CARTESIAN_POINT('',(1.680085640382,-2.260171280765,1.75));
#10295 = CARTESIAN_POINT('',(-1.7375,-2.375,1.025));
#10296 = CARTESIAN_POINT('',(-1.680085640382,-2.260171280765,1.75));
#10297 = ADVANCED_FACE('',(#10298),#10309,.T.);
#10298 = FACE_BOUND('',#10299,.T.);
#10299 = EDGE_LOOP('',(#10300,#10301,#10302,#10303));
#10300 = ORIENTED_EDGE('',*,*,#8430,.T.);
#10301 = ORIENTED_EDGE('',*,*,#10081,.T.);
#10302 = ORIENTED_EDGE('',*,*,#8539,.F.);
#10303 = ORIENTED_EDGE('',*,*,#10304,.F.);
#10304 = EDGE_CURVE('',#8423,#8532,#10305,.T.);
#10305 = LINE('',#10306,#10307);
#10306 = CARTESIAN_POINT('',(-2.545442325904,-2.11,0.7770944533));
#10307 = VECTOR('',#10308,1.);
#10308 = DIRECTION('',(1.144237745222E-17,1.,0.));
#10309 = CYLINDRICAL_SURFACE('',#10310,0.3);
#10310 = AXIS2_PLACEMENT_3D('',#10311,#10312,#10313);
#10311 = CARTESIAN_POINT('',(-2.25,-2.11,0.725));
#10312 = DIRECTION('',(-1.144237745222E-17,-1.,0.));
#10313 = DIRECTION('',(-0.984807753012,1.126854202784E-17,0.173648177667
    ));
#10314 = ADVANCED_FACE('',(#10315),#10326,.F.);
#10315 = FACE_BOUND('',#10316,.F.);
#10316 = EDGE_LOOP('',(#10317,#10323,#10324,#10325));
#10317 = ORIENTED_EDGE('',*,*,#10318,.T.);
#10318 = EDGE_CURVE('',#8414,#8523,#10319,.T.);
#10319 = LINE('',#10320,#10321);
#10320 = CARTESIAN_POINT('',(-2.6264581915,-2.11,0.282635182233));
#10321 = VECTOR('',#10322,1.);
#10322 = DIRECTION('',(1.144237745222E-17,1.,0.));
#10323 = ORIENTED_EDGE('',*,*,#8531,.T.);
#10324 = ORIENTED_EDGE('',*,*,#10304,.F.);
#10325 = ORIENTED_EDGE('',*,*,#8422,.F.);
#10326 = PLANE('',#10327);
#10327 = AXIS2_PLACEMENT_3D('',#10328,#10329,#10330);
#10328 = CARTESIAN_POINT('',(-2.6264581915,-2.11,0.282635182233));
#10329 = DIRECTION('',(0.986841372087,-1.129181146488E-17,
    -0.161691392282));
#10330 = DIRECTION('',(0.161691392282,-1.85013394127E-18,0.986841372087)
  );
#10331 = ADVANCED_FACE('',(#10332),#10343,.F.);
#10332 = FACE_BOUND('',#10333,.F.);
#10333 = EDGE_LOOP('',(#10334,#10340,#10341,#10342));
#10334 = ORIENTED_EDGE('',*,*,#10335,.T.);
#10335 = EDGE_CURVE('',#8406,#8515,#10336,.T.);
#10336 = LINE('',#10337,#10338);
#10337 = CARTESIAN_POINT('',(-2.724938966801,-2.11,0.2));
#10338 = VECTOR('',#10339,1.);
#10339 = DIRECTION('',(1.144237745222E-17,1.,0.));
#10340 = ORIENTED_EDGE('',*,*,#8522,.T.);
#10341 = ORIENTED_EDGE('',*,*,#10318,.F.);
#10342 = ORIENTED_EDGE('',*,*,#8413,.F.);
#10343 = CYLINDRICAL_SURFACE('',#10344,0.1);
#10344 = AXIS2_PLACEMENT_3D('',#10345,#10346,#10347);
#10345 = CARTESIAN_POINT('',(-2.724938966801,-2.11,0.3));
#10346 = DIRECTION('',(-1.144237745222E-17,-1.,0.));
#10347 = DIRECTION('',(-0.,0.,-1.));
#10348 = ADVANCED_FACE('',(#10349),#10360,.F.);
#10349 = FACE_BOUND('',#10350,.F.);
#10350 = EDGE_LOOP('',(#10351,#10357,#10358,#10359));
#10351 = ORIENTED_EDGE('',*,*,#10352,.T.);
#10352 = EDGE_CURVE('',#8398,#8507,#10353,.T.);
#10353 = LINE('',#10354,#10355);
#10354 = CARTESIAN_POINT('',(-3.,-2.11,0.2));
#10355 = VECTOR('',#10356,1.);
#10356 = DIRECTION('',(1.144237745222E-17,1.,0.));
#10357 = ORIENTED_EDGE('',*,*,#8514,.T.);
#10358 = ORIENTED_EDGE('',*,*,#10335,.F.);
#10359 = ORIENTED_EDGE('',*,*,#8405,.F.);
#10360 = PLANE('',#10361);
#10361 = AXIS2_PLACEMENT_3D('',#10362,#10363,#10364);
#10362 = CARTESIAN_POINT('',(-3.,-2.11,0.2));
#10363 = DIRECTION('',(0.,0.,-1.));
#10364 = DIRECTION('',(1.,-1.144237745222E-17,0.));
#10365 = ADVANCED_FACE('',(#10366),#10377,.F.);
#10366 = FACE_BOUND('',#10367,.F.);
#10367 = EDGE_LOOP('',(#10368,#10374,#10375,#10376));
#10368 = ORIENTED_EDGE('',*,*,#10369,.T.);
#10369 = EDGE_CURVE('',#8390,#8499,#10370,.T.);
#10370 = LINE('',#10371,#10372);
#10371 = CARTESIAN_POINT('',(-3.,-2.11,-1.665334536938E-16));
#10372 = VECTOR('',#10373,1.);
#10373 = DIRECTION('',(1.144237745222E-17,1.,0.));
#10374 = ORIENTED_EDGE('',*,*,#8506,.T.);
#10375 = ORIENTED_EDGE('',*,*,#10352,.F.);
#10376 = ORIENTED_EDGE('',*,*,#8397,.F.);
#10377 = PLANE('',#10378);
#10378 = AXIS2_PLACEMENT_3D('',#10379,#10380,#10381);
#10379 = CARTESIAN_POINT('',(-3.,-2.11,-1.665334536938E-16));
#10380 = DIRECTION('',(1.,-1.144237745222E-17,0.));
#10381 = DIRECTION('',(0.,0.,1.));
#10382 = ADVANCED_FACE('',(#10383),#10394,.F.);
#10383 = FACE_BOUND('',#10384,.F.);
#10384 = EDGE_LOOP('',(#10385,#10391,#10392,#10393));
#10385 = ORIENTED_EDGE('',*,*,#10386,.T.);
#10386 = EDGE_CURVE('',#8381,#8490,#10387,.T.);
#10387 = LINE('',#10388,#10389);
#10388 = CARTESIAN_POINT('',(-2.724938966801,-2.11,-1.665334536938E-16)
  );
#10389 = VECTOR('',#10390,1.);
#10390 = DIRECTION('',(1.144237745222E-17,1.,0.));
#10391 = ORIENTED_EDGE('',*,*,#8498,.T.);
#10392 = ORIENTED_EDGE('',*,*,#10369,.F.);
#10393 = ORIENTED_EDGE('',*,*,#8389,.F.);
#10394 = PLANE('',#10395);
#10395 = AXIS2_PLACEMENT_3D('',#10396,#10397,#10398);
#10396 = CARTESIAN_POINT('',(-2.724938966801,-2.11,-1.665334536938E-16)
  );
#10397 = DIRECTION('',(0.,0.,1.));
#10398 = DIRECTION('',(-1.,1.144237745222E-17,0.));
#10399 = ADVANCED_FACE('',(#10400),#10411,.T.);
#10400 = FACE_BOUND('',#10401,.T.);
#10401 = EDGE_LOOP('',(#10402,#10403,#10404,#10405));
#10402 = ORIENTED_EDGE('',*,*,#8380,.T.);
#10403 = ORIENTED_EDGE('',*,*,#10386,.T.);
#10404 = ORIENTED_EDGE('',*,*,#8489,.F.);
#10405 = ORIENTED_EDGE('',*,*,#10406,.F.);
#10406 = EDGE_CURVE('',#8373,#8482,#10407,.T.);
#10407 = LINE('',#10408,#10409);
#10408 = CARTESIAN_POINT('',(-2.429496640897,-2.11,0.2479055467));
#10409 = VECTOR('',#10410,1.);
#10410 = DIRECTION('',(1.144237745222E-17,1.,0.));
#10411 = CYLINDRICAL_SURFACE('',#10412,0.3);
#10412 = AXIS2_PLACEMENT_3D('',#10413,#10414,#10415);
#10413 = CARTESIAN_POINT('',(-2.724938966801,-2.11,0.3));
#10414 = DIRECTION('',(-1.144237745222E-17,-1.,0.));
#10415 = DIRECTION('',(0.984807753012,-1.126854202784E-17,
    -0.173648177667));
#10416 = ADVANCED_FACE('',(#10417),#10423,.F.);
#10417 = FACE_BOUND('',#10418,.F.);
#10418 = EDGE_LOOP('',(#10419,#10420,#10421,#10422));
#10419 = ORIENTED_EDGE('',*,*,#8463,.T.);
#10420 = ORIENTED_EDGE('',*,*,#8481,.T.);
#10421 = ORIENTED_EDGE('',*,*,#10406,.F.);
#10422 = ORIENTED_EDGE('',*,*,#8372,.F.);
#10423 = PLANE('',#10424);
#10424 = AXIS2_PLACEMENT_3D('',#10425,#10426,#10427);
#10425 = CARTESIAN_POINT('',(-2.348480775301,-2.11,0.742364817767));
#10426 = DIRECTION('',(-0.986841372087,1.129181146488E-17,0.161691392282
    ));
#10427 = DIRECTION('',(-0.161691392282,1.85013394127E-18,-0.986841372087
    ));
#10428 = ADVANCED_FACE('',(#10429),#10440,.T.);
#10429 = FACE_BOUND('',#10430,.T.);
#10430 = EDGE_LOOP('',(#10431,#10432,#10433,#10434));
#10431 = ORIENTED_EDGE('',*,*,#8653,.T.);
#10432 = ORIENTED_EDGE('',*,*,#10100,.T.);
#10433 = ORIENTED_EDGE('',*,*,#8762,.F.);
#10434 = ORIENTED_EDGE('',*,*,#10435,.F.);
#10435 = EDGE_CURVE('',#8646,#8755,#10436,.T.);
#10436 = LINE('',#10437,#10438);
#10437 = CARTESIAN_POINT('',(-2.545442325904,-0.84,0.7770944533));
#10438 = VECTOR('',#10439,1.);
#10439 = DIRECTION('',(1.144237745222E-17,1.,0.));
#10440 = CYLINDRICAL_SURFACE('',#10441,0.3);
#10441 = AXIS2_PLACEMENT_3D('',#10442,#10443,#10444);
#10442 = CARTESIAN_POINT('',(-2.25,-0.84,0.725));
#10443 = DIRECTION('',(-1.144237745222E-17,-1.,0.));
#10444 = DIRECTION('',(-0.984807753012,1.126854202784E-17,0.173648177667
    ));
#10445 = ADVANCED_FACE('',(#10446),#10457,.F.);
#10446 = FACE_BOUND('',#10447,.F.);
#10447 = EDGE_LOOP('',(#10448,#10454,#10455,#10456));
#10448 = ORIENTED_EDGE('',*,*,#10449,.T.);
#10449 = EDGE_CURVE('',#8637,#8746,#10450,.T.);
#10450 = LINE('',#10451,#10452);
#10451 = CARTESIAN_POINT('',(-2.6264581915,-0.84,0.282635182233));
#10452 = VECTOR('',#10453,1.);
#10453 = DIRECTION('',(1.144237745222E-17,1.,0.));
#10454 = ORIENTED_EDGE('',*,*,#8754,.T.);
#10455 = ORIENTED_EDGE('',*,*,#10435,.F.);
#10456 = ORIENTED_EDGE('',*,*,#8645,.F.);
#10457 = PLANE('',#10458);
#10458 = AXIS2_PLACEMENT_3D('',#10459,#10460,#10461);
#10459 = CARTESIAN_POINT('',(-2.6264581915,-0.84,0.282635182233));
#10460 = DIRECTION('',(0.986841372087,-1.129181146488E-17,
    -0.161691392282));
#10461 = DIRECTION('',(0.161691392282,-1.85013394127E-18,0.986841372087)
  );
#10462 = ADVANCED_FACE('',(#10463),#10474,.F.);
#10463 = FACE_BOUND('',#10464,.F.);
#10464 = EDGE_LOOP('',(#10465,#10471,#10472,#10473));
#10465 = ORIENTED_EDGE('',*,*,#10466,.T.);
#10466 = EDGE_CURVE('',#8629,#8738,#10467,.T.);
#10467 = LINE('',#10468,#10469);
#10468 = CARTESIAN_POINT('',(-2.724938966801,-0.84,0.2));
#10469 = VECTOR('',#10470,1.);
#10470 = DIRECTION('',(1.144237745222E-17,1.,0.));
#10471 = ORIENTED_EDGE('',*,*,#8745,.T.);
#10472 = ORIENTED_EDGE('',*,*,#10449,.F.);
#10473 = ORIENTED_EDGE('',*,*,#8636,.F.);
#10474 = CYLINDRICAL_SURFACE('',#10475,0.1);
#10475 = AXIS2_PLACEMENT_3D('',#10476,#10477,#10478);
#10476 = CARTESIAN_POINT('',(-2.724938966801,-0.84,0.3));
#10477 = DIRECTION('',(-1.144237745222E-17,-1.,0.));
#10478 = DIRECTION('',(-0.,0.,-1.));
#10479 = ADVANCED_FACE('',(#10480),#10491,.F.);
#10480 = FACE_BOUND('',#10481,.F.);
#10481 = EDGE_LOOP('',(#10482,#10488,#10489,#10490));
#10482 = ORIENTED_EDGE('',*,*,#10483,.T.);
#10483 = EDGE_CURVE('',#8621,#8730,#10484,.T.);
#10484 = LINE('',#10485,#10486);
#10485 = CARTESIAN_POINT('',(-3.,-0.84,0.2));
#10486 = VECTOR('',#10487,1.);
#10487 = DIRECTION('',(1.144237745222E-17,1.,0.));
#10488 = ORIENTED_EDGE('',*,*,#8737,.T.);
#10489 = ORIENTED_EDGE('',*,*,#10466,.F.);
#10490 = ORIENTED_EDGE('',*,*,#8628,.F.);
#10491 = PLANE('',#10492);
#10492 = AXIS2_PLACEMENT_3D('',#10493,#10494,#10495);
#10493 = CARTESIAN_POINT('',(-3.,-0.84,0.2));
#10494 = DIRECTION('',(0.,0.,-1.));
#10495 = DIRECTION('',(1.,-1.144237745222E-17,0.));
#10496 = ADVANCED_FACE('',(#10497),#10508,.F.);
#10497 = FACE_BOUND('',#10498,.F.);
#10498 = EDGE_LOOP('',(#10499,#10505,#10506,#10507));
#10499 = ORIENTED_EDGE('',*,*,#10500,.T.);
#10500 = EDGE_CURVE('',#8613,#8722,#10501,.T.);
#10501 = LINE('',#10502,#10503);
#10502 = CARTESIAN_POINT('',(-3.,-0.84,-1.665334536938E-16));
#10503 = VECTOR('',#10504,1.);
#10504 = DIRECTION('',(1.144237745222E-17,1.,0.));
#10505 = ORIENTED_EDGE('',*,*,#8729,.T.);
#10506 = ORIENTED_EDGE('',*,*,#10483,.F.);
#10507 = ORIENTED_EDGE('',*,*,#8620,.F.);
#10508 = PLANE('',#10509);
#10509 = AXIS2_PLACEMENT_3D('',#10510,#10511,#10512);
#10510 = CARTESIAN_POINT('',(-3.,-0.84,-1.665334536938E-16));
#10511 = DIRECTION('',(1.,-1.144237745222E-17,0.));
#10512 = DIRECTION('',(0.,0.,1.));
#10513 = ADVANCED_FACE('',(#10514),#10525,.F.);
#10514 = FACE_BOUND('',#10515,.F.);
#10515 = EDGE_LOOP('',(#10516,#10522,#10523,#10524));
#10516 = ORIENTED_EDGE('',*,*,#10517,.T.);
#10517 = EDGE_CURVE('',#8604,#8713,#10518,.T.);
#10518 = LINE('',#10519,#10520);
#10519 = CARTESIAN_POINT('',(-2.724938966801,-0.84,-1.665334536938E-16)
  );
#10520 = VECTOR('',#10521,1.);
#10521 = DIRECTION('',(1.144237745222E-17,1.,0.));
#10522 = ORIENTED_EDGE('',*,*,#8721,.T.);
#10523 = ORIENTED_EDGE('',*,*,#10500,.F.);
#10524 = ORIENTED_EDGE('',*,*,#8612,.F.);
#10525 = PLANE('',#10526);
#10526 = AXIS2_PLACEMENT_3D('',#10527,#10528,#10529);
#10527 = CARTESIAN_POINT('',(-2.724938966801,-0.84,-1.665334536938E-16)
  );
#10528 = DIRECTION('',(0.,0.,1.));
#10529 = DIRECTION('',(-1.,1.144237745222E-17,0.));
#10530 = ADVANCED_FACE('',(#10531),#10542,.T.);
#10531 = FACE_BOUND('',#10532,.T.);
#10532 = EDGE_LOOP('',(#10533,#10534,#10535,#10536));
#10533 = ORIENTED_EDGE('',*,*,#8603,.T.);
#10534 = ORIENTED_EDGE('',*,*,#10517,.T.);
#10535 = ORIENTED_EDGE('',*,*,#8712,.F.);
#10536 = ORIENTED_EDGE('',*,*,#10537,.F.);
#10537 = EDGE_CURVE('',#8596,#8705,#10538,.T.);
#10538 = LINE('',#10539,#10540);
#10539 = CARTESIAN_POINT('',(-2.429496640897,-0.84,0.2479055467));
#10540 = VECTOR('',#10541,1.);
#10541 = DIRECTION('',(1.144237745222E-17,1.,0.));
#10542 = CYLINDRICAL_SURFACE('',#10543,0.3);
#10543 = AXIS2_PLACEMENT_3D('',#10544,#10545,#10546);
#10544 = CARTESIAN_POINT('',(-2.724938966801,-0.84,0.3));
#10545 = DIRECTION('',(-1.144237745222E-17,-1.,0.));
#10546 = DIRECTION('',(0.984807753012,-1.126854202784E-17,
    -0.173648177667));
#10547 = ADVANCED_FACE('',(#10548),#10554,.F.);
#10548 = FACE_BOUND('',#10549,.F.);
#10549 = EDGE_LOOP('',(#10550,#10551,#10552,#10553));
#10550 = ORIENTED_EDGE('',*,*,#8686,.T.);
#10551 = ORIENTED_EDGE('',*,*,#8704,.T.);
#10552 = ORIENTED_EDGE('',*,*,#10537,.F.);
#10553 = ORIENTED_EDGE('',*,*,#8595,.F.);
#10554 = PLANE('',#10555);
#10555 = AXIS2_PLACEMENT_3D('',#10556,#10557,#10558);
#10556 = CARTESIAN_POINT('',(-2.348480775301,-0.84,0.742364817767));
#10557 = DIRECTION('',(-0.986841372087,1.129181146488E-17,0.161691392282
    ));
#10558 = DIRECTION('',(-0.161691392282,1.85013394127E-18,-0.986841372087
    ));
#10559 = ADVANCED_FACE('',(#10560),#10571,.T.);
#10560 = FACE_BOUND('',#10561,.T.);
#10561 = EDGE_LOOP('',(#10562,#10563,#10564,#10565));
#10562 = ORIENTED_EDGE('',*,*,#8876,.T.);
#10563 = ORIENTED_EDGE('',*,*,#10119,.T.);
#10564 = ORIENTED_EDGE('',*,*,#8985,.F.);
#10565 = ORIENTED_EDGE('',*,*,#10566,.F.);
#10566 = EDGE_CURVE('',#8869,#8978,#10567,.T.);
#10567 = LINE('',#10568,#10569);
#10568 = CARTESIAN_POINT('',(-2.545442325904,0.43,0.7770944533));
#10569 = VECTOR('',#10570,1.);
#10570 = DIRECTION('',(1.144237745222E-17,1.,0.));
#10571 = CYLINDRICAL_SURFACE('',#10572,0.3);
#10572 = AXIS2_PLACEMENT_3D('',#10573,#10574,#10575);
#10573 = CARTESIAN_POINT('',(-2.25,0.43,0.725));
#10574 = DIRECTION('',(-1.144237745222E-17,-1.,0.));
#10575 = DIRECTION('',(-0.984807753012,1.126854202784E-17,0.173648177667
    ));
#10576 = ADVANCED_FACE('',(#10577),#10588,.F.);
#10577 = FACE_BOUND('',#10578,.F.);
#10578 = EDGE_LOOP('',(#10579,#10585,#10586,#10587));
#10579 = ORIENTED_EDGE('',*,*,#10580,.T.);
#10580 = EDGE_CURVE('',#8860,#8969,#10581,.T.);
#10581 = LINE('',#10582,#10583);
#10582 = CARTESIAN_POINT('',(-2.6264581915,0.43,0.282635182233));
#10583 = VECTOR('',#10584,1.);
#10584 = DIRECTION('',(1.144237745222E-17,1.,0.));
#10585 = ORIENTED_EDGE('',*,*,#8977,.T.);
#10586 = ORIENTED_EDGE('',*,*,#10566,.F.);
#10587 = ORIENTED_EDGE('',*,*,#8868,.F.);
#10588 = PLANE('',#10589);
#10589 = AXIS2_PLACEMENT_3D('',#10590,#10591,#10592);
#10590 = CARTESIAN_POINT('',(-2.6264581915,0.43,0.282635182233));
#10591 = DIRECTION('',(0.986841372087,-1.129181146488E-17,
    -0.161691392282));
#10592 = DIRECTION('',(0.161691392282,-1.85013394127E-18,0.986841372087)
  );
#10593 = ADVANCED_FACE('',(#10594),#10605,.F.);
#10594 = FACE_BOUND('',#10595,.F.);
#10595 = EDGE_LOOP('',(#10596,#10602,#10603,#10604));
#10596 = ORIENTED_EDGE('',*,*,#10597,.T.);
#10597 = EDGE_CURVE('',#8852,#8961,#10598,.T.);
#10598 = LINE('',#10599,#10600);
#10599 = CARTESIAN_POINT('',(-2.724938966801,0.43,0.2));
#10600 = VECTOR('',#10601,1.);
#10601 = DIRECTION('',(1.144237745222E-17,1.,0.));
#10602 = ORIENTED_EDGE('',*,*,#8968,.T.);
#10603 = ORIENTED_EDGE('',*,*,#10580,.F.);
#10604 = ORIENTED_EDGE('',*,*,#8859,.F.);
#10605 = CYLINDRICAL_SURFACE('',#10606,0.1);
#10606 = AXIS2_PLACEMENT_3D('',#10607,#10608,#10609);
#10607 = CARTESIAN_POINT('',(-2.724938966801,0.43,0.3));
#10608 = DIRECTION('',(-1.144237745222E-17,-1.,0.));
#10609 = DIRECTION('',(-0.,0.,-1.));
#10610 = ADVANCED_FACE('',(#10611),#10622,.F.);
#10611 = FACE_BOUND('',#10612,.F.);
#10612 = EDGE_LOOP('',(#10613,#10619,#10620,#10621));
#10613 = ORIENTED_EDGE('',*,*,#10614,.T.);
#10614 = EDGE_CURVE('',#8844,#8953,#10615,.T.);
#10615 = LINE('',#10616,#10617);
#10616 = CARTESIAN_POINT('',(-3.,0.43,0.2));
#10617 = VECTOR('',#10618,1.);
#10618 = DIRECTION('',(1.144237745222E-17,1.,0.));
#10619 = ORIENTED_EDGE('',*,*,#8960,.T.);
#10620 = ORIENTED_EDGE('',*,*,#10597,.F.);
#10621 = ORIENTED_EDGE('',*,*,#8851,.F.);
#10622 = PLANE('',#10623);
#10623 = AXIS2_PLACEMENT_3D('',#10624,#10625,#10626);
#10624 = CARTESIAN_POINT('',(-3.,0.43,0.2));
#10625 = DIRECTION('',(0.,0.,-1.));
#10626 = DIRECTION('',(1.,-1.144237745222E-17,0.));
#10627 = ADVANCED_FACE('',(#10628),#10639,.F.);
#10628 = FACE_BOUND('',#10629,.F.);
#10629 = EDGE_LOOP('',(#10630,#10636,#10637,#10638));
#10630 = ORIENTED_EDGE('',*,*,#10631,.T.);
#10631 = EDGE_CURVE('',#8836,#8945,#10632,.T.);
#10632 = LINE('',#10633,#10634);
#10633 = CARTESIAN_POINT('',(-3.,0.43,-1.665334536938E-16));
#10634 = VECTOR('',#10635,1.);
#10635 = DIRECTION('',(1.144237745222E-17,1.,0.));
#10636 = ORIENTED_EDGE('',*,*,#8952,.T.);
#10637 = ORIENTED_EDGE('',*,*,#10614,.F.);
#10638 = ORIENTED_EDGE('',*,*,#8843,.F.);
#10639 = PLANE('',#10640);
#10640 = AXIS2_PLACEMENT_3D('',#10641,#10642,#10643);
#10641 = CARTESIAN_POINT('',(-3.,0.43,-1.665334536938E-16));
#10642 = DIRECTION('',(1.,-1.144237745222E-17,0.));
#10643 = DIRECTION('',(0.,0.,1.));
#10644 = ADVANCED_FACE('',(#10645),#10656,.F.);
#10645 = FACE_BOUND('',#10646,.F.);
#10646 = EDGE_LOOP('',(#10647,#10653,#10654,#10655));
#10647 = ORIENTED_EDGE('',*,*,#10648,.T.);
#10648 = EDGE_CURVE('',#8827,#8936,#10649,.T.);
#10649 = LINE('',#10650,#10651);
#10650 = CARTESIAN_POINT('',(-2.724938966801,0.43,-1.665334536938E-16));
#10651 = VECTOR('',#10652,1.);
#10652 = DIRECTION('',(1.144237745222E-17,1.,0.));
#10653 = ORIENTED_EDGE('',*,*,#8944,.T.);
#10654 = ORIENTED_EDGE('',*,*,#10631,.F.);
#10655 = ORIENTED_EDGE('',*,*,#8835,.F.);
#10656 = PLANE('',#10657);
#10657 = AXIS2_PLACEMENT_3D('',#10658,#10659,#10660);
#10658 = CARTESIAN_POINT('',(-2.724938966801,0.43,-1.665334536938E-16));
#10659 = DIRECTION('',(0.,0.,1.));
#10660 = DIRECTION('',(-1.,1.144237745222E-17,0.));
#10661 = ADVANCED_FACE('',(#10662),#10673,.T.);
#10662 = FACE_BOUND('',#10663,.T.);
#10663 = EDGE_LOOP('',(#10664,#10665,#10666,#10667));
#10664 = ORIENTED_EDGE('',*,*,#8826,.T.);
#10665 = ORIENTED_EDGE('',*,*,#10648,.T.);
#10666 = ORIENTED_EDGE('',*,*,#8935,.F.);
#10667 = ORIENTED_EDGE('',*,*,#10668,.F.);
#10668 = EDGE_CURVE('',#8819,#8928,#10669,.T.);
#10669 = LINE('',#10670,#10671);
#10670 = CARTESIAN_POINT('',(-2.429496640897,0.43,0.2479055467));
#10671 = VECTOR('',#10672,1.);
#10672 = DIRECTION('',(1.144237745222E-17,1.,0.));
#10673 = CYLINDRICAL_SURFACE('',#10674,0.3);
#10674 = AXIS2_PLACEMENT_3D('',#10675,#10676,#10677);
#10675 = CARTESIAN_POINT('',(-2.724938966801,0.43,0.3));
#10676 = DIRECTION('',(-1.144237745222E-17,-1.,0.));
#10677 = DIRECTION('',(0.984807753012,-1.126854202784E-17,
    -0.173648177667));
#10678 = ADVANCED_FACE('',(#10679),#10685,.F.);
#10679 = FACE_BOUND('',#10680,.F.);
#10680 = EDGE_LOOP('',(#10681,#10682,#10683,#10684));
#10681 = ORIENTED_EDGE('',*,*,#8909,.T.);
#10682 = ORIENTED_EDGE('',*,*,#8927,.T.);
#10683 = ORIENTED_EDGE('',*,*,#10668,.F.);
#10684 = ORIENTED_EDGE('',*,*,#8818,.F.);
#10685 = PLANE('',#10686);
#10686 = AXIS2_PLACEMENT_3D('',#10687,#10688,#10689);
#10687 = CARTESIAN_POINT('',(-2.348480775301,0.43,0.742364817767));
#10688 = DIRECTION('',(-0.986841372087,1.129181146488E-17,0.161691392282
    ));
#10689 = DIRECTION('',(-0.161691392282,1.85013394127E-18,-0.986841372087
    ));
#10690 = ADVANCED_FACE('',(#10691),#10702,.F.);
#10691 = FACE_BOUND('',#10692,.F.);
#10692 = EDGE_LOOP('',(#10693,#10699,#10700,#10701));
#10693 = ORIENTED_EDGE('',*,*,#10694,.T.);
#10694 = EDGE_CURVE('',#9078,#9180,#10695,.T.);
#10695 = LINE('',#10696,#10697);
#10696 = CARTESIAN_POINT('',(-2.6264581915,1.7,0.282635182233));
#10697 = VECTOR('',#10698,1.);
#10698 = DIRECTION('',(1.144237745222E-17,1.,0.));
#10699 = ORIENTED_EDGE('',*,*,#9188,.T.);
#10700 = ORIENTED_EDGE('',*,*,#10066,.F.);
#10701 = ORIENTED_EDGE('',*,*,#9086,.F.);
#10702 = PLANE('',#10703);
#10703 = AXIS2_PLACEMENT_3D('',#10704,#10705,#10706);
#10704 = CARTESIAN_POINT('',(-2.6264581915,1.7,0.282635182233));
#10705 = DIRECTION('',(0.986841372087,-1.129181146488E-17,
    -0.161691392282));
#10706 = DIRECTION('',(0.161691392282,-1.85013394127E-18,0.986841372087)
  );
#10707 = ADVANCED_FACE('',(#10708),#10719,.F.);
#10708 = FACE_BOUND('',#10709,.F.);
#10709 = EDGE_LOOP('',(#10710,#10716,#10717,#10718));
#10710 = ORIENTED_EDGE('',*,*,#10711,.T.);
#10711 = EDGE_CURVE('',#9070,#9172,#10712,.T.);
#10712 = LINE('',#10713,#10714);
#10713 = CARTESIAN_POINT('',(-2.724938966801,1.7,0.2));
#10714 = VECTOR('',#10715,1.);
#10715 = DIRECTION('',(1.144237745222E-17,1.,0.));
#10716 = ORIENTED_EDGE('',*,*,#9179,.T.);
#10717 = ORIENTED_EDGE('',*,*,#10694,.F.);
#10718 = ORIENTED_EDGE('',*,*,#9077,.F.);
#10719 = CYLINDRICAL_SURFACE('',#10720,0.1);
#10720 = AXIS2_PLACEMENT_3D('',#10721,#10722,#10723);
#10721 = CARTESIAN_POINT('',(-2.724938966801,1.7,0.3));
#10722 = DIRECTION('',(-1.144237745222E-17,-1.,0.));
#10723 = DIRECTION('',(-0.,0.,-1.));
#10724 = ADVANCED_FACE('',(#10725),#10736,.F.);
#10725 = FACE_BOUND('',#10726,.F.);
#10726 = EDGE_LOOP('',(#10727,#10733,#10734,#10735));
#10727 = ORIENTED_EDGE('',*,*,#10728,.T.);
#10728 = EDGE_CURVE('',#9062,#9164,#10729,.T.);
#10729 = LINE('',#10730,#10731);
#10730 = CARTESIAN_POINT('',(-3.,1.7,0.2));
#10731 = VECTOR('',#10732,1.);
#10732 = DIRECTION('',(1.144237745222E-17,1.,0.));
#10733 = ORIENTED_EDGE('',*,*,#9171,.T.);
#10734 = ORIENTED_EDGE('',*,*,#10711,.F.);
#10735 = ORIENTED_EDGE('',*,*,#9069,.F.);
#10736 = PLANE('',#10737);
#10737 = AXIS2_PLACEMENT_3D('',#10738,#10739,#10740);
#10738 = CARTESIAN_POINT('',(-3.,1.7,0.2));
#10739 = DIRECTION('',(0.,0.,-1.));
#10740 = DIRECTION('',(1.,-1.144237745222E-17,0.));
#10741 = ADVANCED_FACE('',(#10742),#10753,.F.);
#10742 = FACE_BOUND('',#10743,.F.);
#10743 = EDGE_LOOP('',(#10744,#10750,#10751,#10752));
#10744 = ORIENTED_EDGE('',*,*,#10745,.T.);
#10745 = EDGE_CURVE('',#9054,#9156,#10746,.T.);
#10746 = LINE('',#10747,#10748);
#10747 = CARTESIAN_POINT('',(-3.,1.7,-1.665334536938E-16));
#10748 = VECTOR('',#10749,1.);
#10749 = DIRECTION('',(1.144237745222E-17,1.,0.));
#10750 = ORIENTED_EDGE('',*,*,#9163,.T.);
#10751 = ORIENTED_EDGE('',*,*,#10728,.F.);
#10752 = ORIENTED_EDGE('',*,*,#9061,.F.);
#10753 = PLANE('',#10754);
#10754 = AXIS2_PLACEMENT_3D('',#10755,#10756,#10757);
#10755 = CARTESIAN_POINT('',(-3.,1.7,-1.665334536938E-16));
#10756 = DIRECTION('',(1.,-1.144237745222E-17,0.));
#10757 = DIRECTION('',(0.,0.,1.));
#10758 = ADVANCED_FACE('',(#10759),#10770,.F.);
#10759 = FACE_BOUND('',#10760,.F.);
#10760 = EDGE_LOOP('',(#10761,#10767,#10768,#10769));
#10761 = ORIENTED_EDGE('',*,*,#10762,.T.);
#10762 = EDGE_CURVE('',#9045,#9147,#10763,.T.);
#10763 = LINE('',#10764,#10765);
#10764 = CARTESIAN_POINT('',(-2.724938966801,1.7,-1.665334536938E-16));
#10765 = VECTOR('',#10766,1.);
#10766 = DIRECTION('',(1.144237745222E-17,1.,0.));
#10767 = ORIENTED_EDGE('',*,*,#9155,.T.);
#10768 = ORIENTED_EDGE('',*,*,#10745,.F.);
#10769 = ORIENTED_EDGE('',*,*,#9053,.F.);
#10770 = PLANE('',#10771);
#10771 = AXIS2_PLACEMENT_3D('',#10772,#10773,#10774);
#10772 = CARTESIAN_POINT('',(-2.724938966801,1.7,-1.665334536938E-16));
#10773 = DIRECTION('',(0.,0.,1.));
#10774 = DIRECTION('',(-1.,1.144237745222E-17,0.));
#10775 = ADVANCED_FACE('',(#10776),#10787,.T.);
#10776 = FACE_BOUND('',#10777,.T.);
#10777 = EDGE_LOOP('',(#10778,#10779,#10780,#10781));
#10778 = ORIENTED_EDGE('',*,*,#9044,.T.);
#10779 = ORIENTED_EDGE('',*,*,#10762,.T.);
#10780 = ORIENTED_EDGE('',*,*,#9146,.F.);
#10781 = ORIENTED_EDGE('',*,*,#10782,.F.);
#10782 = EDGE_CURVE('',#9037,#9139,#10783,.T.);
#10783 = LINE('',#10784,#10785);
#10784 = CARTESIAN_POINT('',(-2.429496640897,1.7,0.2479055467));
#10785 = VECTOR('',#10786,1.);
#10786 = DIRECTION('',(1.144237745222E-17,1.,0.));
#10787 = CYLINDRICAL_SURFACE('',#10788,0.3);
#10788 = AXIS2_PLACEMENT_3D('',#10789,#10790,#10791);
#10789 = CARTESIAN_POINT('',(-2.724938966801,1.7,0.3));
#10790 = DIRECTION('',(-1.144237745222E-17,-1.,0.));
#10791 = DIRECTION('',(0.984807753012,-1.126854202784E-17,
    -0.173648177667));
#10792 = ADVANCED_FACE('',(#10793),#10799,.F.);
#10793 = FACE_BOUND('',#10794,.F.);
#10794 = EDGE_LOOP('',(#10795,#10796,#10797,#10798));
#10795 = ORIENTED_EDGE('',*,*,#9120,.T.);
#10796 = ORIENTED_EDGE('',*,*,#9138,.T.);
#10797 = ORIENTED_EDGE('',*,*,#10782,.F.);
#10798 = ORIENTED_EDGE('',*,*,#9036,.F.);
#10799 = PLANE('',#10800);
#10800 = AXIS2_PLACEMENT_3D('',#10801,#10802,#10803);
#10801 = CARTESIAN_POINT('',(-2.348480775301,1.7,0.742364817767));
#10802 = DIRECTION('',(-0.986841372087,1.129181146488E-17,0.161691392282
    ));
#10803 = DIRECTION('',(-0.161691392282,1.85013394127E-18,-0.986841372087
    ));
#10804 = ADVANCED_FACE('',(#10805),#10816,.F.);
#10805 = FACE_BOUND('',#10806,.F.);
#10806 = EDGE_LOOP('',(#10807,#10813,#10814,#10815));
#10807 = ORIENTED_EDGE('',*,*,#10808,.T.);
#10808 = EDGE_CURVE('',#9265,#9367,#10809,.T.);
#10809 = LINE('',#10810,#10811);
#10810 = CARTESIAN_POINT('',(2.6264581915,2.11,0.282635182233));
#10811 = VECTOR('',#10812,1.);
#10812 = DIRECTION('',(1.110223024625E-16,-1.,0.));
#10813 = ORIENTED_EDGE('',*,*,#9375,.T.);
#10814 = ORIENTED_EDGE('',*,*,#10275,.F.);
#10815 = ORIENTED_EDGE('',*,*,#9273,.F.);
#10816 = PLANE('',#10817);
#10817 = AXIS2_PLACEMENT_3D('',#10818,#10819,#10820);
#10818 = CARTESIAN_POINT('',(2.6264581915,2.11,0.282635182233));
#10819 = DIRECTION('',(-0.986841372087,-1.095614012943E-16,
    -0.161691392282));
#10820 = DIRECTION('',(-0.161691392282,-1.795135065956E-17,
    0.986841372087));
#10821 = ADVANCED_FACE('',(#10822),#10833,.F.);
#10822 = FACE_BOUND('',#10823,.F.);
#10823 = EDGE_LOOP('',(#10824,#10830,#10831,#10832));
#10824 = ORIENTED_EDGE('',*,*,#10825,.T.);
#10825 = EDGE_CURVE('',#9257,#9359,#10826,.T.);
#10826 = LINE('',#10827,#10828);
#10827 = CARTESIAN_POINT('',(2.724938966801,2.11,0.2));
#10828 = VECTOR('',#10829,1.);
#10829 = DIRECTION('',(1.110223024625E-16,-1.,0.));
#10830 = ORIENTED_EDGE('',*,*,#9366,.T.);
#10831 = ORIENTED_EDGE('',*,*,#10808,.F.);
#10832 = ORIENTED_EDGE('',*,*,#9264,.F.);
#10833 = CYLINDRICAL_SURFACE('',#10834,0.1);
#10834 = AXIS2_PLACEMENT_3D('',#10835,#10836,#10837);
#10835 = CARTESIAN_POINT('',(2.724938966801,2.11,0.3));
#10836 = DIRECTION('',(-1.110223024625E-16,1.,0.));
#10837 = DIRECTION('',(0.,0.,-1.));
#10838 = ADVANCED_FACE('',(#10839),#10850,.F.);
#10839 = FACE_BOUND('',#10840,.F.);
#10840 = EDGE_LOOP('',(#10841,#10847,#10848,#10849));
#10841 = ORIENTED_EDGE('',*,*,#10842,.T.);
#10842 = EDGE_CURVE('',#9249,#9351,#10843,.T.);
#10843 = LINE('',#10844,#10845);
#10844 = CARTESIAN_POINT('',(3.,2.11,0.2));
#10845 = VECTOR('',#10846,1.);
#10846 = DIRECTION('',(1.110223024625E-16,-1.,0.));
#10847 = ORIENTED_EDGE('',*,*,#9358,.T.);
#10848 = ORIENTED_EDGE('',*,*,#10825,.F.);
#10849 = ORIENTED_EDGE('',*,*,#9256,.F.);
#10850 = PLANE('',#10851);
#10851 = AXIS2_PLACEMENT_3D('',#10852,#10853,#10854);
#10852 = CARTESIAN_POINT('',(3.,2.11,0.2));
#10853 = DIRECTION('',(0.,0.,-1.));
#10854 = DIRECTION('',(-1.,-1.110223024625E-16,-0.));
#10855 = ADVANCED_FACE('',(#10856),#10867,.F.);
#10856 = FACE_BOUND('',#10857,.F.);
#10857 = EDGE_LOOP('',(#10858,#10864,#10865,#10866));
#10858 = ORIENTED_EDGE('',*,*,#10859,.T.);
#10859 = EDGE_CURVE('',#9241,#9343,#10860,.T.);
#10860 = LINE('',#10861,#10862);
#10861 = CARTESIAN_POINT('',(3.,2.11,-1.665334536938E-16));
#10862 = VECTOR('',#10863,1.);
#10863 = DIRECTION('',(1.110223024625E-16,-1.,0.));
#10864 = ORIENTED_EDGE('',*,*,#9350,.T.);
#10865 = ORIENTED_EDGE('',*,*,#10842,.F.);
#10866 = ORIENTED_EDGE('',*,*,#9248,.F.);
#10867 = PLANE('',#10868);
#10868 = AXIS2_PLACEMENT_3D('',#10869,#10870,#10871);
#10869 = CARTESIAN_POINT('',(3.,2.11,-1.665334536938E-16));
#10870 = DIRECTION('',(-1.,-1.110223024625E-16,0.));
#10871 = DIRECTION('',(0.,0.,1.));
#10872 = ADVANCED_FACE('',(#10873),#10884,.F.);
#10873 = FACE_BOUND('',#10874,.F.);
#10874 = EDGE_LOOP('',(#10875,#10881,#10882,#10883));
#10875 = ORIENTED_EDGE('',*,*,#10876,.T.);
#10876 = EDGE_CURVE('',#9232,#9334,#10877,.T.);
#10877 = LINE('',#10878,#10879);
#10878 = CARTESIAN_POINT('',(2.724938966801,2.11,-1.665334536938E-16));
#10879 = VECTOR('',#10880,1.);
#10880 = DIRECTION('',(1.110223024625E-16,-1.,0.));
#10881 = ORIENTED_EDGE('',*,*,#9342,.T.);
#10882 = ORIENTED_EDGE('',*,*,#10859,.F.);
#10883 = ORIENTED_EDGE('',*,*,#9240,.F.);
#10884 = PLANE('',#10885);
#10885 = AXIS2_PLACEMENT_3D('',#10886,#10887,#10888);
#10886 = CARTESIAN_POINT('',(2.724938966801,2.11,-1.665334536938E-16));
#10887 = DIRECTION('',(0.,0.,1.));
#10888 = DIRECTION('',(1.,1.110223024625E-16,-0.));
#10889 = ADVANCED_FACE('',(#10890),#10901,.T.);
#10890 = FACE_BOUND('',#10891,.T.);
#10891 = EDGE_LOOP('',(#10892,#10893,#10894,#10895));
#10892 = ORIENTED_EDGE('',*,*,#9231,.T.);
#10893 = ORIENTED_EDGE('',*,*,#10876,.T.);
#10894 = ORIENTED_EDGE('',*,*,#9333,.F.);
#10895 = ORIENTED_EDGE('',*,*,#10896,.F.);
#10896 = EDGE_CURVE('',#9224,#9326,#10897,.T.);
#10897 = LINE('',#10898,#10899);
#10898 = CARTESIAN_POINT('',(2.429496640897,2.11,0.2479055467));
#10899 = VECTOR('',#10900,1.);
#10900 = DIRECTION('',(1.110223024625E-16,-1.,0.));
#10901 = CYLINDRICAL_SURFACE('',#10902,0.3);
#10902 = AXIS2_PLACEMENT_3D('',#10903,#10904,#10905);
#10903 = CARTESIAN_POINT('',(2.724938966801,2.11,0.3));
#10904 = DIRECTION('',(-1.110223024625E-16,1.,0.));
#10905 = DIRECTION('',(-0.984807753012,-1.093356242223E-16,
    -0.173648177667));
#10906 = ADVANCED_FACE('',(#10907),#10913,.F.);
#10907 = FACE_BOUND('',#10908,.F.);
#10908 = EDGE_LOOP('',(#10909,#10910,#10911,#10912));
#10909 = ORIENTED_EDGE('',*,*,#9307,.T.);
#10910 = ORIENTED_EDGE('',*,*,#9325,.T.);
#10911 = ORIENTED_EDGE('',*,*,#10896,.F.);
#10912 = ORIENTED_EDGE('',*,*,#9223,.F.);
#10913 = PLANE('',#10914);
#10914 = AXIS2_PLACEMENT_3D('',#10915,#10916,#10917);
#10915 = CARTESIAN_POINT('',(2.348480775301,2.11,0.742364817767));
#10916 = DIRECTION('',(0.986841372087,1.095614012943E-16,0.161691392282)
  );
#10917 = DIRECTION('',(0.161691392282,1.795135065956E-17,-0.986841372087
    ));
#10918 = ADVANCED_FACE('',(#10919),#10930,.T.);
#10919 = FACE_BOUND('',#10920,.T.);
#10920 = EDGE_LOOP('',(#10921,#10922,#10923,#10924));
#10921 = ORIENTED_EDGE('',*,*,#9485,.T.);
#10922 = ORIENTED_EDGE('',*,*,#10200,.T.);
#10923 = ORIENTED_EDGE('',*,*,#9594,.F.);
#10924 = ORIENTED_EDGE('',*,*,#10925,.F.);
#10925 = EDGE_CURVE('',#9478,#9587,#10926,.T.);
#10926 = LINE('',#10927,#10928);
#10927 = CARTESIAN_POINT('',(2.545442325904,0.84,0.7770944533));
#10928 = VECTOR('',#10929,1.);
#10929 = DIRECTION('',(1.110223024625E-16,-1.,0.));
#10930 = CYLINDRICAL_SURFACE('',#10931,0.3);
#10931 = AXIS2_PLACEMENT_3D('',#10932,#10933,#10934);
#10932 = CARTESIAN_POINT('',(2.25,0.84,0.725));
#10933 = DIRECTION('',(-1.110223024625E-16,1.,0.));
#10934 = DIRECTION('',(0.984807753012,1.093356242223E-16,0.173648177667)
  );
#10935 = ADVANCED_FACE('',(#10936),#10947,.F.);
#10936 = FACE_BOUND('',#10937,.F.);
#10937 = EDGE_LOOP('',(#10938,#10944,#10945,#10946));
#10938 = ORIENTED_EDGE('',*,*,#10939,.T.);
#10939 = EDGE_CURVE('',#9469,#9578,#10940,.T.);
#10940 = LINE('',#10941,#10942);
#10941 = CARTESIAN_POINT('',(2.6264581915,0.84,0.282635182233));
#10942 = VECTOR('',#10943,1.);
#10943 = DIRECTION('',(1.110223024625E-16,-1.,0.));
#10944 = ORIENTED_EDGE('',*,*,#9586,.T.);
#10945 = ORIENTED_EDGE('',*,*,#10925,.F.);
#10946 = ORIENTED_EDGE('',*,*,#9477,.F.);
#10947 = PLANE('',#10948);
#10948 = AXIS2_PLACEMENT_3D('',#10949,#10950,#10951);
#10949 = CARTESIAN_POINT('',(2.6264581915,0.84,0.282635182233));
#10950 = DIRECTION('',(-0.986841372087,-1.095614012943E-16,
    -0.161691392282));
#10951 = DIRECTION('',(-0.161691392282,-1.795135065956E-17,
    0.986841372087));
#10952 = ADVANCED_FACE('',(#10953),#10964,.F.);
#10953 = FACE_BOUND('',#10954,.F.);
#10954 = EDGE_LOOP('',(#10955,#10961,#10962,#10963));
#10955 = ORIENTED_EDGE('',*,*,#10956,.T.);
#10956 = EDGE_CURVE('',#9461,#9570,#10957,.T.);
#10957 = LINE('',#10958,#10959);
#10958 = CARTESIAN_POINT('',(2.724938966801,0.84,0.2));
#10959 = VECTOR('',#10960,1.);
#10960 = DIRECTION('',(1.110223024625E-16,-1.,0.));
#10961 = ORIENTED_EDGE('',*,*,#9577,.T.);
#10962 = ORIENTED_EDGE('',*,*,#10939,.F.);
#10963 = ORIENTED_EDGE('',*,*,#9468,.F.);
#10964 = CYLINDRICAL_SURFACE('',#10965,0.1);
#10965 = AXIS2_PLACEMENT_3D('',#10966,#10967,#10968);
#10966 = CARTESIAN_POINT('',(2.724938966801,0.84,0.3));
#10967 = DIRECTION('',(-1.110223024625E-16,1.,0.));
#10968 = DIRECTION('',(0.,0.,-1.));
#10969 = ADVANCED_FACE('',(#10970),#10981,.F.);
#10970 = FACE_BOUND('',#10971,.F.);
#10971 = EDGE_LOOP('',(#10972,#10978,#10979,#10980));
#10972 = ORIENTED_EDGE('',*,*,#10973,.T.);
#10973 = EDGE_CURVE('',#9453,#9562,#10974,.T.);
#10974 = LINE('',#10975,#10976);
#10975 = CARTESIAN_POINT('',(3.,0.84,0.2));
#10976 = VECTOR('',#10977,1.);
#10977 = DIRECTION('',(1.110223024625E-16,-1.,0.));
#10978 = ORIENTED_EDGE('',*,*,#9569,.T.);
#10979 = ORIENTED_EDGE('',*,*,#10956,.F.);
#10980 = ORIENTED_EDGE('',*,*,#9460,.F.);
#10981 = PLANE('',#10982);
#10982 = AXIS2_PLACEMENT_3D('',#10983,#10984,#10985);
#10983 = CARTESIAN_POINT('',(3.,0.84,0.2));
#10984 = DIRECTION('',(0.,0.,-1.));
#10985 = DIRECTION('',(-1.,-1.110223024625E-16,-0.));
#10986 = ADVANCED_FACE('',(#10987),#10998,.F.);
#10987 = FACE_BOUND('',#10988,.F.);
#10988 = EDGE_LOOP('',(#10989,#10995,#10996,#10997));
#10989 = ORIENTED_EDGE('',*,*,#10990,.T.);
#10990 = EDGE_CURVE('',#9445,#9554,#10991,.T.);
#10991 = LINE('',#10992,#10993);
#10992 = CARTESIAN_POINT('',(3.,0.84,-1.665334536938E-16));
#10993 = VECTOR('',#10994,1.);
#10994 = DIRECTION('',(1.110223024625E-16,-1.,0.));
#10995 = ORIENTED_EDGE('',*,*,#9561,.T.);
#10996 = ORIENTED_EDGE('',*,*,#10973,.F.);
#10997 = ORIENTED_EDGE('',*,*,#9452,.F.);
#10998 = PLANE('',#10999);
#10999 = AXIS2_PLACEMENT_3D('',#11000,#11001,#11002);
#11000 = CARTESIAN_POINT('',(3.,0.84,-1.665334536938E-16));
#11001 = DIRECTION('',(-1.,-1.110223024625E-16,0.));
#11002 = DIRECTION('',(0.,0.,1.));
#11003 = ADVANCED_FACE('',(#11004),#11015,.F.);
#11004 = FACE_BOUND('',#11005,.F.);
#11005 = EDGE_LOOP('',(#11006,#11012,#11013,#11014));
#11006 = ORIENTED_EDGE('',*,*,#11007,.T.);
#11007 = EDGE_CURVE('',#9436,#9545,#11008,.T.);
#11008 = LINE('',#11009,#11010);
#11009 = CARTESIAN_POINT('',(2.724938966801,0.84,-1.665334536938E-16));
#11010 = VECTOR('',#11011,1.);
#11011 = DIRECTION('',(1.110223024625E-16,-1.,0.));
#11012 = ORIENTED_EDGE('',*,*,#9553,.T.);
#11013 = ORIENTED_EDGE('',*,*,#10990,.F.);
#11014 = ORIENTED_EDGE('',*,*,#9444,.F.);
#11015 = PLANE('',#11016);
#11016 = AXIS2_PLACEMENT_3D('',#11017,#11018,#11019);
#11017 = CARTESIAN_POINT('',(2.724938966801,0.84,-1.665334536938E-16));
#11018 = DIRECTION('',(0.,0.,1.));
#11019 = DIRECTION('',(1.,1.110223024625E-16,-0.));
#11020 = ADVANCED_FACE('',(#11021),#11032,.T.);
#11021 = FACE_BOUND('',#11022,.T.);
#11022 = EDGE_LOOP('',(#11023,#11024,#11025,#11026));
#11023 = ORIENTED_EDGE('',*,*,#9435,.T.);
#11024 = ORIENTED_EDGE('',*,*,#11007,.T.);
#11025 = ORIENTED_EDGE('',*,*,#9544,.F.);
#11026 = ORIENTED_EDGE('',*,*,#11027,.F.);
#11027 = EDGE_CURVE('',#9428,#9537,#11028,.T.);
#11028 = LINE('',#11029,#11030);
#11029 = CARTESIAN_POINT('',(2.429496640897,0.84,0.2479055467));
#11030 = VECTOR('',#11031,1.);
#11031 = DIRECTION('',(1.110223024625E-16,-1.,0.));
#11032 = CYLINDRICAL_SURFACE('',#11033,0.3);
#11033 = AXIS2_PLACEMENT_3D('',#11034,#11035,#11036);
#11034 = CARTESIAN_POINT('',(2.724938966801,0.84,0.3));
#11035 = DIRECTION('',(-1.110223024625E-16,1.,0.));
#11036 = DIRECTION('',(-0.984807753012,-1.093356242223E-16,
    -0.173648177667));
#11037 = ADVANCED_FACE('',(#11038),#11044,.F.);
#11038 = FACE_BOUND('',#11039,.F.);
#11039 = EDGE_LOOP('',(#11040,#11041,#11042,#11043));
#11040 = ORIENTED_EDGE('',*,*,#9518,.T.);
#11041 = ORIENTED_EDGE('',*,*,#9536,.T.);
#11042 = ORIENTED_EDGE('',*,*,#11027,.F.);
#11043 = ORIENTED_EDGE('',*,*,#9427,.F.);
#11044 = PLANE('',#11045);
#11045 = AXIS2_PLACEMENT_3D('',#11046,#11047,#11048);
#11046 = CARTESIAN_POINT('',(2.348480775301,0.84,0.742364817767));
#11047 = DIRECTION('',(0.986841372087,1.095614012943E-16,0.161691392282)
  );
#11048 = DIRECTION('',(0.161691392282,1.795135065956E-17,-0.986841372087
    ));
#11049 = ADVANCED_FACE('',(#11050),#11061,.T.);
#11050 = FACE_BOUND('',#11051,.T.);
#11051 = EDGE_LOOP('',(#11052,#11053,#11054,#11055));
#11052 = ORIENTED_EDGE('',*,*,#9708,.T.);
#11053 = ORIENTED_EDGE('',*,*,#10219,.T.);
#11054 = ORIENTED_EDGE('',*,*,#9817,.F.);
#11055 = ORIENTED_EDGE('',*,*,#11056,.F.);
#11056 = EDGE_CURVE('',#9701,#9810,#11057,.T.);
#11057 = LINE('',#11058,#11059);
#11058 = CARTESIAN_POINT('',(2.545442325904,-0.43,0.7770944533));
#11059 = VECTOR('',#11060,1.);
#11060 = DIRECTION('',(1.110223024625E-16,-1.,0.));
#11061 = CYLINDRICAL_SURFACE('',#11062,0.3);
#11062 = AXIS2_PLACEMENT_3D('',#11063,#11064,#11065);
#11063 = CARTESIAN_POINT('',(2.25,-0.43,0.725));
#11064 = DIRECTION('',(-1.110223024625E-16,1.,0.));
#11065 = DIRECTION('',(0.984807753012,1.093356242223E-16,0.173648177667)
  );
#11066 = ADVANCED_FACE('',(#11067),#11078,.F.);
#11067 = FACE_BOUND('',#11068,.F.);
#11068 = EDGE_LOOP('',(#11069,#11075,#11076,#11077));
#11069 = ORIENTED_EDGE('',*,*,#11070,.T.);
#11070 = EDGE_CURVE('',#9692,#9801,#11071,.T.);
#11071 = LINE('',#11072,#11073);
#11072 = CARTESIAN_POINT('',(2.6264581915,-0.43,0.282635182233));
#11073 = VECTOR('',#11074,1.);
#11074 = DIRECTION('',(1.110223024625E-16,-1.,0.));
#11075 = ORIENTED_EDGE('',*,*,#9809,.T.);
#11076 = ORIENTED_EDGE('',*,*,#11056,.F.);
#11077 = ORIENTED_EDGE('',*,*,#9700,.F.);
#11078 = PLANE('',#11079);
#11079 = AXIS2_PLACEMENT_3D('',#11080,#11081,#11082);
#11080 = CARTESIAN_POINT('',(2.6264581915,-0.43,0.282635182233));
#11081 = DIRECTION('',(-0.986841372087,-1.095614012943E-16,
    -0.161691392282));
#11082 = DIRECTION('',(-0.161691392282,-1.795135065956E-17,
    0.986841372087));
#11083 = ADVANCED_FACE('',(#11084),#11095,.F.);
#11084 = FACE_BOUND('',#11085,.F.);
#11085 = EDGE_LOOP('',(#11086,#11092,#11093,#11094));
#11086 = ORIENTED_EDGE('',*,*,#11087,.T.);
#11087 = EDGE_CURVE('',#9684,#9793,#11088,.T.);
#11088 = LINE('',#11089,#11090);
#11089 = CARTESIAN_POINT('',(2.724938966801,-0.43,0.2));
#11090 = VECTOR('',#11091,1.);
#11091 = DIRECTION('',(1.110223024625E-16,-1.,0.));
#11092 = ORIENTED_EDGE('',*,*,#9800,.T.);
#11093 = ORIENTED_EDGE('',*,*,#11070,.F.);
#11094 = ORIENTED_EDGE('',*,*,#9691,.F.);
#11095 = CYLINDRICAL_SURFACE('',#11096,0.1);
#11096 = AXIS2_PLACEMENT_3D('',#11097,#11098,#11099);
#11097 = CARTESIAN_POINT('',(2.724938966801,-0.43,0.3));
#11098 = DIRECTION('',(-1.110223024625E-16,1.,0.));
#11099 = DIRECTION('',(0.,0.,-1.));
#11100 = ADVANCED_FACE('',(#11101),#11112,.F.);
#11101 = FACE_BOUND('',#11102,.F.);
#11102 = EDGE_LOOP('',(#11103,#11109,#11110,#11111));
#11103 = ORIENTED_EDGE('',*,*,#11104,.T.);
#11104 = EDGE_CURVE('',#9676,#9785,#11105,.T.);
#11105 = LINE('',#11106,#11107);
#11106 = CARTESIAN_POINT('',(3.,-0.43,0.2));
#11107 = VECTOR('',#11108,1.);
#11108 = DIRECTION('',(1.110223024625E-16,-1.,0.));
#11109 = ORIENTED_EDGE('',*,*,#9792,.T.);
#11110 = ORIENTED_EDGE('',*,*,#11087,.F.);
#11111 = ORIENTED_EDGE('',*,*,#9683,.F.);
#11112 = PLANE('',#11113);
#11113 = AXIS2_PLACEMENT_3D('',#11114,#11115,#11116);
#11114 = CARTESIAN_POINT('',(3.,-0.43,0.2));
#11115 = DIRECTION('',(0.,0.,-1.));
#11116 = DIRECTION('',(-1.,-1.110223024625E-16,-0.));
#11117 = ADVANCED_FACE('',(#11118),#11129,.F.);
#11118 = FACE_BOUND('',#11119,.F.);
#11119 = EDGE_LOOP('',(#11120,#11126,#11127,#11128));
#11120 = ORIENTED_EDGE('',*,*,#11121,.T.);
#11121 = EDGE_CURVE('',#9668,#9777,#11122,.T.);
#11122 = LINE('',#11123,#11124);
#11123 = CARTESIAN_POINT('',(3.,-0.43,-1.665334536938E-16));
#11124 = VECTOR('',#11125,1.);
#11125 = DIRECTION('',(1.110223024625E-16,-1.,0.));
#11126 = ORIENTED_EDGE('',*,*,#9784,.T.);
#11127 = ORIENTED_EDGE('',*,*,#11104,.F.);
#11128 = ORIENTED_EDGE('',*,*,#9675,.F.);
#11129 = PLANE('',#11130);
#11130 = AXIS2_PLACEMENT_3D('',#11131,#11132,#11133);
#11131 = CARTESIAN_POINT('',(3.,-0.43,-1.665334536938E-16));
#11132 = DIRECTION('',(-1.,-1.110223024625E-16,0.));
#11133 = DIRECTION('',(0.,0.,1.));
#11134 = ADVANCED_FACE('',(#11135),#11146,.F.);
#11135 = FACE_BOUND('',#11136,.F.);
#11136 = EDGE_LOOP('',(#11137,#11143,#11144,#11145));
#11137 = ORIENTED_EDGE('',*,*,#11138,.T.);
#11138 = EDGE_CURVE('',#9659,#9768,#11139,.T.);
#11139 = LINE('',#11140,#11141);
#11140 = CARTESIAN_POINT('',(2.724938966801,-0.43,-1.665334536938E-16));
#11141 = VECTOR('',#11142,1.);
#11142 = DIRECTION('',(1.110223024625E-16,-1.,0.));
#11143 = ORIENTED_EDGE('',*,*,#9776,.T.);
#11144 = ORIENTED_EDGE('',*,*,#11121,.F.);
#11145 = ORIENTED_EDGE('',*,*,#9667,.F.);
#11146 = PLANE('',#11147);
#11147 = AXIS2_PLACEMENT_3D('',#11148,#11149,#11150);
#11148 = CARTESIAN_POINT('',(2.724938966801,-0.43,-1.665334536938E-16));
#11149 = DIRECTION('',(0.,0.,1.));
#11150 = DIRECTION('',(1.,1.110223024625E-16,-0.));
#11151 = ADVANCED_FACE('',(#11152),#11163,.T.);
#11152 = FACE_BOUND('',#11153,.T.);
#11153 = EDGE_LOOP('',(#11154,#11155,#11156,#11157));
#11154 = ORIENTED_EDGE('',*,*,#9658,.T.);
#11155 = ORIENTED_EDGE('',*,*,#11138,.T.);
#11156 = ORIENTED_EDGE('',*,*,#9767,.F.);
#11157 = ORIENTED_EDGE('',*,*,#11158,.F.);
#11158 = EDGE_CURVE('',#9651,#9760,#11159,.T.);
#11159 = LINE('',#11160,#11161);
#11160 = CARTESIAN_POINT('',(2.429496640897,-0.43,0.2479055467));
#11161 = VECTOR('',#11162,1.);
#11162 = DIRECTION('',(1.110223024625E-16,-1.,0.));
#11163 = CYLINDRICAL_SURFACE('',#11164,0.3);
#11164 = AXIS2_PLACEMENT_3D('',#11165,#11166,#11167);
#11165 = CARTESIAN_POINT('',(2.724938966801,-0.43,0.3));
#11166 = DIRECTION('',(-1.110223024625E-16,1.,0.));
#11167 = DIRECTION('',(-0.984807753012,-1.093356242223E-16,
    -0.173648177667));
#11168 = ADVANCED_FACE('',(#11169),#11175,.F.);
#11169 = FACE_BOUND('',#11170,.F.);
#11170 = EDGE_LOOP('',(#11171,#11172,#11173,#11174));
#11171 = ORIENTED_EDGE('',*,*,#9741,.T.);
#11172 = ORIENTED_EDGE('',*,*,#9759,.T.);
#11173 = ORIENTED_EDGE('',*,*,#11158,.F.);
#11174 = ORIENTED_EDGE('',*,*,#9650,.F.);
#11175 = PLANE('',#11176);
#11176 = AXIS2_PLACEMENT_3D('',#11177,#11178,#11179);
#11177 = CARTESIAN_POINT('',(2.348480775301,-0.43,0.742364817767));
#11178 = DIRECTION('',(0.986841372087,1.095614012943E-16,0.161691392282)
  );
#11179 = DIRECTION('',(0.161691392282,1.795135065956E-17,-0.986841372087
    ));
#11180 = ADVANCED_FACE('',(#11181),#11192,.T.);
#11181 = FACE_BOUND('',#11182,.T.);
#11182 = EDGE_LOOP('',(#11183,#11184,#11185,#11186));
#11183 = ORIENTED_EDGE('',*,*,#9931,.T.);
#11184 = ORIENTED_EDGE('',*,*,#10238,.T.);
#11185 = ORIENTED_EDGE('',*,*,#10040,.F.);
#11186 = ORIENTED_EDGE('',*,*,#11187,.F.);
#11187 = EDGE_CURVE('',#9924,#10033,#11188,.T.);
#11188 = LINE('',#11189,#11190);
#11189 = CARTESIAN_POINT('',(2.545442325904,-1.7,0.7770944533));
#11190 = VECTOR('',#11191,1.);
#11191 = DIRECTION('',(1.110223024625E-16,-1.,0.));
#11192 = CYLINDRICAL_SURFACE('',#11193,0.3);
#11193 = AXIS2_PLACEMENT_3D('',#11194,#11195,#11196);
#11194 = CARTESIAN_POINT('',(2.25,-1.7,0.725));
#11195 = DIRECTION('',(-1.110223024625E-16,1.,0.));
#11196 = DIRECTION('',(0.984807753012,1.093356242223E-16,0.173648177667)
  );
#11197 = ADVANCED_FACE('',(#11198),#11209,.F.);
#11198 = FACE_BOUND('',#11199,.F.);
#11199 = EDGE_LOOP('',(#11200,#11206,#11207,#11208));
#11200 = ORIENTED_EDGE('',*,*,#11201,.T.);
#11201 = EDGE_CURVE('',#9915,#10024,#11202,.T.);
#11202 = LINE('',#11203,#11204);
#11203 = CARTESIAN_POINT('',(2.6264581915,-1.7,0.282635182233));
#11204 = VECTOR('',#11205,1.);
#11205 = DIRECTION('',(1.110223024625E-16,-1.,0.));
#11206 = ORIENTED_EDGE('',*,*,#10032,.T.);
#11207 = ORIENTED_EDGE('',*,*,#11187,.F.);
#11208 = ORIENTED_EDGE('',*,*,#9923,.F.);
#11209 = PLANE('',#11210);
#11210 = AXIS2_PLACEMENT_3D('',#11211,#11212,#11213);
#11211 = CARTESIAN_POINT('',(2.6264581915,-1.7,0.282635182233));
#11212 = DIRECTION('',(-0.986841372087,-1.095614012943E-16,
    -0.161691392282));
#11213 = DIRECTION('',(-0.161691392282,-1.795135065956E-17,
    0.986841372087));
#11214 = ADVANCED_FACE('',(#11215),#11226,.F.);
#11215 = FACE_BOUND('',#11216,.F.);
#11216 = EDGE_LOOP('',(#11217,#11223,#11224,#11225));
#11217 = ORIENTED_EDGE('',*,*,#11218,.T.);
#11218 = EDGE_CURVE('',#9907,#10016,#11219,.T.);
#11219 = LINE('',#11220,#11221);
#11220 = CARTESIAN_POINT('',(2.724938966801,-1.7,0.2));
#11221 = VECTOR('',#11222,1.);
#11222 = DIRECTION('',(1.110223024625E-16,-1.,0.));
#11223 = ORIENTED_EDGE('',*,*,#10023,.T.);
#11224 = ORIENTED_EDGE('',*,*,#11201,.F.);
#11225 = ORIENTED_EDGE('',*,*,#9914,.F.);
#11226 = CYLINDRICAL_SURFACE('',#11227,0.1);
#11227 = AXIS2_PLACEMENT_3D('',#11228,#11229,#11230);
#11228 = CARTESIAN_POINT('',(2.724938966801,-1.7,0.3));
#11229 = DIRECTION('',(-1.110223024625E-16,1.,0.));
#11230 = DIRECTION('',(0.,0.,-1.));
#11231 = ADVANCED_FACE('',(#11232),#11243,.F.);
#11232 = FACE_BOUND('',#11233,.F.);
#11233 = EDGE_LOOP('',(#11234,#11240,#11241,#11242));
#11234 = ORIENTED_EDGE('',*,*,#11235,.T.);
#11235 = EDGE_CURVE('',#9899,#10008,#11236,.T.);
#11236 = LINE('',#11237,#11238);
#11237 = CARTESIAN_POINT('',(3.,-1.7,0.2));
#11238 = VECTOR('',#11239,1.);
#11239 = DIRECTION('',(1.110223024625E-16,-1.,0.));
#11240 = ORIENTED_EDGE('',*,*,#10015,.T.);
#11241 = ORIENTED_EDGE('',*,*,#11218,.F.);
#11242 = ORIENTED_EDGE('',*,*,#9906,.F.);
#11243 = PLANE('',#11244);
#11244 = AXIS2_PLACEMENT_3D('',#11245,#11246,#11247);
#11245 = CARTESIAN_POINT('',(3.,-1.7,0.2));
#11246 = DIRECTION('',(0.,0.,-1.));
#11247 = DIRECTION('',(-1.,-1.110223024625E-16,-0.));
#11248 = ADVANCED_FACE('',(#11249),#11260,.F.);
#11249 = FACE_BOUND('',#11250,.F.);
#11250 = EDGE_LOOP('',(#11251,#11257,#11258,#11259));
#11251 = ORIENTED_EDGE('',*,*,#11252,.T.);
#11252 = EDGE_CURVE('',#9891,#10000,#11253,.T.);
#11253 = LINE('',#11254,#11255);
#11254 = CARTESIAN_POINT('',(3.,-1.7,-1.665334536938E-16));
#11255 = VECTOR('',#11256,1.);
#11256 = DIRECTION('',(1.110223024625E-16,-1.,0.));
#11257 = ORIENTED_EDGE('',*,*,#10007,.T.);
#11258 = ORIENTED_EDGE('',*,*,#11235,.F.);
#11259 = ORIENTED_EDGE('',*,*,#9898,.F.);
#11260 = PLANE('',#11261);
#11261 = AXIS2_PLACEMENT_3D('',#11262,#11263,#11264);
#11262 = CARTESIAN_POINT('',(3.,-1.7,-1.665334536938E-16));
#11263 = DIRECTION('',(-1.,-1.110223024625E-16,0.));
#11264 = DIRECTION('',(0.,0.,1.));
#11265 = ADVANCED_FACE('',(#11266),#11277,.F.);
#11266 = FACE_BOUND('',#11267,.F.);
#11267 = EDGE_LOOP('',(#11268,#11274,#11275,#11276));
#11268 = ORIENTED_EDGE('',*,*,#11269,.T.);
#11269 = EDGE_CURVE('',#9882,#9991,#11270,.T.);
#11270 = LINE('',#11271,#11272);
#11271 = CARTESIAN_POINT('',(2.724938966801,-1.7,-1.665334536938E-16));
#11272 = VECTOR('',#11273,1.);
#11273 = DIRECTION('',(1.110223024625E-16,-1.,0.));
#11274 = ORIENTED_EDGE('',*,*,#9999,.T.);
#11275 = ORIENTED_EDGE('',*,*,#11252,.F.);
#11276 = ORIENTED_EDGE('',*,*,#9890,.F.);
#11277 = PLANE('',#11278);
#11278 = AXIS2_PLACEMENT_3D('',#11279,#11280,#11281);
#11279 = CARTESIAN_POINT('',(2.724938966801,-1.7,-1.665334536938E-16));
#11280 = DIRECTION('',(0.,0.,1.));
#11281 = DIRECTION('',(1.,1.110223024625E-16,-0.));
#11282 = ADVANCED_FACE('',(#11283),#11294,.T.);
#11283 = FACE_BOUND('',#11284,.T.);
#11284 = EDGE_LOOP('',(#11285,#11286,#11287,#11288));
#11285 = ORIENTED_EDGE('',*,*,#9881,.T.);
#11286 = ORIENTED_EDGE('',*,*,#11269,.T.);
#11287 = ORIENTED_EDGE('',*,*,#9990,.F.);
#11288 = ORIENTED_EDGE('',*,*,#11289,.F.);
#11289 = EDGE_CURVE('',#9874,#9983,#11290,.T.);
#11290 = LINE('',#11291,#11292);
#11291 = CARTESIAN_POINT('',(2.429496640897,-1.7,0.2479055467));
#11292 = VECTOR('',#11293,1.);
#11293 = DIRECTION('',(1.110223024625E-16,-1.,0.));
#11294 = CYLINDRICAL_SURFACE('',#11295,0.3);
#11295 = AXIS2_PLACEMENT_3D('',#11296,#11297,#11298);
#11296 = CARTESIAN_POINT('',(2.724938966801,-1.7,0.3));
#11297 = DIRECTION('',(-1.110223024625E-16,1.,0.));
#11298 = DIRECTION('',(-0.984807753012,-1.093356242223E-16,
    -0.173648177667));
#11299 = ADVANCED_FACE('',(#11300),#11306,.F.);
#11300 = FACE_BOUND('',#11301,.F.);
#11301 = EDGE_LOOP('',(#11302,#11303,#11304,#11305));
#11302 = ORIENTED_EDGE('',*,*,#9964,.T.);
#11303 = ORIENTED_EDGE('',*,*,#9982,.T.);
#11304 = ORIENTED_EDGE('',*,*,#11289,.F.);
#11305 = ORIENTED_EDGE('',*,*,#9873,.F.);
#11306 = PLANE('',#11307);
#11307 = AXIS2_PLACEMENT_3D('',#11308,#11309,#11310);
#11308 = CARTESIAN_POINT('',(2.348480775301,-1.7,0.742364817767));
#11309 = DIRECTION('',(0.986841372087,1.095614012943E-16,0.161691392282)
  );
#11310 = DIRECTION('',(0.161691392282,1.795135065956E-17,-0.986841372087
    ));
#11311 = ADVANCED_FACE('',(#11312),#11313,.F.);
#11312 = FACE_BOUND('',#10164,.T.);
#11313 = PLANE('',#11314);
#11314 = AXIS2_PLACEMENT_3D('',#11315,#11316,#11317);
#11315 = CARTESIAN_POINT('',(-1.110171280765,1.610171280765,1.75));
#11316 = DIRECTION('',(0.,0.,-1.));
#11317 = DIRECTION('',(1.110223024625E-16,-1.,0.));
#11318 = ( GEOMETRIC_REPRESENTATION_CONTEXT(3) 
GLOBAL_UNCERTAINTY_ASSIGNED_CONTEXT((#11322)) 
GLOBAL_UNIT_ASSIGNED_CONTEXT((#11319,#11320,#11321)) 
REPRESENTATION_CONTEXT('Context #1',
  '3D Context with UNIT and UNCERTAINTY') );
#11319 = ( LENGTH_UNIT() NAMED_UNIT(*) SI_UNIT(.MILLI.,.METRE.) );
#11320 = ( NAMED_UNIT(*) PLANE_ANGLE_UNIT() SI_UNIT($,.RADIAN.) );
#11321 = ( NAMED_UNIT(*) SI_UNIT($,.STERADIAN.) SOLID_ANGLE_UNIT() );
#11322 = UNCERTAINTY_MEASURE_WITH_UNIT(LENGTH_MEASURE(1.E-07),#11319,
  'distance_accuracy_value','confusion accuracy');
#11323 = CONTEXT_DEPENDENT_SHAPE_REPRESENTATION(#11324,#11326);
#11324 = ( REPRESENTATION_RELATIONSHIP('','',#6849,#6826) 
REPRESENTATION_RELATIONSHIP_WITH_TRANSFORMATION(#11325) 
SHAPE_REPRESENTATION_RELATIONSHIP() );
#11325 = ITEM_DEFINED_TRANSFORMATION('','',#11,#6827);
#11326 = PRODUCT_DEFINITION_SHAPE('Placement','Placement of an item',
  #11327);
#11327 = NEXT_ASSEMBLY_USAGE_OCCURRENCE('5','=>[0:1:1:7]','',#6821,#6844
  ,$);
#11328 = PRODUCT_RELATED_PRODUCT_CATEGORY('part',$,(#6846));
#11329 = SHAPE_DEFINITION_REPRESENTATION(#11330,#11336);
#11330 = PRODUCT_DEFINITION_SHAPE('','',#11331);
#11331 = PRODUCT_DEFINITION('design','',#11332,#11335);
#11332 = PRODUCT_DEFINITION_FORMATION('','',#11333);
#11333 = PRODUCT('enc295F_PCB','enc295F_PCB','',(#11334));
#11334 = PRODUCT_CONTEXT('',#2,'mechanical');
#11335 = PRODUCT_DEFINITION_CONTEXT('part definition',#2,'design');
#11336 = ADVANCED_BREP_SHAPE_REPRESENTATION('',(#11,#11337),#12058);
#11337 = MANIFOLD_SOLID_BREP('',#11338);
#11338 = CLOSED_SHELL('',(#11339,#11381,#11412,#11443,#11617,#11791,
    #11808,#11825,#11842,#11859,#11871,#11888,#11905,#11922,#11939,
    #11956,#11973,#11990,#12007,#12024,#12041));
#11339 = ADVANCED_FACE('',(#11340),#11376,.T.);
#11340 = FACE_BOUND('',#11341,.T.);
#11341 = EDGE_LOOP('',(#11342,#11352,#11361,#11369));
#11342 = ORIENTED_EDGE('',*,*,#11343,.T.);
#11343 = EDGE_CURVE('',#11344,#11346,#11348,.T.);
#11344 = VERTEX_POINT('',#11345);
#11345 = CARTESIAN_POINT('',(69.,-50.,0.));
#11346 = VERTEX_POINT('',#11347);
#11347 = CARTESIAN_POINT('',(69.,-50.,1.51));
#11348 = LINE('',#11349,#11350);
#11349 = CARTESIAN_POINT('',(69.,-50.,0.));
#11350 = VECTOR('',#11351,1.);
#11351 = DIRECTION('',(0.,0.,1.));
#11352 = ORIENTED_EDGE('',*,*,#11353,.T.);
#11353 = EDGE_CURVE('',#11346,#11354,#11356,.T.);
#11354 = VERTEX_POINT('',#11355);
#11355 = CARTESIAN_POINT('',(74.,-55.,1.51));
#11356 = CIRCLE('',#11357,4.999999678834);
#11357 = AXIS2_PLACEMENT_3D('',#11358,#11359,#11360);
#11358 = CARTESIAN_POINT('',(69.000000321166,-54.99999967883,1.51));
#11359 = DIRECTION('',(0.,0.,-1.));
#11360 = DIRECTION('',(-6.423314133505E-08,1.,0.));
#11361 = ORIENTED_EDGE('',*,*,#11362,.F.);
#11362 = EDGE_CURVE('',#11363,#11354,#11365,.T.);
#11363 = VERTEX_POINT('',#11364);
#11364 = CARTESIAN_POINT('',(74.,-55.,0.));
#11365 = LINE('',#11366,#11367);
#11366 = CARTESIAN_POINT('',(74.,-55.,0.));
#11367 = VECTOR('',#11368,1.);
#11368 = DIRECTION('',(0.,0.,1.));
#11369 = ORIENTED_EDGE('',*,*,#11370,.F.);
#11370 = EDGE_CURVE('',#11344,#11363,#11371,.T.);
#11371 = CIRCLE('',#11372,4.999999678834);
#11372 = AXIS2_PLACEMENT_3D('',#11373,#11374,#11375);
#11373 = CARTESIAN_POINT('',(69.000000321166,-54.99999967883,0.));
#11374 = DIRECTION('',(0.,0.,-1.));
#11375 = DIRECTION('',(-6.423314133505E-08,1.,0.));
#11376 = CYLINDRICAL_SURFACE('',#11377,4.999999678834);
#11377 = AXIS2_PLACEMENT_3D('',#11378,#11379,#11380);
#11378 = CARTESIAN_POINT('',(69.000000321166,-54.99999967883,0.));
#11379 = DIRECTION('',(0.,0.,-1.));
#11380 = DIRECTION('',(-6.423314133505E-08,1.,0.));
#11381 = ADVANCED_FACE('',(#11382),#11407,.T.);
#11382 = FACE_BOUND('',#11383,.T.);
#11383 = EDGE_LOOP('',(#11384,#11394,#11400,#11401));
#11384 = ORIENTED_EDGE('',*,*,#11385,.T.);
#11385 = EDGE_CURVE('',#11386,#11388,#11390,.T.);
#11386 = VERTEX_POINT('',#11387);
#11387 = CARTESIAN_POINT('',(55.,-50.,0.));
#11388 = VERTEX_POINT('',#11389);
#11389 = CARTESIAN_POINT('',(55.,-50.,1.51));
#11390 = LINE('',#11391,#11392);
#11391 = CARTESIAN_POINT('',(55.,-50.,0.));
#11392 = VECTOR('',#11393,1.);
#11393 = DIRECTION('',(0.,0.,1.));
#11394 = ORIENTED_EDGE('',*,*,#11395,.T.);
#11395 = EDGE_CURVE('',#11388,#11346,#11396,.T.);
#11396 = LINE('',#11397,#11398);
#11397 = CARTESIAN_POINT('',(55.,-50.,1.51));
#11398 = VECTOR('',#11399,1.);
#11399 = DIRECTION('',(1.,0.,0.));
#11400 = ORIENTED_EDGE('',*,*,#11343,.F.);
#11401 = ORIENTED_EDGE('',*,*,#11402,.F.);
#11402 = EDGE_CURVE('',#11386,#11344,#11403,.T.);
#11403 = LINE('',#11404,#11405);
#11404 = CARTESIAN_POINT('',(55.,-50.,0.));
#11405 = VECTOR('',#11406,1.);
#11406 = DIRECTION('',(1.,0.,0.));
#11407 = PLANE('',#11408);
#11408 = AXIS2_PLACEMENT_3D('',#11409,#11410,#11411);
#11409 = CARTESIAN_POINT('',(55.,-50.,0.));
#11410 = DIRECTION('',(0.,1.,0.));
#11411 = DIRECTION('',(1.,0.,0.));
#11412 = ADVANCED_FACE('',(#11413),#11438,.T.);
#11413 = FACE_BOUND('',#11414,.T.);
#11414 = EDGE_LOOP('',(#11415,#11416,#11424,#11432));
#11415 = ORIENTED_EDGE('',*,*,#11362,.T.);
#11416 = ORIENTED_EDGE('',*,*,#11417,.T.);
#11417 = EDGE_CURVE('',#11354,#11418,#11420,.T.);
#11418 = VERTEX_POINT('',#11419);
#11419 = CARTESIAN_POINT('',(74.,-75.,1.51));
#11420 = LINE('',#11421,#11422);
#11421 = CARTESIAN_POINT('',(74.,-55.,1.51));
#11422 = VECTOR('',#11423,1.);
#11423 = DIRECTION('',(0.,-1.,0.));
#11424 = ORIENTED_EDGE('',*,*,#11425,.F.);
#11425 = EDGE_CURVE('',#11426,#11418,#11428,.T.);
#11426 = VERTEX_POINT('',#11427);
#11427 = CARTESIAN_POINT('',(74.,-75.,0.));
#11428 = LINE('',#11429,#11430);
#11429 = CARTESIAN_POINT('',(74.,-75.,0.));
#11430 = VECTOR('',#11431,1.);
#11431 = DIRECTION('',(0.,0.,1.));
#11432 = ORIENTED_EDGE('',*,*,#11433,.F.);
#11433 = EDGE_CURVE('',#11363,#11426,#11434,.T.);
#11434 = LINE('',#11435,#11436);
#11435 = CARTESIAN_POINT('',(74.,-55.,0.));
#11436 = VECTOR('',#11437,1.);
#11437 = DIRECTION('',(0.,-1.,0.));
#11438 = PLANE('',#11439);
#11439 = AXIS2_PLACEMENT_3D('',#11440,#11441,#11442);
#11440 = CARTESIAN_POINT('',(74.,-55.,0.));
#11441 = DIRECTION('',(1.,0.,-0.));
#11442 = DIRECTION('',(0.,-1.,0.));
#11443 = ADVANCED_FACE('',(#11444,#11491,#11502,#11513,#11524,#11535,
    #11546,#11557,#11568,#11579,#11590,#11601),#11612,.F.);
#11444 = FACE_BOUND('',#11445,.F.);
#11445 = EDGE_LOOP('',(#11446,#11447,#11448,#11457,#11466,#11475,#11483,
    #11490));
#11446 = ORIENTED_EDGE('',*,*,#11370,.F.);
#11447 = ORIENTED_EDGE('',*,*,#11402,.F.);
#11448 = ORIENTED_EDGE('',*,*,#11449,.F.);
#11449 = EDGE_CURVE('',#11450,#11386,#11452,.T.);
#11450 = VERTEX_POINT('',#11451);
#11451 = CARTESIAN_POINT('',(51.,-58.,0.));
#11452 = CIRCLE('',#11453,4.999999959297);
#11453 = AXIS2_PLACEMENT_3D('',#11454,#11455,#11456);
#11454 = CARTESIAN_POINT('',(54.999999918593,-54.99999995929,0.));
#11455 = DIRECTION('',(0.,0.,-1.));
#11456 = DIRECTION('',(-0.799999990231,-0.600000013025,-0.));
#11457 = ORIENTED_EDGE('',*,*,#11458,.F.);
#11458 = EDGE_CURVE('',#11459,#11450,#11461,.T.);
#11459 = VERTEX_POINT('',#11460);
#11460 = CARTESIAN_POINT('',(51.,-72.,0.));
#11461 = CIRCLE('',#11462,13.892443922551);
#11462 = AXIS2_PLACEMENT_3D('',#11463,#11464,#11465);
#11463 = CARTESIAN_POINT('',(39.000000077449,-65.,0.));
#11464 = DIRECTION('',(0.,-0.,1.));
#11465 = DIRECTION('',(0.863778899483,-0.50387102795,-0.));
#11466 = ORIENTED_EDGE('',*,*,#11467,.F.);
#11467 = EDGE_CURVE('',#11468,#11459,#11470,.T.);
#11468 = VERTEX_POINT('',#11469);
#11469 = CARTESIAN_POINT('',(55.,-80.,0.));
#11470 = CIRCLE('',#11471,4.999999959297);
#11471 = AXIS2_PLACEMENT_3D('',#11472,#11473,#11474);
#11472 = CARTESIAN_POINT('',(54.999999918593,-75.0000000407,0.));
#11473 = DIRECTION('',(0.,0.,-1.));
#11474 = DIRECTION('',(1.628130532547E-08,-1.,0.));
#11475 = ORIENTED_EDGE('',*,*,#11476,.F.);
#11476 = EDGE_CURVE('',#11477,#11468,#11479,.T.);
#11477 = VERTEX_POINT('',#11478);
#11478 = CARTESIAN_POINT('',(69.,-80.,0.));
#11479 = LINE('',#11480,#11481);
#11480 = CARTESIAN_POINT('',(69.,-80.,0.));
#11481 = VECTOR('',#11482,1.);
#11482 = DIRECTION('',(-1.,0.,0.));
#11483 = ORIENTED_EDGE('',*,*,#11484,.F.);
#11484 = EDGE_CURVE('',#11426,#11477,#11485,.T.);
#11485 = CIRCLE('',#11486,4.999999678834);
#11486 = AXIS2_PLACEMENT_3D('',#11487,#11488,#11489);
#11487 = CARTESIAN_POINT('',(69.000000321166,-75.00000032116,0.));
#11488 = DIRECTION('',(0.,0.,-1.));
#11489 = DIRECTION('',(1.,6.423314133505E-08,0.));
#11490 = ORIENTED_EDGE('',*,*,#11433,.F.);
#11491 = FACE_BOUND('',#11492,.F.);
#11492 = EDGE_LOOP('',(#11493));
#11493 = ORIENTED_EDGE('',*,*,#11494,.T.);
#11494 = EDGE_CURVE('',#11495,#11495,#11497,.T.);
#11495 = VERTEX_POINT('',#11496);
#11496 = CARTESIAN_POINT('',(55.,-76.6,0.));
#11497 = CIRCLE('',#11498,1.6);
#11498 = AXIS2_PLACEMENT_3D('',#11499,#11500,#11501);
#11499 = CARTESIAN_POINT('',(55.,-75.,0.));
#11500 = DIRECTION('',(-0.,0.,-1.));
#11501 = DIRECTION('',(-0.,-1.,0.));
#11502 = FACE_BOUND('',#11503,.F.);
#11503 = EDGE_LOOP('',(#11504));
#11504 = ORIENTED_EDGE('',*,*,#11505,.T.);
#11505 = EDGE_CURVE('',#11506,#11506,#11508,.T.);
#11506 = VERTEX_POINT('',#11507);
#11507 = CARTESIAN_POINT('',(59.5,-71.4,0.));
#11508 = CIRCLE('',#11509,0.4);
#11509 = AXIS2_PLACEMENT_3D('',#11510,#11511,#11512);
#11510 = CARTESIAN_POINT('',(59.5,-71.,0.));
#11511 = DIRECTION('',(-0.,0.,-1.));
#11512 = DIRECTION('',(-0.,-1.,0.));
#11513 = FACE_BOUND('',#11514,.F.);
#11514 = EDGE_LOOP('',(#11515));
#11515 = ORIENTED_EDGE('',*,*,#11516,.T.);
#11516 = EDGE_CURVE('',#11517,#11517,#11519,.T.);
#11517 = VERTEX_POINT('',#11518);
#11518 = CARTESIAN_POINT('',(64.5,-71.4,0.));
#11519 = CIRCLE('',#11520,0.4);
#11520 = AXIS2_PLACEMENT_3D('',#11521,#11522,#11523);
#11521 = CARTESIAN_POINT('',(64.5,-71.,0.));
#11522 = DIRECTION('',(-0.,0.,-1.));
#11523 = DIRECTION('',(-0.,-1.,0.));
#11524 = FACE_BOUND('',#11525,.F.);
#11525 = EDGE_LOOP('',(#11526));
#11526 = ORIENTED_EDGE('',*,*,#11527,.T.);
#11527 = EDGE_CURVE('',#11528,#11528,#11530,.T.);
#11528 = VERTEX_POINT('',#11529);
#11529 = CARTESIAN_POINT('',(69.,-76.6,0.));
#11530 = CIRCLE('',#11531,1.6);
#11531 = AXIS2_PLACEMENT_3D('',#11532,#11533,#11534);
#11532 = CARTESIAN_POINT('',(69.,-75.,0.));
#11533 = DIRECTION('',(-0.,0.,-1.));
#11534 = DIRECTION('',(-0.,-1.,0.));
#11535 = FACE_BOUND('',#11536,.F.);
#11536 = EDGE_LOOP('',(#11537));
#11537 = ORIENTED_EDGE('',*,*,#11538,.T.);
#11538 = EDGE_CURVE('',#11539,#11539,#11541,.T.);
#11539 = VERTEX_POINT('',#11540);
#11540 = CARTESIAN_POINT('',(69.55,-69.375,0.));
#11541 = CIRCLE('',#11542,0.375);
#11542 = AXIS2_PLACEMENT_3D('',#11543,#11544,#11545);
#11543 = CARTESIAN_POINT('',(69.55,-69.,0.));
#11544 = DIRECTION('',(-0.,0.,-1.));
#11545 = DIRECTION('',(-0.,-1.,0.));
#11546 = FACE_BOUND('',#11547,.F.);
#11547 = EDGE_LOOP('',(#11548));
#11548 = ORIENTED_EDGE('',*,*,#11549,.T.);
#11549 = EDGE_CURVE('',#11550,#11550,#11552,.T.);
#11550 = VERTEX_POINT('',#11551);
#11551 = CARTESIAN_POINT('',(69.55,-67.375,0.));
#11552 = CIRCLE('',#11553,0.375);
#11553 = AXIS2_PLACEMENT_3D('',#11554,#11555,#11556);
#11554 = CARTESIAN_POINT('',(69.55,-67.,0.));
#11555 = DIRECTION('',(-0.,0.,-1.));
#11556 = DIRECTION('',(-0.,-1.,0.));
#11557 = FACE_BOUND('',#11558,.F.);
#11558 = EDGE_LOOP('',(#11559));
#11559 = ORIENTED_EDGE('',*,*,#11560,.T.);
#11560 = EDGE_CURVE('',#11561,#11561,#11563,.T.);
#11561 = VERTEX_POINT('',#11562);
#11562 = CARTESIAN_POINT('',(69.55,-65.375,0.));
#11563 = CIRCLE('',#11564,0.375);
#11564 = AXIS2_PLACEMENT_3D('',#11565,#11566,#11567);
#11565 = CARTESIAN_POINT('',(69.55,-65.,0.));
#11566 = DIRECTION('',(-0.,0.,-1.));
#11567 = DIRECTION('',(-0.,-1.,0.));
#11568 = FACE_BOUND('',#11569,.F.);
#11569 = EDGE_LOOP('',(#11570));
#11570 = ORIENTED_EDGE('',*,*,#11571,.T.);
#11571 = EDGE_CURVE('',#11572,#11572,#11574,.T.);
#11572 = VERTEX_POINT('',#11573);
#11573 = CARTESIAN_POINT('',(55.,-56.6,0.));
#11574 = CIRCLE('',#11575,1.6);
#11575 = AXIS2_PLACEMENT_3D('',#11576,#11577,#11578);
#11576 = CARTESIAN_POINT('',(55.,-55.,0.));
#11577 = DIRECTION('',(-0.,0.,-1.));
#11578 = DIRECTION('',(-0.,-1.,0.));
#11579 = FACE_BOUND('',#11580,.F.);
#11580 = EDGE_LOOP('',(#11581));
#11581 = ORIENTED_EDGE('',*,*,#11582,.T.);
#11582 = EDGE_CURVE('',#11583,#11583,#11585,.T.);
#11583 = VERTEX_POINT('',#11584);
#11584 = CARTESIAN_POINT('',(69.55,-63.375,0.));
#11585 = CIRCLE('',#11586,0.375);
#11586 = AXIS2_PLACEMENT_3D('',#11587,#11588,#11589);
#11587 = CARTESIAN_POINT('',(69.55,-63.,0.));
#11588 = DIRECTION('',(-0.,0.,-1.));
#11589 = DIRECTION('',(-0.,-1.,0.));
#11590 = FACE_BOUND('',#11591,.F.);
#11591 = EDGE_LOOP('',(#11592));
#11592 = ORIENTED_EDGE('',*,*,#11593,.T.);
#11593 = EDGE_CURVE('',#11594,#11594,#11596,.T.);
#11594 = VERTEX_POINT('',#11595);
#11595 = CARTESIAN_POINT('',(69.55,-61.375,0.));
#11596 = CIRCLE('',#11597,0.375);
#11597 = AXIS2_PLACEMENT_3D('',#11598,#11599,#11600);
#11598 = CARTESIAN_POINT('',(69.55,-61.,0.));
#11599 = DIRECTION('',(-0.,0.,-1.));
#11600 = DIRECTION('',(-0.,-1.,0.));
#11601 = FACE_BOUND('',#11602,.F.);
#11602 = EDGE_LOOP('',(#11603));
#11603 = ORIENTED_EDGE('',*,*,#11604,.T.);
#11604 = EDGE_CURVE('',#11605,#11605,#11607,.T.);
#11605 = VERTEX_POINT('',#11606);
#11606 = CARTESIAN_POINT('',(69.,-56.6,0.));
#11607 = CIRCLE('',#11608,1.6);
#11608 = AXIS2_PLACEMENT_3D('',#11609,#11610,#11611);
#11609 = CARTESIAN_POINT('',(69.,-55.,0.));
#11610 = DIRECTION('',(-0.,0.,-1.));
#11611 = DIRECTION('',(-0.,-1.,0.));
#11612 = PLANE('',#11613);
#11613 = AXIS2_PLACEMENT_3D('',#11614,#11615,#11616);
#11614 = CARTESIAN_POINT('',(0.,0.,0.));
#11615 = DIRECTION('',(0.,0.,1.));
#11616 = DIRECTION('',(1.,0.,-0.));
#11617 = ADVANCED_FACE('',(#11618,#11665,#11676,#11687,#11698,#11709,
    #11720,#11731,#11742,#11753,#11764,#11775),#11786,.T.);
#11618 = FACE_BOUND('',#11619,.T.);
#11619 = EDGE_LOOP('',(#11620,#11621,#11622,#11631,#11640,#11649,#11657,
    #11664));
#11620 = ORIENTED_EDGE('',*,*,#11353,.F.);
#11621 = ORIENTED_EDGE('',*,*,#11395,.F.);
#11622 = ORIENTED_EDGE('',*,*,#11623,.F.);
#11623 = EDGE_CURVE('',#11624,#11388,#11626,.T.);
#11624 = VERTEX_POINT('',#11625);
#11625 = CARTESIAN_POINT('',(51.,-58.,1.51));
#11626 = CIRCLE('',#11627,4.999999959297);
#11627 = AXIS2_PLACEMENT_3D('',#11628,#11629,#11630);
#11628 = CARTESIAN_POINT('',(54.999999918593,-54.99999995929,1.51));
#11629 = DIRECTION('',(0.,0.,-1.));
#11630 = DIRECTION('',(-0.799999990231,-0.600000013025,-0.));
#11631 = ORIENTED_EDGE('',*,*,#11632,.F.);
#11632 = EDGE_CURVE('',#11633,#11624,#11635,.T.);
#11633 = VERTEX_POINT('',#11634);
#11634 = CARTESIAN_POINT('',(51.,-72.,1.51));
#11635 = CIRCLE('',#11636,13.892443922551);
#11636 = AXIS2_PLACEMENT_3D('',#11637,#11638,#11639);
#11637 = CARTESIAN_POINT('',(39.000000077449,-65.,1.51));
#11638 = DIRECTION('',(0.,-0.,1.));
#11639 = DIRECTION('',(0.863778899483,-0.50387102795,-0.));
#11640 = ORIENTED_EDGE('',*,*,#11641,.F.);
#11641 = EDGE_CURVE('',#11642,#11633,#11644,.T.);
#11642 = VERTEX_POINT('',#11643);
#11643 = CARTESIAN_POINT('',(55.,-80.,1.51));
#11644 = CIRCLE('',#11645,4.999999959297);
#11645 = AXIS2_PLACEMENT_3D('',#11646,#11647,#11648);
#11646 = CARTESIAN_POINT('',(54.999999918593,-75.0000000407,1.51));
#11647 = DIRECTION('',(0.,0.,-1.));
#11648 = DIRECTION('',(1.628130532547E-08,-1.,0.));
#11649 = ORIENTED_EDGE('',*,*,#11650,.F.);
#11650 = EDGE_CURVE('',#11651,#11642,#11653,.T.);
#11651 = VERTEX_POINT('',#11652);
#11652 = CARTESIAN_POINT('',(69.,-80.,1.51));
#11653 = LINE('',#11654,#11655);
#11654 = CARTESIAN_POINT('',(69.,-80.,1.51));
#11655 = VECTOR('',#11656,1.);
#11656 = DIRECTION('',(-1.,0.,0.));
#11657 = ORIENTED_EDGE('',*,*,#11658,.F.);
#11658 = EDGE_CURVE('',#11418,#11651,#11659,.T.);
#11659 = CIRCLE('',#11660,4.999999678834);
#11660 = AXIS2_PLACEMENT_3D('',#11661,#11662,#11663);
#11661 = CARTESIAN_POINT('',(69.000000321166,-75.00000032116,1.51));
#11662 = DIRECTION('',(0.,0.,-1.));
#11663 = DIRECTION('',(1.,6.423314133505E-08,0.));
#11664 = ORIENTED_EDGE('',*,*,#11417,.F.);
#11665 = FACE_BOUND('',#11666,.T.);
#11666 = EDGE_LOOP('',(#11667));
#11667 = ORIENTED_EDGE('',*,*,#11668,.T.);
#11668 = EDGE_CURVE('',#11669,#11669,#11671,.T.);
#11669 = VERTEX_POINT('',#11670);
#11670 = CARTESIAN_POINT('',(55.,-76.6,1.51));
#11671 = CIRCLE('',#11672,1.6);
#11672 = AXIS2_PLACEMENT_3D('',#11673,#11674,#11675);
#11673 = CARTESIAN_POINT('',(55.,-75.,1.51));
#11674 = DIRECTION('',(-0.,0.,-1.));
#11675 = DIRECTION('',(-0.,-1.,0.));
#11676 = FACE_BOUND('',#11677,.T.);
#11677 = EDGE_LOOP('',(#11678));
#11678 = ORIENTED_EDGE('',*,*,#11679,.T.);
#11679 = EDGE_CURVE('',#11680,#11680,#11682,.T.);
#11680 = VERTEX_POINT('',#11681);
#11681 = CARTESIAN_POINT('',(59.5,-71.4,1.51));
#11682 = CIRCLE('',#11683,0.4);
#11683 = AXIS2_PLACEMENT_3D('',#11684,#11685,#11686);
#11684 = CARTESIAN_POINT('',(59.5,-71.,1.51));
#11685 = DIRECTION('',(-0.,0.,-1.));
#11686 = DIRECTION('',(-0.,-1.,0.));
#11687 = FACE_BOUND('',#11688,.T.);
#11688 = EDGE_LOOP('',(#11689));
#11689 = ORIENTED_EDGE('',*,*,#11690,.T.);
#11690 = EDGE_CURVE('',#11691,#11691,#11693,.T.);
#11691 = VERTEX_POINT('',#11692);
#11692 = CARTESIAN_POINT('',(64.5,-71.4,1.51));
#11693 = CIRCLE('',#11694,0.4);
#11694 = AXIS2_PLACEMENT_3D('',#11695,#11696,#11697);
#11695 = CARTESIAN_POINT('',(64.5,-71.,1.51));
#11696 = DIRECTION('',(-0.,0.,-1.));
#11697 = DIRECTION('',(-0.,-1.,0.));
#11698 = FACE_BOUND('',#11699,.T.);
#11699 = EDGE_LOOP('',(#11700));
#11700 = ORIENTED_EDGE('',*,*,#11701,.T.);
#11701 = EDGE_CURVE('',#11702,#11702,#11704,.T.);
#11702 = VERTEX_POINT('',#11703);
#11703 = CARTESIAN_POINT('',(69.,-76.6,1.51));
#11704 = CIRCLE('',#11705,1.6);
#11705 = AXIS2_PLACEMENT_3D('',#11706,#11707,#11708);
#11706 = CARTESIAN_POINT('',(69.,-75.,1.51));
#11707 = DIRECTION('',(-0.,0.,-1.));
#11708 = DIRECTION('',(-0.,-1.,0.));
#11709 = FACE_BOUND('',#11710,.T.);
#11710 = EDGE_LOOP('',(#11711));
#11711 = ORIENTED_EDGE('',*,*,#11712,.T.);
#11712 = EDGE_CURVE('',#11713,#11713,#11715,.T.);
#11713 = VERTEX_POINT('',#11714);
#11714 = CARTESIAN_POINT('',(69.55,-69.375,1.51));
#11715 = CIRCLE('',#11716,0.375);
#11716 = AXIS2_PLACEMENT_3D('',#11717,#11718,#11719);
#11717 = CARTESIAN_POINT('',(69.55,-69.,1.51));
#11718 = DIRECTION('',(-0.,0.,-1.));
#11719 = DIRECTION('',(-0.,-1.,0.));
#11720 = FACE_BOUND('',#11721,.T.);
#11721 = EDGE_LOOP('',(#11722));
#11722 = ORIENTED_EDGE('',*,*,#11723,.T.);
#11723 = EDGE_CURVE('',#11724,#11724,#11726,.T.);
#11724 = VERTEX_POINT('',#11725);
#11725 = CARTESIAN_POINT('',(69.55,-67.375,1.51));
#11726 = CIRCLE('',#11727,0.375);
#11727 = AXIS2_PLACEMENT_3D('',#11728,#11729,#11730);
#11728 = CARTESIAN_POINT('',(69.55,-67.,1.51));
#11729 = DIRECTION('',(-0.,0.,-1.));
#11730 = DIRECTION('',(-0.,-1.,0.));
#11731 = FACE_BOUND('',#11732,.T.);
#11732 = EDGE_LOOP('',(#11733));
#11733 = ORIENTED_EDGE('',*,*,#11734,.T.);
#11734 = EDGE_CURVE('',#11735,#11735,#11737,.T.);
#11735 = VERTEX_POINT('',#11736);
#11736 = CARTESIAN_POINT('',(69.55,-65.375,1.51));
#11737 = CIRCLE('',#11738,0.375);
#11738 = AXIS2_PLACEMENT_3D('',#11739,#11740,#11741);
#11739 = CARTESIAN_POINT('',(69.55,-65.,1.51));
#11740 = DIRECTION('',(-0.,0.,-1.));
#11741 = DIRECTION('',(-0.,-1.,0.));
#11742 = FACE_BOUND('',#11743,.T.);
#11743 = EDGE_LOOP('',(#11744));
#11744 = ORIENTED_EDGE('',*,*,#11745,.T.);
#11745 = EDGE_CURVE('',#11746,#11746,#11748,.T.);
#11746 = VERTEX_POINT('',#11747);
#11747 = CARTESIAN_POINT('',(55.,-56.6,1.51));
#11748 = CIRCLE('',#11749,1.6);
#11749 = AXIS2_PLACEMENT_3D('',#11750,#11751,#11752);
#11750 = CARTESIAN_POINT('',(55.,-55.,1.51));
#11751 = DIRECTION('',(-0.,0.,-1.));
#11752 = DIRECTION('',(-0.,-1.,0.));
#11753 = FACE_BOUND('',#11754,.T.);
#11754 = EDGE_LOOP('',(#11755));
#11755 = ORIENTED_EDGE('',*,*,#11756,.T.);
#11756 = EDGE_CURVE('',#11757,#11757,#11759,.T.);
#11757 = VERTEX_POINT('',#11758);
#11758 = CARTESIAN_POINT('',(69.55,-63.375,1.51));
#11759 = CIRCLE('',#11760,0.375);
#11760 = AXIS2_PLACEMENT_3D('',#11761,#11762,#11763);
#11761 = CARTESIAN_POINT('',(69.55,-63.,1.51));
#11762 = DIRECTION('',(-0.,0.,-1.));
#11763 = DIRECTION('',(-0.,-1.,0.));
#11764 = FACE_BOUND('',#11765,.T.);
#11765 = EDGE_LOOP('',(#11766));
#11766 = ORIENTED_EDGE('',*,*,#11767,.T.);
#11767 = EDGE_CURVE('',#11768,#11768,#11770,.T.);
#11768 = VERTEX_POINT('',#11769);
#11769 = CARTESIAN_POINT('',(69.55,-61.375,1.51));
#11770 = CIRCLE('',#11771,0.375);
#11771 = AXIS2_PLACEMENT_3D('',#11772,#11773,#11774);
#11772 = CARTESIAN_POINT('',(69.55,-61.,1.51));
#11773 = DIRECTION('',(-0.,0.,-1.));
#11774 = DIRECTION('',(-0.,-1.,0.));
#11775 = FACE_BOUND('',#11776,.T.);
#11776 = EDGE_LOOP('',(#11777));
#11777 = ORIENTED_EDGE('',*,*,#11778,.T.);
#11778 = EDGE_CURVE('',#11779,#11779,#11781,.T.);
#11779 = VERTEX_POINT('',#11780);
#11780 = CARTESIAN_POINT('',(69.,-56.6,1.51));
#11781 = CIRCLE('',#11782,1.6);
#11782 = AXIS2_PLACEMENT_3D('',#11783,#11784,#11785);
#11783 = CARTESIAN_POINT('',(69.,-55.,1.51));
#11784 = DIRECTION('',(-0.,0.,-1.));
#11785 = DIRECTION('',(-0.,-1.,0.));
#11786 = PLANE('',#11787);
#11787 = AXIS2_PLACEMENT_3D('',#11788,#11789,#11790);
#11788 = CARTESIAN_POINT('',(0.,0.,1.51));
#11789 = DIRECTION('',(0.,0.,1.));
#11790 = DIRECTION('',(1.,0.,-0.));
#11791 = ADVANCED_FACE('',(#11792),#11803,.T.);
#11792 = FACE_BOUND('',#11793,.T.);
#11793 = EDGE_LOOP('',(#11794,#11800,#11801,#11802));
#11794 = ORIENTED_EDGE('',*,*,#11795,.T.);
#11795 = EDGE_CURVE('',#11450,#11624,#11796,.T.);
#11796 = LINE('',#11797,#11798);
#11797 = CARTESIAN_POINT('',(51.,-58.,0.));
#11798 = VECTOR('',#11799,1.);
#11799 = DIRECTION('',(0.,0.,1.));
#11800 = ORIENTED_EDGE('',*,*,#11623,.T.);
#11801 = ORIENTED_EDGE('',*,*,#11385,.F.);
#11802 = ORIENTED_EDGE('',*,*,#11449,.F.);
#11803 = CYLINDRICAL_SURFACE('',#11804,4.999999959297);
#11804 = AXIS2_PLACEMENT_3D('',#11805,#11806,#11807);
#11805 = CARTESIAN_POINT('',(54.999999918593,-54.99999995929,0.));
#11806 = DIRECTION('',(0.,0.,-1.));
#11807 = DIRECTION('',(-0.799999990231,-0.600000013025,-0.));
#11808 = ADVANCED_FACE('',(#11809),#11820,.T.);
#11809 = FACE_BOUND('',#11810,.T.);
#11810 = EDGE_LOOP('',(#11811,#11812,#11813,#11819));
#11811 = ORIENTED_EDGE('',*,*,#11425,.T.);
#11812 = ORIENTED_EDGE('',*,*,#11658,.T.);
#11813 = ORIENTED_EDGE('',*,*,#11814,.F.);
#11814 = EDGE_CURVE('',#11477,#11651,#11815,.T.);
#11815 = LINE('',#11816,#11817);
#11816 = CARTESIAN_POINT('',(69.,-80.,0.));
#11817 = VECTOR('',#11818,1.);
#11818 = DIRECTION('',(0.,0.,1.));
#11819 = ORIENTED_EDGE('',*,*,#11484,.F.);
#11820 = CYLINDRICAL_SURFACE('',#11821,4.999999678834);
#11821 = AXIS2_PLACEMENT_3D('',#11822,#11823,#11824);
#11822 = CARTESIAN_POINT('',(69.000000321166,-75.00000032116,0.));
#11823 = DIRECTION('',(0.,0.,-1.));
#11824 = DIRECTION('',(1.,6.423314133505E-08,0.));
#11825 = ADVANCED_FACE('',(#11826),#11837,.F.);
#11826 = FACE_BOUND('',#11827,.T.);
#11827 = EDGE_LOOP('',(#11828,#11834,#11835,#11836));
#11828 = ORIENTED_EDGE('',*,*,#11829,.T.);
#11829 = EDGE_CURVE('',#11459,#11633,#11830,.T.);
#11830 = LINE('',#11831,#11832);
#11831 = CARTESIAN_POINT('',(51.,-72.,0.));
#11832 = VECTOR('',#11833,1.);
#11833 = DIRECTION('',(0.,0.,1.));
#11834 = ORIENTED_EDGE('',*,*,#11632,.T.);
#11835 = ORIENTED_EDGE('',*,*,#11795,.F.);
#11836 = ORIENTED_EDGE('',*,*,#11458,.F.);
#11837 = CYLINDRICAL_SURFACE('',#11838,13.892443922551);
#11838 = AXIS2_PLACEMENT_3D('',#11839,#11840,#11841);
#11839 = CARTESIAN_POINT('',(39.000000077449,-65.,0.));
#11840 = DIRECTION('',(-0.,0.,-1.));
#11841 = DIRECTION('',(0.863778899483,-0.50387102795,-0.));
#11842 = ADVANCED_FACE('',(#11843),#11854,.T.);
#11843 = FACE_BOUND('',#11844,.T.);
#11844 = EDGE_LOOP('',(#11845,#11846,#11847,#11853));
#11845 = ORIENTED_EDGE('',*,*,#11814,.T.);
#11846 = ORIENTED_EDGE('',*,*,#11650,.T.);
#11847 = ORIENTED_EDGE('',*,*,#11848,.F.);
#11848 = EDGE_CURVE('',#11468,#11642,#11849,.T.);
#11849 = LINE('',#11850,#11851);
#11850 = CARTESIAN_POINT('',(55.,-80.,0.));
#11851 = VECTOR('',#11852,1.);
#11852 = DIRECTION('',(0.,0.,1.));
#11853 = ORIENTED_EDGE('',*,*,#11476,.F.);
#11854 = PLANE('',#11855);
#11855 = AXIS2_PLACEMENT_3D('',#11856,#11857,#11858);
#11856 = CARTESIAN_POINT('',(69.,-80.,0.));
#11857 = DIRECTION('',(0.,-1.,0.));
#11858 = DIRECTION('',(-1.,0.,0.));
#11859 = ADVANCED_FACE('',(#11860),#11866,.T.);
#11860 = FACE_BOUND('',#11861,.T.);
#11861 = EDGE_LOOP('',(#11862,#11863,#11864,#11865));
#11862 = ORIENTED_EDGE('',*,*,#11848,.T.);
#11863 = ORIENTED_EDGE('',*,*,#11641,.T.);
#11864 = ORIENTED_EDGE('',*,*,#11829,.F.);
#11865 = ORIENTED_EDGE('',*,*,#11467,.F.);
#11866 = CYLINDRICAL_SURFACE('',#11867,4.999999959297);
#11867 = AXIS2_PLACEMENT_3D('',#11868,#11869,#11870);
#11868 = CARTESIAN_POINT('',(54.999999918593,-75.0000000407,0.));
#11869 = DIRECTION('',(0.,0.,-1.));
#11870 = DIRECTION('',(1.628130532547E-08,-1.,0.));
#11871 = ADVANCED_FACE('',(#11872),#11883,.F.);
#11872 = FACE_BOUND('',#11873,.T.);
#11873 = EDGE_LOOP('',(#11874,#11875,#11881,#11882));
#11874 = ORIENTED_EDGE('',*,*,#11494,.T.);
#11875 = ORIENTED_EDGE('',*,*,#11876,.T.);
#11876 = EDGE_CURVE('',#11495,#11669,#11877,.T.);
#11877 = LINE('',#11878,#11879);
#11878 = CARTESIAN_POINT('',(55.,-76.6,-4.6E-02));
#11879 = VECTOR('',#11880,1.);
#11880 = DIRECTION('',(0.,0.,1.));
#11881 = ORIENTED_EDGE('',*,*,#11668,.F.);
#11882 = ORIENTED_EDGE('',*,*,#11876,.F.);
#11883 = CYLINDRICAL_SURFACE('',#11884,1.6);
#11884 = AXIS2_PLACEMENT_3D('',#11885,#11886,#11887);
#11885 = CARTESIAN_POINT('',(55.,-75.,-4.6E-02));
#11886 = DIRECTION('',(-0.,-0.,-1.));
#11887 = DIRECTION('',(-0.,-1.,0.));
#11888 = ADVANCED_FACE('',(#11889),#11900,.F.);
#11889 = FACE_BOUND('',#11890,.T.);
#11890 = EDGE_LOOP('',(#11891,#11892,#11898,#11899));
#11891 = ORIENTED_EDGE('',*,*,#11505,.T.);
#11892 = ORIENTED_EDGE('',*,*,#11893,.T.);
#11893 = EDGE_CURVE('',#11506,#11680,#11894,.T.);
#11894 = LINE('',#11895,#11896);
#11895 = CARTESIAN_POINT('',(59.5,-71.4,-4.6E-02));
#11896 = VECTOR('',#11897,1.);
#11897 = DIRECTION('',(0.,0.,1.));
#11898 = ORIENTED_EDGE('',*,*,#11679,.F.);
#11899 = ORIENTED_EDGE('',*,*,#11893,.F.);
#11900 = CYLINDRICAL_SURFACE('',#11901,0.4);
#11901 = AXIS2_PLACEMENT_3D('',#11902,#11903,#11904);
#11902 = CARTESIAN_POINT('',(59.5,-71.,-4.6E-02));
#11903 = DIRECTION('',(-0.,-0.,-1.));
#11904 = DIRECTION('',(-0.,-1.,0.));
#11905 = ADVANCED_FACE('',(#11906),#11917,.F.);
#11906 = FACE_BOUND('',#11907,.T.);
#11907 = EDGE_LOOP('',(#11908,#11909,#11915,#11916));
#11908 = ORIENTED_EDGE('',*,*,#11516,.T.);
#11909 = ORIENTED_EDGE('',*,*,#11910,.T.);
#11910 = EDGE_CURVE('',#11517,#11691,#11911,.T.);
#11911 = LINE('',#11912,#11913);
#11912 = CARTESIAN_POINT('',(64.5,-71.4,-4.6E-02));
#11913 = VECTOR('',#11914,1.);
#11914 = DIRECTION('',(0.,0.,1.));
#11915 = ORIENTED_EDGE('',*,*,#11690,.F.);
#11916 = ORIENTED_EDGE('',*,*,#11910,.F.);
#11917 = CYLINDRICAL_SURFACE('',#11918,0.4);
#11918 = AXIS2_PLACEMENT_3D('',#11919,#11920,#11921);
#11919 = CARTESIAN_POINT('',(64.5,-71.,-4.6E-02));
#11920 = DIRECTION('',(-0.,-0.,-1.));
#11921 = DIRECTION('',(-0.,-1.,0.));
#11922 = ADVANCED_FACE('',(#11923),#11934,.F.);
#11923 = FACE_BOUND('',#11924,.T.);
#11924 = EDGE_LOOP('',(#11925,#11926,#11932,#11933));
#11925 = ORIENTED_EDGE('',*,*,#11527,.T.);
#11926 = ORIENTED_EDGE('',*,*,#11927,.T.);
#11927 = EDGE_CURVE('',#11528,#11702,#11928,.T.);
#11928 = LINE('',#11929,#11930);
#11929 = CARTESIAN_POINT('',(69.,-76.6,-4.6E-02));
#11930 = VECTOR('',#11931,1.);
#11931 = DIRECTION('',(0.,0.,1.));
#11932 = ORIENTED_EDGE('',*,*,#11701,.F.);
#11933 = ORIENTED_EDGE('',*,*,#11927,.F.);
#11934 = CYLINDRICAL_SURFACE('',#11935,1.6);
#11935 = AXIS2_PLACEMENT_3D('',#11936,#11937,#11938);
#11936 = CARTESIAN_POINT('',(69.,-75.,-4.6E-02));
#11937 = DIRECTION('',(-0.,-0.,-1.));
#11938 = DIRECTION('',(-0.,-1.,0.));
#11939 = ADVANCED_FACE('',(#11940),#11951,.F.);
#11940 = FACE_BOUND('',#11941,.T.);
#11941 = EDGE_LOOP('',(#11942,#11943,#11949,#11950));
#11942 = ORIENTED_EDGE('',*,*,#11538,.T.);
#11943 = ORIENTED_EDGE('',*,*,#11944,.T.);
#11944 = EDGE_CURVE('',#11539,#11713,#11945,.T.);
#11945 = LINE('',#11946,#11947);
#11946 = CARTESIAN_POINT('',(69.55,-69.375,-4.6E-02));
#11947 = VECTOR('',#11948,1.);
#11948 = DIRECTION('',(0.,0.,1.));
#11949 = ORIENTED_EDGE('',*,*,#11712,.F.);
#11950 = ORIENTED_EDGE('',*,*,#11944,.F.);
#11951 = CYLINDRICAL_SURFACE('',#11952,0.375);
#11952 = AXIS2_PLACEMENT_3D('',#11953,#11954,#11955);
#11953 = CARTESIAN_POINT('',(69.55,-69.,-4.6E-02));
#11954 = DIRECTION('',(-0.,-0.,-1.));
#11955 = DIRECTION('',(-0.,-1.,0.));
#11956 = ADVANCED_FACE('',(#11957),#11968,.F.);
#11957 = FACE_BOUND('',#11958,.T.);
#11958 = EDGE_LOOP('',(#11959,#11960,#11966,#11967));
#11959 = ORIENTED_EDGE('',*,*,#11549,.T.);
#11960 = ORIENTED_EDGE('',*,*,#11961,.T.);
#11961 = EDGE_CURVE('',#11550,#11724,#11962,.T.);
#11962 = LINE('',#11963,#11964);
#11963 = CARTESIAN_POINT('',(69.55,-67.375,-4.6E-02));
#11964 = VECTOR('',#11965,1.);
#11965 = DIRECTION('',(0.,0.,1.));
#11966 = ORIENTED_EDGE('',*,*,#11723,.F.);
#11967 = ORIENTED_EDGE('',*,*,#11961,.F.);
#11968 = CYLINDRICAL_SURFACE('',#11969,0.375);
#11969 = AXIS2_PLACEMENT_3D('',#11970,#11971,#11972);
#11970 = CARTESIAN_POINT('',(69.55,-67.,-4.6E-02));
#11971 = DIRECTION('',(-0.,-0.,-1.));
#11972 = DIRECTION('',(-0.,-1.,0.));
#11973 = ADVANCED_FACE('',(#11974),#11985,.F.);
#11974 = FACE_BOUND('',#11975,.T.);
#11975 = EDGE_LOOP('',(#11976,#11977,#11983,#11984));
#11976 = ORIENTED_EDGE('',*,*,#11560,.T.);
#11977 = ORIENTED_EDGE('',*,*,#11978,.T.);
#11978 = EDGE_CURVE('',#11561,#11735,#11979,.T.);
#11979 = LINE('',#11980,#11981);
#11980 = CARTESIAN_POINT('',(69.55,-65.375,-4.6E-02));
#11981 = VECTOR('',#11982,1.);
#11982 = DIRECTION('',(0.,0.,1.));
#11983 = ORIENTED_EDGE('',*,*,#11734,.F.);
#11984 = ORIENTED_EDGE('',*,*,#11978,.F.);
#11985 = CYLINDRICAL_SURFACE('',#11986,0.375);
#11986 = AXIS2_PLACEMENT_3D('',#11987,#11988,#11989);
#11987 = CARTESIAN_POINT('',(69.55,-65.,-4.6E-02));
#11988 = DIRECTION('',(-0.,-0.,-1.));
#11989 = DIRECTION('',(-0.,-1.,0.));
#11990 = ADVANCED_FACE('',(#11991),#12002,.F.);
#11991 = FACE_BOUND('',#11992,.T.);
#11992 = EDGE_LOOP('',(#11993,#11994,#12000,#12001));
#11993 = ORIENTED_EDGE('',*,*,#11571,.T.);
#11994 = ORIENTED_EDGE('',*,*,#11995,.T.);
#11995 = EDGE_CURVE('',#11572,#11746,#11996,.T.);
#11996 = LINE('',#11997,#11998);
#11997 = CARTESIAN_POINT('',(55.,-56.6,-4.6E-02));
#11998 = VECTOR('',#11999,1.);
#11999 = DIRECTION('',(0.,0.,1.));
#12000 = ORIENTED_EDGE('',*,*,#11745,.F.);
#12001 = ORIENTED_EDGE('',*,*,#11995,.F.);
#12002 = CYLINDRICAL_SURFACE('',#12003,1.6);
#12003 = AXIS2_PLACEMENT_3D('',#12004,#12005,#12006);
#12004 = CARTESIAN_POINT('',(55.,-55.,-4.6E-02));
#12005 = DIRECTION('',(-0.,-0.,-1.));
#12006 = DIRECTION('',(-0.,-1.,0.));
#12007 = ADVANCED_FACE('',(#12008),#12019,.F.);
#12008 = FACE_BOUND('',#12009,.T.);
#12009 = EDGE_LOOP('',(#12010,#12011,#12017,#12018));
#12010 = ORIENTED_EDGE('',*,*,#11582,.T.);
#12011 = ORIENTED_EDGE('',*,*,#12012,.T.);
#12012 = EDGE_CURVE('',#11583,#11757,#12013,.T.);
#12013 = LINE('',#12014,#12015);
#12014 = CARTESIAN_POINT('',(69.55,-63.375,-4.6E-02));
#12015 = VECTOR('',#12016,1.);
#12016 = DIRECTION('',(0.,0.,1.));
#12017 = ORIENTED_EDGE('',*,*,#11756,.F.);
#12018 = ORIENTED_EDGE('',*,*,#12012,.F.);
#12019 = CYLINDRICAL_SURFACE('',#12020,0.375);
#12020 = AXIS2_PLACEMENT_3D('',#12021,#12022,#12023);
#12021 = CARTESIAN_POINT('',(69.55,-63.,-4.6E-02));
#12022 = DIRECTION('',(-0.,-0.,-1.));
#12023 = DIRECTION('',(-0.,-1.,0.));
#12024 = ADVANCED_FACE('',(#12025),#12036,.F.);
#12025 = FACE_BOUND('',#12026,.T.);
#12026 = EDGE_LOOP('',(#12027,#12028,#12034,#12035));
#12027 = ORIENTED_EDGE('',*,*,#11593,.T.);
#12028 = ORIENTED_EDGE('',*,*,#12029,.T.);
#12029 = EDGE_CURVE('',#11594,#11768,#12030,.T.);
#12030 = LINE('',#12031,#12032);
#12031 = CARTESIAN_POINT('',(69.55,-61.375,-4.6E-02));
#12032 = VECTOR('',#12033,1.);
#12033 = DIRECTION('',(0.,0.,1.));
#12034 = ORIENTED_EDGE('',*,*,#11767,.F.);
#12035 = ORIENTED_EDGE('',*,*,#12029,.F.);
#12036 = CYLINDRICAL_SURFACE('',#12037,0.375);
#12037 = AXIS2_PLACEMENT_3D('',#12038,#12039,#12040);
#12038 = CARTESIAN_POINT('',(69.55,-61.,-4.6E-02));
#12039 = DIRECTION('',(-0.,-0.,-1.));
#12040 = DIRECTION('',(-0.,-1.,0.));
#12041 = ADVANCED_FACE('',(#12042),#12053,.F.);
#12042 = FACE_BOUND('',#12043,.T.);
#12043 = EDGE_LOOP('',(#12044,#12045,#12051,#12052));
#12044 = ORIENTED_EDGE('',*,*,#11604,.T.);
#12045 = ORIENTED_EDGE('',*,*,#12046,.T.);
#12046 = EDGE_CURVE('',#11605,#11779,#12047,.T.);
#12047 = LINE('',#12048,#12049);
#12048 = CARTESIAN_POINT('',(69.,-56.6,-4.6E-02));
#12049 = VECTOR('',#12050,1.);
#12050 = DIRECTION('',(0.,0.,1.));
#12051 = ORIENTED_EDGE('',*,*,#11778,.F.);
#12052 = ORIENTED_EDGE('',*,*,#12046,.F.);
#12053 = CYLINDRICAL_SURFACE('',#12054,1.6);
#12054 = AXIS2_PLACEMENT_3D('',#12055,#12056,#12057);
#12055 = CARTESIAN_POINT('',(69.,-55.,-4.6E-02));
#12056 = DIRECTION('',(-0.,-0.,-1.));
#12057 = DIRECTION('',(-0.,-1.,0.));
#12058 = ( GEOMETRIC_REPRESENTATION_CONTEXT(3) 
GLOBAL_UNCERTAINTY_ASSIGNED_CONTEXT((#12062)) 
GLOBAL_UNIT_ASSIGNED_CONTEXT((#12059,#12060,#12061)) 
REPRESENTATION_CONTEXT('Context #1',
  '3D Context with UNIT and UNCERTAINTY') );
#12059 = ( LENGTH_UNIT() NAMED_UNIT(*) SI_UNIT(.MILLI.,.METRE.) );
#12060 = ( NAMED_UNIT(*) PLANE_ANGLE_UNIT() SI_UNIT($,.RADIAN.) );
#12061 = ( NAMED_UNIT(*) SI_UNIT($,.STERADIAN.) SOLID_ANGLE_UNIT() );
#12062 = UNCERTAINTY_MEASURE_WITH_UNIT(LENGTH_MEASURE(1.E-07),#12059,
  'distance_accuracy_value','confusion accuracy');
#12063 = CONTEXT_DEPENDENT_SHAPE_REPRESENTATION(#12064,#12066);
#12064 = ( REPRESENTATION_RELATIONSHIP('','',#11336,#10) 
REPRESENTATION_RELATIONSHIP_WITH_TRANSFORMATION(#12065) 
SHAPE_REPRESENTATION_RELATIONSHIP() );
#12065 = ITEM_DEFINED_TRANSFORMATION('','',#11,#27);
#12066 = PRODUCT_DEFINITION_SHAPE('Placement','Placement of an item',
  #12067);
#12067 = NEXT_ASSEMBLY_USAGE_OCCURRENCE('7','=>[0:1:1:8]','',#5,#11331,$
  );
#12068 = PRODUCT_RELATED_PRODUCT_CATEGORY('part',$,(#11333));
#12069 = MECHANICAL_DESIGN_GEOMETRIC_PRESENTATION_REPRESENTATION('',(
    #12070,#12078,#12085,#12093,#12100,#12107),#446);
#12070 = STYLED_ITEM('color',(#12071),#70);
#12071 = PRESENTATION_STYLE_ASSIGNMENT((#12072));
#12072 = SURFACE_STYLE_USAGE(.BOTH.,#12073);
#12073 = SURFACE_SIDE_STYLE('',(#12074));
#12074 = SURFACE_STYLE_FILL_AREA(#12075);
#12075 = FILL_AREA_STYLE('',(#12076));
#12076 = FILL_AREA_STYLE_COLOUR('',#12077);
#12077 = COLOUR_RGB('',0.823999987314,0.819999987296,0.781000009244);
#12078 = STYLED_ITEM('color',(#12079),#87);
#12079 = PRESENTATION_STYLE_ASSIGNMENT((#12080));
#12080 = SURFACE_STYLE_USAGE(.BOTH.,#12081);
#12081 = SURFACE_SIDE_STYLE('',(#12082));
#12082 = SURFACE_STYLE_FILL_AREA(#12083);
#12083 = FILL_AREA_STYLE('',(#12084));
#12084 = FILL_AREA_STYLE_COLOUR('',#12077);
#12085 = STYLED_ITEM('color',(#12086),#224);
#12086 = PRESENTATION_STYLE_ASSIGNMENT((#12087));
#12087 = SURFACE_STYLE_USAGE(.BOTH.,#12088);
#12088 = SURFACE_SIDE_STYLE('',(#12089));
#12089 = SURFACE_STYLE_FILL_AREA(#12090);
#12090 = FILL_AREA_STYLE('',(#12091));
#12091 = FILL_AREA_STYLE_COLOUR('',#12092);
#12092 = COLOUR_RGB('',0.809000013735,0.426000008053,0.147999998088);
#12093 = STYLED_ITEM('color',(#12094),#325);
#12094 = PRESENTATION_STYLE_ASSIGNMENT((#12095));
#12095 = SURFACE_STYLE_USAGE(.BOTH.,#12096);
#12096 = SURFACE_SIDE_STYLE('',(#12097));
#12097 = SURFACE_STYLE_FILL_AREA(#12098);
#12098 = FILL_AREA_STYLE('',(#12099));
#12099 = FILL_AREA_STYLE_COLOUR('',#12092);
#12100 = STYLED_ITEM('color',(#12101),#410);
#12101 = PRESENTATION_STYLE_ASSIGNMENT((#12102));
#12102 = SURFACE_STYLE_USAGE(.BOTH.,#12103);
#12103 = SURFACE_SIDE_STYLE('',(#12104));
#12104 = SURFACE_STYLE_FILL_AREA(#12105);
#12105 = FILL_AREA_STYLE('',(#12106));
#12106 = FILL_AREA_STYLE_COLOUR('',#12077);
#12107 = STYLED_ITEM('color',(#12108),#437);
#12108 = PRESENTATION_STYLE_ASSIGNMENT((#12109));
#12109 = SURFACE_STYLE_USAGE(.BOTH.,#12110);
#12110 = SURFACE_SIDE_STYLE('',(#12111));
#12111 = SURFACE_STYLE_FILL_AREA(#12112);
#12112 = FILL_AREA_STYLE('',(#12113));
#12113 = FILL_AREA_STYLE_COLOUR('',#12077);
#12114 = MECHANICAL_DESIGN_GEOMETRIC_PRESENTATION_REPRESENTATION('',(
    #12115,#12123,#12130,#12137,#12144,#12151,#12158,#12165,#12172,
    #12179,#12186,#12193,#12200,#12207,#12214,#12221,#12228,#12235,
    #12242,#12249,#12256,#12263,#12270,#12277,#12284,#12291,#12298,
    #12305,#12312,#12319,#12326,#12333,#12340,#12347,#12354,#12361,
    #12368,#12375,#12382,#12389,#12396,#12403,#12410,#12417,#12424,
    #12431,#12438,#12445,#12452,#12459,#12466,#12473,#12480,#12487,
    #12494,#12501,#12508,#12515,#12522,#12529,#12536,#12543,#12550,
    #12557,#12564,#12571,#12578,#12585,#12592,#12599,#12606,#12613,
    #12620,#12627,#12634,#12641,#12648,#12655,#12662,#12669,#12676,
    #12683,#12691,#12698,#12705,#12712,#12719,#12726,#12733,#12740,
    #12747,#12754,#12761,#12768,#12775,#12782,#12789,#12796,#12803,
    #12810,#12817,#12824,#12831,#12838,#12845,#12852,#12859,#12866,
    #12873,#12880,#12887,#12894,#12901,#12908,#12915,#12922,#12929,
    #12936,#12943,#12950,#12957,#12964,#12971,#12978,#12985,#12992,
    #12999,#13006,#13013,#13020,#13027,#13034,#13041,#13048,#13055,
    #13062,#13069,#13076,#13083,#13090,#13097,#13104,#13111,#13118,
    #13125,#13132,#13139,#13146,#13153,#13160,#13167,#13174,#13181,
    #13188,#13195,#13202,#13209,#13216,#13223,#13230,#13237,#13244,
    #13251,#13258,#13265,#13272,#13279,#13286,#13293,#13300,#13307,
    #13314,#13321,#13328,#13335,#13342,#13349,#13356,#13363,#13370,
    #13377,#13384,#13391,#13398,#13405,#13412,#13419,#13426,#13433,
    #13440,#13447,#13454,#13461,#13468,#13475,#13482,#13489,#13496,
    #13503,#13510,#13517,#13524,#13531,#13538,#13545,#13552),#6808);
#12115 = STYLED_ITEM('color',(#12116),#490);
#12116 = PRESENTATION_STYLE_ASSIGNMENT((#12117));
#12117 = SURFACE_STYLE_USAGE(.BOTH.,#12118);
#12118 = SURFACE_SIDE_STYLE('',(#12119));
#12119 = SURFACE_STYLE_FILL_AREA(#12120);
#12120 = FILL_AREA_STYLE('',(#12121));
#12121 = FILL_AREA_STYLE_COLOUR('',#12122);
#12122 = COLOUR_RGB('',0.894117649055,0.890196087049,0.811764731185);
#12123 = STYLED_ITEM('color',(#12124),#530);
#12124 = PRESENTATION_STYLE_ASSIGNMENT((#12125));
#12125 = SURFACE_STYLE_USAGE(.BOTH.,#12126);
#12126 = SURFACE_SIDE_STYLE('',(#12127));
#12127 = SURFACE_STYLE_FILL_AREA(#12128);
#12128 = FILL_AREA_STYLE('',(#12129));
#12129 = FILL_AREA_STYLE_COLOUR('',#12122);
#12130 = STYLED_ITEM('color',(#12131),#610);
#12131 = PRESENTATION_STYLE_ASSIGNMENT((#12132));
#12132 = SURFACE_STYLE_USAGE(.BOTH.,#12133);
#12133 = SURFACE_SIDE_STYLE('',(#12134));
#12134 = SURFACE_STYLE_FILL_AREA(#12135);
#12135 = FILL_AREA_STYLE('',(#12136));
#12136 = FILL_AREA_STYLE_COLOUR('',#12122);
#12137 = STYLED_ITEM('color',(#12138),#698);
#12138 = PRESENTATION_STYLE_ASSIGNMENT((#12139));
#12139 = SURFACE_STYLE_USAGE(.BOTH.,#12140);
#12140 = SURFACE_SIDE_STYLE('',(#12141));
#12141 = SURFACE_STYLE_FILL_AREA(#12142);
#12142 = FILL_AREA_STYLE('',(#12143));
#12143 = FILL_AREA_STYLE_COLOUR('',#12122);
#12144 = STYLED_ITEM('color',(#12145),#755);
#12145 = PRESENTATION_STYLE_ASSIGNMENT((#12146));
#12146 = SURFACE_STYLE_USAGE(.BOTH.,#12147);
#12147 = SURFACE_SIDE_STYLE('',(#12148));
#12148 = SURFACE_STYLE_FILL_AREA(#12149);
#12149 = FILL_AREA_STYLE('',(#12150));
#12150 = FILL_AREA_STYLE_COLOUR('',#12122);
#12151 = STYLED_ITEM('color',(#12152),#772);
#12152 = PRESENTATION_STYLE_ASSIGNMENT((#12153));
#12153 = SURFACE_STYLE_USAGE(.BOTH.,#12154);
#12154 = SURFACE_SIDE_STYLE('',(#12155));
#12155 = SURFACE_STYLE_FILL_AREA(#12156);
#12156 = FILL_AREA_STYLE('',(#12157));
#12157 = FILL_AREA_STYLE_COLOUR('',#12122);
#12158 = STYLED_ITEM('color',(#12159),#796);
#12159 = PRESENTATION_STYLE_ASSIGNMENT((#12160));
#12160 = SURFACE_STYLE_USAGE(.BOTH.,#12161);
#12161 = SURFACE_SIDE_STYLE('',(#12162));
#12162 = SURFACE_STYLE_FILL_AREA(#12163);
#12163 = FILL_AREA_STYLE('',(#12164));
#12164 = FILL_AREA_STYLE_COLOUR('',#12122);
#12165 = STYLED_ITEM('color',(#12166),#820);
#12166 = PRESENTATION_STYLE_ASSIGNMENT((#12167));
#12167 = SURFACE_STYLE_USAGE(.BOTH.,#12168);
#12168 = SURFACE_SIDE_STYLE('',(#12169));
#12169 = SURFACE_STYLE_FILL_AREA(#12170);
#12170 = FILL_AREA_STYLE('',(#12171));
#12171 = FILL_AREA_STYLE_COLOUR('',#12122);
#12172 = STYLED_ITEM('color',(#12173),#844);
#12173 = PRESENTATION_STYLE_ASSIGNMENT((#12174));
#12174 = SURFACE_STYLE_USAGE(.BOTH.,#12175);
#12175 = SURFACE_SIDE_STYLE('',(#12176));
#12176 = SURFACE_STYLE_FILL_AREA(#12177);
#12177 = FILL_AREA_STYLE('',(#12178));
#12178 = FILL_AREA_STYLE_COLOUR('',#12122);
#12179 = STYLED_ITEM('color',(#12180),#900);
#12180 = PRESENTATION_STYLE_ASSIGNMENT((#12181));
#12181 = SURFACE_STYLE_USAGE(.BOTH.,#12182);
#12182 = SURFACE_SIDE_STYLE('',(#12183));
#12183 = SURFACE_STYLE_FILL_AREA(#12184);
#12184 = FILL_AREA_STYLE('',(#12185));
#12185 = FILL_AREA_STYLE_COLOUR('',#12122);
#12186 = STYLED_ITEM('color',(#12187),#1132);
#12187 = PRESENTATION_STYLE_ASSIGNMENT((#12188));
#12188 = SURFACE_STYLE_USAGE(.BOTH.,#12189);
#12189 = SURFACE_SIDE_STYLE('',(#12190));
#12190 = SURFACE_STYLE_FILL_AREA(#12191);
#12191 = FILL_AREA_STYLE('',(#12192));
#12192 = FILL_AREA_STYLE_COLOUR('',#12122);
#12193 = STYLED_ITEM('color',(#12194),#1163);
#12194 = PRESENTATION_STYLE_ASSIGNMENT((#12195));
#12195 = SURFACE_STYLE_USAGE(.BOTH.,#12196);
#12196 = SURFACE_SIDE_STYLE('',(#12197));
#12197 = SURFACE_STYLE_FILL_AREA(#12198);
#12198 = FILL_AREA_STYLE('',(#12199));
#12199 = FILL_AREA_STYLE_COLOUR('',#12122);
#12200 = STYLED_ITEM('color',(#12201),#1175);
#12201 = PRESENTATION_STYLE_ASSIGNMENT((#12202));
#12202 = SURFACE_STYLE_USAGE(.BOTH.,#12203);
#12203 = SURFACE_SIDE_STYLE('',(#12204));
#12204 = SURFACE_STYLE_FILL_AREA(#12205);
#12205 = FILL_AREA_STYLE('',(#12206));
#12206 = FILL_AREA_STYLE_COLOUR('',#12122);
#12207 = STYLED_ITEM('color',(#12208),#1357);
#12208 = PRESENTATION_STYLE_ASSIGNMENT((#12209));
#12209 = SURFACE_STYLE_USAGE(.BOTH.,#12210);
#12210 = SURFACE_SIDE_STYLE('',(#12211));
#12211 = SURFACE_STYLE_FILL_AREA(#12212);
#12212 = FILL_AREA_STYLE('',(#12213));
#12213 = FILL_AREA_STYLE_COLOUR('',#12122);
#12214 = STYLED_ITEM('color',(#12215),#1371);
#12215 = PRESENTATION_STYLE_ASSIGNMENT((#12216));
#12216 = SURFACE_STYLE_USAGE(.BOTH.,#12217);
#12217 = SURFACE_SIDE_STYLE('',(#12218));
#12218 = SURFACE_STYLE_FILL_AREA(#12219);
#12219 = FILL_AREA_STYLE('',(#12220));
#12220 = FILL_AREA_STYLE_COLOUR('',#12122);
#12221 = STYLED_ITEM('color',(#12222),#1523);
#12222 = PRESENTATION_STYLE_ASSIGNMENT((#12223));
#12223 = SURFACE_STYLE_USAGE(.BOTH.,#12224);
#12224 = SURFACE_SIDE_STYLE('',(#12225));
#12225 = SURFACE_STYLE_FILL_AREA(#12226);
#12226 = FILL_AREA_STYLE('',(#12227));
#12227 = FILL_AREA_STYLE_COLOUR('',#12122);
#12228 = STYLED_ITEM('color',(#12229),#1580);
#12229 = PRESENTATION_STYLE_ASSIGNMENT((#12230));
#12230 = SURFACE_STYLE_USAGE(.BOTH.,#12231);
#12231 = SURFACE_SIDE_STYLE('',(#12232));
#12232 = SURFACE_STYLE_FILL_AREA(#12233);
#12233 = FILL_AREA_STYLE('',(#12234));
#12234 = FILL_AREA_STYLE_COLOUR('',#12122);
#12235 = STYLED_ITEM('color',(#12236),#1604);
#12236 = PRESENTATION_STYLE_ASSIGNMENT((#12237));
#12237 = SURFACE_STYLE_USAGE(.BOTH.,#12238);
#12238 = SURFACE_SIDE_STYLE('',(#12239));
#12239 = SURFACE_STYLE_FILL_AREA(#12240);
#12240 = FILL_AREA_STYLE('',(#12241));
#12241 = FILL_AREA_STYLE_COLOUR('',#12122);
#12242 = STYLED_ITEM('color',(#12243),#1677);
#12243 = PRESENTATION_STYLE_ASSIGNMENT((#12244));
#12244 = SURFACE_STYLE_USAGE(.BOTH.,#12245);
#12245 = SURFACE_SIDE_STYLE('',(#12246));
#12246 = SURFACE_STYLE_FILL_AREA(#12247);
#12247 = FILL_AREA_STYLE('',(#12248));
#12248 = FILL_AREA_STYLE_COLOUR('',#12122);
#12249 = STYLED_ITEM('color',(#12250),#1701);
#12250 = PRESENTATION_STYLE_ASSIGNMENT((#12251));
#12251 = SURFACE_STYLE_USAGE(.BOTH.,#12252);
#12252 = SURFACE_SIDE_STYLE('',(#12253));
#12253 = SURFACE_STYLE_FILL_AREA(#12254);
#12254 = FILL_AREA_STYLE('',(#12255));
#12255 = FILL_AREA_STYLE_COLOUR('',#12122);
#12256 = STYLED_ITEM('color',(#12257),#1734);
#12257 = PRESENTATION_STYLE_ASSIGNMENT((#12258));
#12258 = SURFACE_STYLE_USAGE(.BOTH.,#12259);
#12259 = SURFACE_SIDE_STYLE('',(#12260));
#12260 = SURFACE_STYLE_FILL_AREA(#12261);
#12261 = FILL_AREA_STYLE('',(#12262));
#12262 = FILL_AREA_STYLE_COLOUR('',#12122);
#12263 = STYLED_ITEM('color',(#12264),#1845);
#12264 = PRESENTATION_STYLE_ASSIGNMENT((#12265));
#12265 = SURFACE_STYLE_USAGE(.BOTH.,#12266);
#12266 = SURFACE_SIDE_STYLE('',(#12267));
#12267 = SURFACE_STYLE_FILL_AREA(#12268);
#12268 = FILL_AREA_STYLE('',(#12269));
#12269 = FILL_AREA_STYLE_COLOUR('',#12122);
#12270 = STYLED_ITEM('color',(#12271),#2133);
#12271 = PRESENTATION_STYLE_ASSIGNMENT((#12272));
#12272 = SURFACE_STYLE_USAGE(.BOTH.,#12273);
#12273 = SURFACE_SIDE_STYLE('',(#12274));
#12274 = SURFACE_STYLE_FILL_AREA(#12275);
#12275 = FILL_AREA_STYLE('',(#12276));
#12276 = FILL_AREA_STYLE_COLOUR('',#12122);
#12277 = STYLED_ITEM('color',(#12278),#2173);
#12278 = PRESENTATION_STYLE_ASSIGNMENT((#12279));
#12279 = SURFACE_STYLE_USAGE(.BOTH.,#12280);
#12280 = SURFACE_SIDE_STYLE('',(#12281));
#12281 = SURFACE_STYLE_FILL_AREA(#12282);
#12282 = FILL_AREA_STYLE('',(#12283));
#12283 = FILL_AREA_STYLE_COLOUR('',#12122);
#12284 = STYLED_ITEM('color',(#12285),#2204);
#12285 = PRESENTATION_STYLE_ASSIGNMENT((#12286));
#12286 = SURFACE_STYLE_USAGE(.BOTH.,#12287);
#12287 = SURFACE_SIDE_STYLE('',(#12288));
#12288 = SURFACE_STYLE_FILL_AREA(#12289);
#12289 = FILL_AREA_STYLE('',(#12290));
#12290 = FILL_AREA_STYLE_COLOUR('',#12122);
#12291 = STYLED_ITEM('color',(#12292),#2222);
#12292 = PRESENTATION_STYLE_ASSIGNMENT((#12293));
#12293 = SURFACE_STYLE_USAGE(.BOTH.,#12294);
#12294 = SURFACE_SIDE_STYLE('',(#12295));
#12295 = SURFACE_STYLE_FILL_AREA(#12296);
#12296 = FILL_AREA_STYLE('',(#12297));
#12297 = FILL_AREA_STYLE_COLOUR('',#12122);
#12298 = STYLED_ITEM('color',(#12299),#2239);
#12299 = PRESENTATION_STYLE_ASSIGNMENT((#12300));
#12300 = SURFACE_STYLE_USAGE(.BOTH.,#12301);
#12301 = SURFACE_SIDE_STYLE('',(#12302));
#12302 = SURFACE_STYLE_FILL_AREA(#12303);
#12303 = FILL_AREA_STYLE('',(#12304));
#12304 = FILL_AREA_STYLE_COLOUR('',#12122);
#12305 = STYLED_ITEM('color',(#12306),#2257);
#12306 = PRESENTATION_STYLE_ASSIGNMENT((#12307));
#12307 = SURFACE_STYLE_USAGE(.BOTH.,#12308);
#12308 = SURFACE_SIDE_STYLE('',(#12309));
#12309 = SURFACE_STYLE_FILL_AREA(#12310);
#12310 = FILL_AREA_STYLE('',(#12311));
#12311 = FILL_AREA_STYLE_COLOUR('',#12122);
#12312 = STYLED_ITEM('color',(#12313),#2283);
#12313 = PRESENTATION_STYLE_ASSIGNMENT((#12314));
#12314 = SURFACE_STYLE_USAGE(.BOTH.,#12315);
#12315 = SURFACE_SIDE_STYLE('',(#12316));
#12316 = SURFACE_STYLE_FILL_AREA(#12317);
#12317 = FILL_AREA_STYLE('',(#12318));
#12318 = FILL_AREA_STYLE_COLOUR('',#12122);
#12319 = STYLED_ITEM('color',(#12320),#2314);
#12320 = PRESENTATION_STYLE_ASSIGNMENT((#12321));
#12321 = SURFACE_STYLE_USAGE(.BOTH.,#12322);
#12322 = SURFACE_SIDE_STYLE('',(#12323));
#12323 = SURFACE_STYLE_FILL_AREA(#12324);
#12324 = FILL_AREA_STYLE('',(#12325));
#12325 = FILL_AREA_STYLE_COLOUR('',#12122);
#12326 = STYLED_ITEM('color',(#12327),#2331);
#12327 = PRESENTATION_STYLE_ASSIGNMENT((#12328));
#12328 = SURFACE_STYLE_USAGE(.BOTH.,#12329);
#12329 = SURFACE_SIDE_STYLE('',(#12330));
#12330 = SURFACE_STYLE_FILL_AREA(#12331);
#12331 = FILL_AREA_STYLE('',(#12332));
#12332 = FILL_AREA_STYLE_COLOUR('',#12122);
#12333 = STYLED_ITEM('color',(#12334),#2364);
#12334 = PRESENTATION_STYLE_ASSIGNMENT((#12335));
#12335 = SURFACE_STYLE_USAGE(.BOTH.,#12336);
#12336 = SURFACE_SIDE_STYLE('',(#12337));
#12337 = SURFACE_STYLE_FILL_AREA(#12338);
#12338 = FILL_AREA_STYLE('',(#12339));
#12339 = FILL_AREA_STYLE_COLOUR('',#12122);
#12340 = STYLED_ITEM('color',(#12341),#2388);
#12341 = PRESENTATION_STYLE_ASSIGNMENT((#12342));
#12342 = SURFACE_STYLE_USAGE(.BOTH.,#12343);
#12343 = SURFACE_SIDE_STYLE('',(#12344));
#12344 = SURFACE_STYLE_FILL_AREA(#12345);
#12345 = FILL_AREA_STYLE('',(#12346));
#12346 = FILL_AREA_STYLE_COLOUR('',#12122);
#12347 = STYLED_ITEM('color',(#12348),#2419);
#12348 = PRESENTATION_STYLE_ASSIGNMENT((#12349));
#12349 = SURFACE_STYLE_USAGE(.BOTH.,#12350);
#12350 = SURFACE_SIDE_STYLE('',(#12351));
#12351 = SURFACE_STYLE_FILL_AREA(#12352);
#12352 = FILL_AREA_STYLE('',(#12353));
#12353 = FILL_AREA_STYLE_COLOUR('',#12122);
#12354 = STYLED_ITEM('color',(#12355),#2436);
#12355 = PRESENTATION_STYLE_ASSIGNMENT((#12356));
#12356 = SURFACE_STYLE_USAGE(.BOTH.,#12357);
#12357 = SURFACE_SIDE_STYLE('',(#12358));
#12358 = SURFACE_STYLE_FILL_AREA(#12359);
#12359 = FILL_AREA_STYLE('',(#12360));
#12360 = FILL_AREA_STYLE_COLOUR('',#12122);
#12361 = STYLED_ITEM('color',(#12362),#2469);
#12362 = PRESENTATION_STYLE_ASSIGNMENT((#12363));
#12363 = SURFACE_STYLE_USAGE(.BOTH.,#12364);
#12364 = SURFACE_SIDE_STYLE('',(#12365));
#12365 = SURFACE_STYLE_FILL_AREA(#12366);
#12366 = FILL_AREA_STYLE('',(#12367));
#12367 = FILL_AREA_STYLE_COLOUR('',#12122);
#12368 = STYLED_ITEM('color',(#12369),#2493);
#12369 = PRESENTATION_STYLE_ASSIGNMENT((#12370));
#12370 = SURFACE_STYLE_USAGE(.BOTH.,#12371);
#12371 = SURFACE_SIDE_STYLE('',(#12372));
#12372 = SURFACE_STYLE_FILL_AREA(#12373);
#12373 = FILL_AREA_STYLE('',(#12374));
#12374 = FILL_AREA_STYLE_COLOUR('',#12122);
#12375 = STYLED_ITEM('color',(#12376),#2524);
#12376 = PRESENTATION_STYLE_ASSIGNMENT((#12377));
#12377 = SURFACE_STYLE_USAGE(.BOTH.,#12378);
#12378 = SURFACE_SIDE_STYLE('',(#12379));
#12379 = SURFACE_STYLE_FILL_AREA(#12380);
#12380 = FILL_AREA_STYLE('',(#12381));
#12381 = FILL_AREA_STYLE_COLOUR('',#12122);
#12382 = STYLED_ITEM('color',(#12383),#2541);
#12383 = PRESENTATION_STYLE_ASSIGNMENT((#12384));
#12384 = SURFACE_STYLE_USAGE(.BOTH.,#12385);
#12385 = SURFACE_SIDE_STYLE('',(#12386));
#12386 = SURFACE_STYLE_FILL_AREA(#12387);
#12387 = FILL_AREA_STYLE('',(#12388));
#12388 = FILL_AREA_STYLE_COLOUR('',#12122);
#12389 = STYLED_ITEM('color',(#12390),#2574);
#12390 = PRESENTATION_STYLE_ASSIGNMENT((#12391));
#12391 = SURFACE_STYLE_USAGE(.BOTH.,#12392);
#12392 = SURFACE_SIDE_STYLE('',(#12393));
#12393 = SURFACE_STYLE_FILL_AREA(#12394);
#12394 = FILL_AREA_STYLE('',(#12395));
#12395 = FILL_AREA_STYLE_COLOUR('',#12122);
#12396 = STYLED_ITEM('color',(#12397),#2598);
#12397 = PRESENTATION_STYLE_ASSIGNMENT((#12398));
#12398 = SURFACE_STYLE_USAGE(.BOTH.,#12399);
#12399 = SURFACE_SIDE_STYLE('',(#12400));
#12400 = SURFACE_STYLE_FILL_AREA(#12401);
#12401 = FILL_AREA_STYLE('',(#12402));
#12402 = FILL_AREA_STYLE_COLOUR('',#12122);
#12403 = STYLED_ITEM('color',(#12404),#2629);
#12404 = PRESENTATION_STYLE_ASSIGNMENT((#12405));
#12405 = SURFACE_STYLE_USAGE(.BOTH.,#12406);
#12406 = SURFACE_SIDE_STYLE('',(#12407));
#12407 = SURFACE_STYLE_FILL_AREA(#12408);
#12408 = FILL_AREA_STYLE('',(#12409));
#12409 = FILL_AREA_STYLE_COLOUR('',#12122);
#12410 = STYLED_ITEM('color',(#12411),#2646);
#12411 = PRESENTATION_STYLE_ASSIGNMENT((#12412));
#12412 = SURFACE_STYLE_USAGE(.BOTH.,#12413);
#12413 = SURFACE_SIDE_STYLE('',(#12414));
#12414 = SURFACE_STYLE_FILL_AREA(#12415);
#12415 = FILL_AREA_STYLE('',(#12416));
#12416 = FILL_AREA_STYLE_COLOUR('',#12122);
#12417 = STYLED_ITEM('color',(#12418),#2679);
#12418 = PRESENTATION_STYLE_ASSIGNMENT((#12419));
#12419 = SURFACE_STYLE_USAGE(.BOTH.,#12420);
#12420 = SURFACE_SIDE_STYLE('',(#12421));
#12421 = SURFACE_STYLE_FILL_AREA(#12422);
#12422 = FILL_AREA_STYLE('',(#12423));
#12423 = FILL_AREA_STYLE_COLOUR('',#12122);
#12424 = STYLED_ITEM('color',(#12425),#2719);
#12425 = PRESENTATION_STYLE_ASSIGNMENT((#12426));
#12426 = SURFACE_STYLE_USAGE(.BOTH.,#12427);
#12427 = SURFACE_SIDE_STYLE('',(#12428));
#12428 = SURFACE_STYLE_FILL_AREA(#12429);
#12429 = FILL_AREA_STYLE('',(#12430));
#12430 = FILL_AREA_STYLE_COLOUR('',#12122);
#12431 = STYLED_ITEM('color',(#12432),#2742);
#12432 = PRESENTATION_STYLE_ASSIGNMENT((#12433));
#12433 = SURFACE_STYLE_USAGE(.BOTH.,#12434);
#12434 = SURFACE_SIDE_STYLE('',(#12435));
#12435 = SURFACE_STYLE_FILL_AREA(#12436);
#12436 = FILL_AREA_STYLE('',(#12437));
#12437 = FILL_AREA_STYLE_COLOUR('',#12122);
#12438 = STYLED_ITEM('color',(#12439),#2791);
#12439 = PRESENTATION_STYLE_ASSIGNMENT((#12440));
#12440 = SURFACE_STYLE_USAGE(.BOTH.,#12441);
#12441 = SURFACE_SIDE_STYLE('',(#12442));
#12442 = SURFACE_STYLE_FILL_AREA(#12443);
#12443 = FILL_AREA_STYLE('',(#12444));
#12444 = FILL_AREA_STYLE_COLOUR('',#12122);
#12445 = STYLED_ITEM('color',(#12446),#2815);
#12446 = PRESENTATION_STYLE_ASSIGNMENT((#12447));
#12447 = SURFACE_STYLE_USAGE(.BOTH.,#12448);
#12448 = SURFACE_SIDE_STYLE('',(#12449));
#12449 = SURFACE_STYLE_FILL_AREA(#12450);
#12450 = FILL_AREA_STYLE('',(#12451));
#12451 = FILL_AREA_STYLE_COLOUR('',#12122);
#12452 = STYLED_ITEM('color',(#12453),#2862);
#12453 = PRESENTATION_STYLE_ASSIGNMENT((#12454));
#12454 = SURFACE_STYLE_USAGE(.BOTH.,#12455);
#12455 = SURFACE_SIDE_STYLE('',(#12456));
#12456 = SURFACE_STYLE_FILL_AREA(#12457);
#12457 = FILL_AREA_STYLE('',(#12458));
#12458 = FILL_AREA_STYLE_COLOUR('',#12122);
#12459 = STYLED_ITEM('color',(#12460),#2879);
#12460 = PRESENTATION_STYLE_ASSIGNMENT((#12461));
#12461 = SURFACE_STYLE_USAGE(.BOTH.,#12462);
#12462 = SURFACE_SIDE_STYLE('',(#12463));
#12463 = SURFACE_STYLE_FILL_AREA(#12464);
#12464 = FILL_AREA_STYLE('',(#12465));
#12465 = FILL_AREA_STYLE_COLOUR('',#12122);
#12466 = STYLED_ITEM('color',(#12467),#2896);
#12467 = PRESENTATION_STYLE_ASSIGNMENT((#12468));
#12468 = SURFACE_STYLE_USAGE(.BOTH.,#12469);
#12469 = SURFACE_SIDE_STYLE('',(#12470));
#12470 = SURFACE_STYLE_FILL_AREA(#12471);
#12471 = FILL_AREA_STYLE('',(#12472));
#12472 = FILL_AREA_STYLE_COLOUR('',#12122);
#12473 = STYLED_ITEM('color',(#12474),#2908);
#12474 = PRESENTATION_STYLE_ASSIGNMENT((#12475));
#12475 = SURFACE_STYLE_USAGE(.BOTH.,#12476);
#12476 = SURFACE_SIDE_STYLE('',(#12477));
#12477 = SURFACE_STYLE_FILL_AREA(#12478);
#12478 = FILL_AREA_STYLE('',(#12479));
#12479 = FILL_AREA_STYLE_COLOUR('',#12122);
#12480 = STYLED_ITEM('color',(#12481),#2955);
#12481 = PRESENTATION_STYLE_ASSIGNMENT((#12482));
#12482 = SURFACE_STYLE_USAGE(.BOTH.,#12483);
#12483 = SURFACE_SIDE_STYLE('',(#12484));
#12484 = SURFACE_STYLE_FILL_AREA(#12485);
#12485 = FILL_AREA_STYLE('',(#12486));
#12486 = FILL_AREA_STYLE_COLOUR('',#12122);
#12487 = STYLED_ITEM('color',(#12488),#2986);
#12488 = PRESENTATION_STYLE_ASSIGNMENT((#12489));
#12489 = SURFACE_STYLE_USAGE(.BOTH.,#12490);
#12490 = SURFACE_SIDE_STYLE('',(#12491));
#12491 = SURFACE_STYLE_FILL_AREA(#12492);
#12492 = FILL_AREA_STYLE('',(#12493));
#12493 = FILL_AREA_STYLE_COLOUR('',#12122);
#12494 = STYLED_ITEM('color',(#12495),#3003);
#12495 = PRESENTATION_STYLE_ASSIGNMENT((#12496));
#12496 = SURFACE_STYLE_USAGE(.BOTH.,#12497);
#12497 = SURFACE_SIDE_STYLE('',(#12498));
#12498 = SURFACE_STYLE_FILL_AREA(#12499);
#12499 = FILL_AREA_STYLE('',(#12500));
#12500 = FILL_AREA_STYLE_COLOUR('',#12122);
#12501 = STYLED_ITEM('color',(#12502),#3020);
#12502 = PRESENTATION_STYLE_ASSIGNMENT((#12503));
#12503 = SURFACE_STYLE_USAGE(.BOTH.,#12504);
#12504 = SURFACE_SIDE_STYLE('',(#12505));
#12505 = SURFACE_STYLE_FILL_AREA(#12506);
#12506 = FILL_AREA_STYLE('',(#12507));
#12507 = FILL_AREA_STYLE_COLOUR('',#12122);
#12508 = STYLED_ITEM('color',(#12509),#3037);
#12509 = PRESENTATION_STYLE_ASSIGNMENT((#12510));
#12510 = SURFACE_STYLE_USAGE(.BOTH.,#12511);
#12511 = SURFACE_SIDE_STYLE('',(#12512));
#12512 = SURFACE_STYLE_FILL_AREA(#12513);
#12513 = FILL_AREA_STYLE('',(#12514));
#12514 = FILL_AREA_STYLE_COLOUR('',#12122);
#12515 = STYLED_ITEM('color',(#12516),#3054);
#12516 = PRESENTATION_STYLE_ASSIGNMENT((#12517));
#12517 = SURFACE_STYLE_USAGE(.BOTH.,#12518);
#12518 = SURFACE_SIDE_STYLE('',(#12519));
#12519 = SURFACE_STYLE_FILL_AREA(#12520);
#12520 = FILL_AREA_STYLE('',(#12521));
#12521 = FILL_AREA_STYLE_COLOUR('',#12122);
#12522 = STYLED_ITEM('color',(#12523),#3071);
#12523 = PRESENTATION_STYLE_ASSIGNMENT((#12524));
#12524 = SURFACE_STYLE_USAGE(.BOTH.,#12525);
#12525 = SURFACE_SIDE_STYLE('',(#12526));
#12526 = SURFACE_STYLE_FILL_AREA(#12527);
#12527 = FILL_AREA_STYLE('',(#12528));
#12528 = FILL_AREA_STYLE_COLOUR('',#12122);
#12529 = STYLED_ITEM('color',(#12530),#3095);
#12530 = PRESENTATION_STYLE_ASSIGNMENT((#12531));
#12531 = SURFACE_STYLE_USAGE(.BOTH.,#12532);
#12532 = SURFACE_SIDE_STYLE('',(#12533));
#12533 = SURFACE_STYLE_FILL_AREA(#12534);
#12534 = FILL_AREA_STYLE('',(#12535));
#12535 = FILL_AREA_STYLE_COLOUR('',#12122);
#12536 = STYLED_ITEM('color',(#12537),#3119);
#12537 = PRESENTATION_STYLE_ASSIGNMENT((#12538));
#12538 = SURFACE_STYLE_USAGE(.BOTH.,#12539);
#12539 = SURFACE_SIDE_STYLE('',(#12540));
#12540 = SURFACE_STYLE_FILL_AREA(#12541);
#12541 = FILL_AREA_STYLE('',(#12542));
#12542 = FILL_AREA_STYLE_COLOUR('',#12122);
#12543 = STYLED_ITEM('color',(#12544),#3136);
#12544 = PRESENTATION_STYLE_ASSIGNMENT((#12545));
#12545 = SURFACE_STYLE_USAGE(.BOTH.,#12546);
#12546 = SURFACE_SIDE_STYLE('',(#12547));
#12547 = SURFACE_STYLE_FILL_AREA(#12548);
#12548 = FILL_AREA_STYLE('',(#12549));
#12549 = FILL_AREA_STYLE_COLOUR('',#12122);
#12550 = STYLED_ITEM('color',(#12551),#3160);
#12551 = PRESENTATION_STYLE_ASSIGNMENT((#12552));
#12552 = SURFACE_STYLE_USAGE(.BOTH.,#12553);
#12553 = SURFACE_SIDE_STYLE('',(#12554));
#12554 = SURFACE_STYLE_FILL_AREA(#12555);
#12555 = FILL_AREA_STYLE('',(#12556));
#12556 = FILL_AREA_STYLE_COLOUR('',#12122);
#12557 = STYLED_ITEM('color',(#12558),#3184);
#12558 = PRESENTATION_STYLE_ASSIGNMENT((#12559));
#12559 = SURFACE_STYLE_USAGE(.BOTH.,#12560);
#12560 = SURFACE_SIDE_STYLE('',(#12561));
#12561 = SURFACE_STYLE_FILL_AREA(#12562);
#12562 = FILL_AREA_STYLE('',(#12563));
#12563 = FILL_AREA_STYLE_COLOUR('',#12122);
#12564 = STYLED_ITEM('color',(#12565),#3201);
#12565 = PRESENTATION_STYLE_ASSIGNMENT((#12566));
#12566 = SURFACE_STYLE_USAGE(.BOTH.,#12567);
#12567 = SURFACE_SIDE_STYLE('',(#12568));
#12568 = SURFACE_STYLE_FILL_AREA(#12569);
#12569 = FILL_AREA_STYLE('',(#12570));
#12570 = FILL_AREA_STYLE_COLOUR('',#12122);
#12571 = STYLED_ITEM('color',(#12572),#3225);
#12572 = PRESENTATION_STYLE_ASSIGNMENT((#12573));
#12573 = SURFACE_STYLE_USAGE(.BOTH.,#12574);
#12574 = SURFACE_SIDE_STYLE('',(#12575));
#12575 = SURFACE_STYLE_FILL_AREA(#12576);
#12576 = FILL_AREA_STYLE('',(#12577));
#12577 = FILL_AREA_STYLE_COLOUR('',#12122);
#12578 = STYLED_ITEM('color',(#12579),#3249);
#12579 = PRESENTATION_STYLE_ASSIGNMENT((#12580));
#12580 = SURFACE_STYLE_USAGE(.BOTH.,#12581);
#12581 = SURFACE_SIDE_STYLE('',(#12582));
#12582 = SURFACE_STYLE_FILL_AREA(#12583);
#12583 = FILL_AREA_STYLE('',(#12584));
#12584 = FILL_AREA_STYLE_COLOUR('',#12122);
#12585 = STYLED_ITEM('color',(#12586),#3266);
#12586 = PRESENTATION_STYLE_ASSIGNMENT((#12587));
#12587 = SURFACE_STYLE_USAGE(.BOTH.,#12588);
#12588 = SURFACE_SIDE_STYLE('',(#12589));
#12589 = SURFACE_STYLE_FILL_AREA(#12590);
#12590 = FILL_AREA_STYLE('',(#12591));
#12591 = FILL_AREA_STYLE_COLOUR('',#12122);
#12592 = STYLED_ITEM('color',(#12593),#3290);
#12593 = PRESENTATION_STYLE_ASSIGNMENT((#12594));
#12594 = SURFACE_STYLE_USAGE(.BOTH.,#12595);
#12595 = SURFACE_SIDE_STYLE('',(#12596));
#12596 = SURFACE_STYLE_FILL_AREA(#12597);
#12597 = FILL_AREA_STYLE('',(#12598));
#12598 = FILL_AREA_STYLE_COLOUR('',#12122);
#12599 = STYLED_ITEM('color',(#12600),#3314);
#12600 = PRESENTATION_STYLE_ASSIGNMENT((#12601));
#12601 = SURFACE_STYLE_USAGE(.BOTH.,#12602);
#12602 = SURFACE_SIDE_STYLE('',(#12603));
#12603 = SURFACE_STYLE_FILL_AREA(#12604);
#12604 = FILL_AREA_STYLE('',(#12605));
#12605 = FILL_AREA_STYLE_COLOUR('',#12122);
#12606 = STYLED_ITEM('color',(#12607),#3331);
#12607 = PRESENTATION_STYLE_ASSIGNMENT((#12608));
#12608 = SURFACE_STYLE_USAGE(.BOTH.,#12609);
#12609 = SURFACE_SIDE_STYLE('',(#12610));
#12610 = SURFACE_STYLE_FILL_AREA(#12611);
#12611 = FILL_AREA_STYLE('',(#12612));
#12612 = FILL_AREA_STYLE_COLOUR('',#12122);
#12613 = STYLED_ITEM('color',(#12614),#3348);
#12614 = PRESENTATION_STYLE_ASSIGNMENT((#12615));
#12615 = SURFACE_STYLE_USAGE(.BOTH.,#12616);
#12616 = SURFACE_SIDE_STYLE('',(#12617));
#12617 = SURFACE_STYLE_FILL_AREA(#12618);
#12618 = FILL_AREA_STYLE('',(#12619));
#12619 = FILL_AREA_STYLE_COLOUR('',#12122);
#12620 = STYLED_ITEM('color',(#12621),#3360);
#12621 = PRESENTATION_STYLE_ASSIGNMENT((#12622));
#12622 = SURFACE_STYLE_USAGE(.BOTH.,#12623);
#12623 = SURFACE_SIDE_STYLE('',(#12624));
#12624 = SURFACE_STYLE_FILL_AREA(#12625);
#12625 = FILL_AREA_STYLE('',(#12626));
#12626 = FILL_AREA_STYLE_COLOUR('',#12122);
#12627 = STYLED_ITEM('color',(#12628),#3377);
#12628 = PRESENTATION_STYLE_ASSIGNMENT((#12629));
#12629 = SURFACE_STYLE_USAGE(.BOTH.,#12630);
#12630 = SURFACE_SIDE_STYLE('',(#12631));
#12631 = SURFACE_STYLE_FILL_AREA(#12632);
#12632 = FILL_AREA_STYLE('',(#12633));
#12633 = FILL_AREA_STYLE_COLOUR('',#12122);
#12634 = STYLED_ITEM('color',(#12635),#3389);
#12635 = PRESENTATION_STYLE_ASSIGNMENT((#12636));
#12636 = SURFACE_STYLE_USAGE(.BOTH.,#12637);
#12637 = SURFACE_SIDE_STYLE('',(#12638));
#12638 = SURFACE_STYLE_FILL_AREA(#12639);
#12639 = FILL_AREA_STYLE('',(#12640));
#12640 = FILL_AREA_STYLE_COLOUR('',#12122);
#12641 = STYLED_ITEM('color',(#12642),#3413);
#12642 = PRESENTATION_STYLE_ASSIGNMENT((#12643));
#12643 = SURFACE_STYLE_USAGE(.BOTH.,#12644);
#12644 = SURFACE_SIDE_STYLE('',(#12645));
#12645 = SURFACE_STYLE_FILL_AREA(#12646);
#12646 = FILL_AREA_STYLE('',(#12647));
#12647 = FILL_AREA_STYLE_COLOUR('',#12122);
#12648 = STYLED_ITEM('color',(#12649),#3431);
#12649 = PRESENTATION_STYLE_ASSIGNMENT((#12650));
#12650 = SURFACE_STYLE_USAGE(.BOTH.,#12651);
#12651 = SURFACE_SIDE_STYLE('',(#12652));
#12652 = SURFACE_STYLE_FILL_AREA(#12653);
#12653 = FILL_AREA_STYLE('',(#12654));
#12654 = FILL_AREA_STYLE_COLOUR('',#12122);
#12655 = STYLED_ITEM('color',(#12656),#3443);
#12656 = PRESENTATION_STYLE_ASSIGNMENT((#12657));
#12657 = SURFACE_STYLE_USAGE(.BOTH.,#12658);
#12658 = SURFACE_SIDE_STYLE('',(#12659));
#12659 = SURFACE_STYLE_FILL_AREA(#12660);
#12660 = FILL_AREA_STYLE('',(#12661));
#12661 = FILL_AREA_STYLE_COLOUR('',#12122);
#12662 = STYLED_ITEM('color',(#12663),#3455);
#12663 = PRESENTATION_STYLE_ASSIGNMENT((#12664));
#12664 = SURFACE_STYLE_USAGE(.BOTH.,#12665);
#12665 = SURFACE_SIDE_STYLE('',(#12666));
#12666 = SURFACE_STYLE_FILL_AREA(#12667);
#12667 = FILL_AREA_STYLE('',(#12668));
#12668 = FILL_AREA_STYLE_COLOUR('',#12122);
#12669 = STYLED_ITEM('color',(#12670),#3469);
#12670 = PRESENTATION_STYLE_ASSIGNMENT((#12671));
#12671 = SURFACE_STYLE_USAGE(.BOTH.,#12672);
#12672 = SURFACE_SIDE_STYLE('',(#12673));
#12673 = SURFACE_STYLE_FILL_AREA(#12674);
#12674 = FILL_AREA_STYLE('',(#12675));
#12675 = FILL_AREA_STYLE_COLOUR('',#12122);
#12676 = STYLED_ITEM('color',(#12677),#3481);
#12677 = PRESENTATION_STYLE_ASSIGNMENT((#12678));
#12678 = SURFACE_STYLE_USAGE(.BOTH.,#12679);
#12679 = SURFACE_SIDE_STYLE('',(#12680));
#12680 = SURFACE_STYLE_FILL_AREA(#12681);
#12681 = FILL_AREA_STYLE('',(#12682));
#12682 = FILL_AREA_STYLE_COLOUR('',#12122);
#12683 = STYLED_ITEM('color',(#12684),#3493);
#12684 = PRESENTATION_STYLE_ASSIGNMENT((#12685));
#12685 = SURFACE_STYLE_USAGE(.BOTH.,#12686);
#12686 = SURFACE_SIDE_STYLE('',(#12687));
#12687 = SURFACE_STYLE_FILL_AREA(#12688);
#12688 = FILL_AREA_STYLE('',(#12689));
#12689 = FILL_AREA_STYLE_COLOUR('',#12690);
#12690 = COLOUR_RGB('',0.823529417451,0.819607860991,0.780392170416);
#12691 = STYLED_ITEM('color',(#12692),#3524);
#12692 = PRESENTATION_STYLE_ASSIGNMENT((#12693));
#12693 = SURFACE_STYLE_USAGE(.BOTH.,#12694);
#12694 = SURFACE_SIDE_STYLE('',(#12695));
#12695 = SURFACE_STYLE_FILL_AREA(#12696);
#12696 = FILL_AREA_STYLE('',(#12697));
#12697 = FILL_AREA_STYLE_COLOUR('',#12690);
#12698 = STYLED_ITEM('color',(#12699),#3548);
#12699 = PRESENTATION_STYLE_ASSIGNMENT((#12700));
#12700 = SURFACE_STYLE_USAGE(.BOTH.,#12701);
#12701 = SURFACE_SIDE_STYLE('',(#12702));
#12702 = SURFACE_STYLE_FILL_AREA(#12703);
#12703 = FILL_AREA_STYLE('',(#12704));
#12704 = FILL_AREA_STYLE_COLOUR('',#12690);
#12705 = STYLED_ITEM('color',(#12706),#3572);
#12706 = PRESENTATION_STYLE_ASSIGNMENT((#12707));
#12707 = SURFACE_STYLE_USAGE(.BOTH.,#12708);
#12708 = SURFACE_SIDE_STYLE('',(#12709));
#12709 = SURFACE_STYLE_FILL_AREA(#12710);
#12710 = FILL_AREA_STYLE('',(#12711));
#12711 = FILL_AREA_STYLE_COLOUR('',#12690);
#12712 = STYLED_ITEM('color',(#12713),#3589);
#12713 = PRESENTATION_STYLE_ASSIGNMENT((#12714));
#12714 = SURFACE_STYLE_USAGE(.BOTH.,#12715);
#12715 = SURFACE_SIDE_STYLE('',(#12716));
#12716 = SURFACE_STYLE_FILL_AREA(#12717);
#12717 = FILL_AREA_STYLE('',(#12718));
#12718 = FILL_AREA_STYLE_COLOUR('',#12690);
#12719 = STYLED_ITEM('color',(#12720),#3620);
#12720 = PRESENTATION_STYLE_ASSIGNMENT((#12721));
#12721 = SURFACE_STYLE_USAGE(.BOTH.,#12722);
#12722 = SURFACE_SIDE_STYLE('',(#12723));
#12723 = SURFACE_STYLE_FILL_AREA(#12724);
#12724 = FILL_AREA_STYLE('',(#12725));
#12725 = FILL_AREA_STYLE_COLOUR('',#12690);
#12726 = STYLED_ITEM('color',(#12727),#3644);
#12727 = PRESENTATION_STYLE_ASSIGNMENT((#12728));
#12728 = SURFACE_STYLE_USAGE(.BOTH.,#12729);
#12729 = SURFACE_SIDE_STYLE('',(#12730));
#12730 = SURFACE_STYLE_FILL_AREA(#12731);
#12731 = FILL_AREA_STYLE('',(#12732));
#12732 = FILL_AREA_STYLE_COLOUR('',#12690);
#12733 = STYLED_ITEM('color',(#12734),#3668);
#12734 = PRESENTATION_STYLE_ASSIGNMENT((#12735));
#12735 = SURFACE_STYLE_USAGE(.BOTH.,#12736);
#12736 = SURFACE_SIDE_STYLE('',(#12737));
#12737 = SURFACE_STYLE_FILL_AREA(#12738);
#12738 = FILL_AREA_STYLE('',(#12739));
#12739 = FILL_AREA_STYLE_COLOUR('',#12690);
#12740 = STYLED_ITEM('color',(#12741),#3685);
#12741 = PRESENTATION_STYLE_ASSIGNMENT((#12742));
#12742 = SURFACE_STYLE_USAGE(.BOTH.,#12743);
#12743 = SURFACE_SIDE_STYLE('',(#12744));
#12744 = SURFACE_STYLE_FILL_AREA(#12745);
#12745 = FILL_AREA_STYLE('',(#12746));
#12746 = FILL_AREA_STYLE_COLOUR('',#12690);
#12747 = STYLED_ITEM('color',(#12748),#3716);
#12748 = PRESENTATION_STYLE_ASSIGNMENT((#12749));
#12749 = SURFACE_STYLE_USAGE(.BOTH.,#12750);
#12750 = SURFACE_SIDE_STYLE('',(#12751));
#12751 = SURFACE_STYLE_FILL_AREA(#12752);
#12752 = FILL_AREA_STYLE('',(#12753));
#12753 = FILL_AREA_STYLE_COLOUR('',#12690);
#12754 = STYLED_ITEM('color',(#12755),#3740);
#12755 = PRESENTATION_STYLE_ASSIGNMENT((#12756));
#12756 = SURFACE_STYLE_USAGE(.BOTH.,#12757);
#12757 = SURFACE_SIDE_STYLE('',(#12758));
#12758 = SURFACE_STYLE_FILL_AREA(#12759);
#12759 = FILL_AREA_STYLE('',(#12760));
#12760 = FILL_AREA_STYLE_COLOUR('',#12690);
#12761 = STYLED_ITEM('color',(#12762),#3764);
#12762 = PRESENTATION_STYLE_ASSIGNMENT((#12763));
#12763 = SURFACE_STYLE_USAGE(.BOTH.,#12764);
#12764 = SURFACE_SIDE_STYLE('',(#12765));
#12765 = SURFACE_STYLE_FILL_AREA(#12766);
#12766 = FILL_AREA_STYLE('',(#12767));
#12767 = FILL_AREA_STYLE_COLOUR('',#12690);
#12768 = STYLED_ITEM('color',(#12769),#3781);
#12769 = PRESENTATION_STYLE_ASSIGNMENT((#12770));
#12770 = SURFACE_STYLE_USAGE(.BOTH.,#12771);
#12771 = SURFACE_SIDE_STYLE('',(#12772));
#12772 = SURFACE_STYLE_FILL_AREA(#12773);
#12773 = FILL_AREA_STYLE('',(#12774));
#12774 = FILL_AREA_STYLE_COLOUR('',#12690);
#12775 = STYLED_ITEM('color',(#12776),#3812);
#12776 = PRESENTATION_STYLE_ASSIGNMENT((#12777));
#12777 = SURFACE_STYLE_USAGE(.BOTH.,#12778);
#12778 = SURFACE_SIDE_STYLE('',(#12779));
#12779 = SURFACE_STYLE_FILL_AREA(#12780);
#12780 = FILL_AREA_STYLE('',(#12781));
#12781 = FILL_AREA_STYLE_COLOUR('',#12690);
#12782 = STYLED_ITEM('color',(#12783),#3836);
#12783 = PRESENTATION_STYLE_ASSIGNMENT((#12784));
#12784 = SURFACE_STYLE_USAGE(.BOTH.,#12785);
#12785 = SURFACE_SIDE_STYLE('',(#12786));
#12786 = SURFACE_STYLE_FILL_AREA(#12787);
#12787 = FILL_AREA_STYLE('',(#12788));
#12788 = FILL_AREA_STYLE_COLOUR('',#12690);
#12789 = STYLED_ITEM('color',(#12790),#3860);
#12790 = PRESENTATION_STYLE_ASSIGNMENT((#12791));
#12791 = SURFACE_STYLE_USAGE(.BOTH.,#12792);
#12792 = SURFACE_SIDE_STYLE('',(#12793));
#12793 = SURFACE_STYLE_FILL_AREA(#12794);
#12794 = FILL_AREA_STYLE('',(#12795));
#12795 = FILL_AREA_STYLE_COLOUR('',#12690);
#12796 = STYLED_ITEM('color',(#12797),#3877);
#12797 = PRESENTATION_STYLE_ASSIGNMENT((#12798));
#12798 = SURFACE_STYLE_USAGE(.BOTH.,#12799);
#12799 = SURFACE_SIDE_STYLE('',(#12800));
#12800 = SURFACE_STYLE_FILL_AREA(#12801);
#12801 = FILL_AREA_STYLE('',(#12802));
#12802 = FILL_AREA_STYLE_COLOUR('',#12690);
#12803 = STYLED_ITEM('color',(#12804),#3908);
#12804 = PRESENTATION_STYLE_ASSIGNMENT((#12805));
#12805 = SURFACE_STYLE_USAGE(.BOTH.,#12806);
#12806 = SURFACE_SIDE_STYLE('',(#12807));
#12807 = SURFACE_STYLE_FILL_AREA(#12808);
#12808 = FILL_AREA_STYLE('',(#12809));
#12809 = FILL_AREA_STYLE_COLOUR('',#12690);
#12810 = STYLED_ITEM('color',(#12811),#3932);
#12811 = PRESENTATION_STYLE_ASSIGNMENT((#12812));
#12812 = SURFACE_STYLE_USAGE(.BOTH.,#12813);
#12813 = SURFACE_SIDE_STYLE('',(#12814));
#12814 = SURFACE_STYLE_FILL_AREA(#12815);
#12815 = FILL_AREA_STYLE('',(#12816));
#12816 = FILL_AREA_STYLE_COLOUR('',#12690);
#12817 = STYLED_ITEM('color',(#12818),#3956);
#12818 = PRESENTATION_STYLE_ASSIGNMENT((#12819));
#12819 = SURFACE_STYLE_USAGE(.BOTH.,#12820);
#12820 = SURFACE_SIDE_STYLE('',(#12821));
#12821 = SURFACE_STYLE_FILL_AREA(#12822);
#12822 = FILL_AREA_STYLE('',(#12823));
#12823 = FILL_AREA_STYLE_COLOUR('',#12690);
#12824 = STYLED_ITEM('color',(#12825),#3973);
#12825 = PRESENTATION_STYLE_ASSIGNMENT((#12826));
#12826 = SURFACE_STYLE_USAGE(.BOTH.,#12827);
#12827 = SURFACE_SIDE_STYLE('',(#12828));
#12828 = SURFACE_STYLE_FILL_AREA(#12829);
#12829 = FILL_AREA_STYLE('',(#12830));
#12830 = FILL_AREA_STYLE_COLOUR('',#12122);
#12831 = STYLED_ITEM('color',(#12832),#4019);
#12832 = PRESENTATION_STYLE_ASSIGNMENT((#12833));
#12833 = SURFACE_STYLE_USAGE(.BOTH.,#12834);
#12834 = SURFACE_SIDE_STYLE('',(#12835));
#12835 = SURFACE_STYLE_FILL_AREA(#12836);
#12836 = FILL_AREA_STYLE('',(#12837));
#12837 = FILL_AREA_STYLE_COLOUR('',#12122);
#12838 = STYLED_ITEM('color',(#12839),#4065);
#12839 = PRESENTATION_STYLE_ASSIGNMENT((#12840));
#12840 = SURFACE_STYLE_USAGE(.BOTH.,#12841);
#12841 = SURFACE_SIDE_STYLE('',(#12842));
#12842 = SURFACE_STYLE_FILL_AREA(#12843);
#12843 = FILL_AREA_STYLE('',(#12844));
#12844 = FILL_AREA_STYLE_COLOUR('',#12122);
#12845 = STYLED_ITEM('color',(#12846),#4111);
#12846 = PRESENTATION_STYLE_ASSIGNMENT((#12847));
#12847 = SURFACE_STYLE_USAGE(.BOTH.,#12848);
#12848 = SURFACE_SIDE_STYLE('',(#12849));
#12849 = SURFACE_STYLE_FILL_AREA(#12850);
#12850 = FILL_AREA_STYLE('',(#12851));
#12851 = FILL_AREA_STYLE_COLOUR('',#12122);
#12852 = STYLED_ITEM('color',(#12853),#4157);
#12853 = PRESENTATION_STYLE_ASSIGNMENT((#12854));
#12854 = SURFACE_STYLE_USAGE(.BOTH.,#12855);
#12855 = SURFACE_SIDE_STYLE('',(#12856));
#12856 = SURFACE_STYLE_FILL_AREA(#12857);
#12857 = FILL_AREA_STYLE('',(#12858));
#12858 = FILL_AREA_STYLE_COLOUR('',#12122);
#12859 = STYLED_ITEM('color',(#12860),#4203);
#12860 = PRESENTATION_STYLE_ASSIGNMENT((#12861));
#12861 = SURFACE_STYLE_USAGE(.BOTH.,#12862);
#12862 = SURFACE_SIDE_STYLE('',(#12863));
#12863 = SURFACE_STYLE_FILL_AREA(#12864);
#12864 = FILL_AREA_STYLE('',(#12865));
#12865 = FILL_AREA_STYLE_COLOUR('',#12122);
#12866 = STYLED_ITEM('color',(#12867),#4220);
#12867 = PRESENTATION_STYLE_ASSIGNMENT((#12868));
#12868 = SURFACE_STYLE_USAGE(.BOTH.,#12869);
#12869 = SURFACE_SIDE_STYLE('',(#12870));
#12870 = SURFACE_STYLE_FILL_AREA(#12871);
#12871 = FILL_AREA_STYLE('',(#12872));
#12872 = FILL_AREA_STYLE_COLOUR('',#12122);
#12873 = STYLED_ITEM('color',(#12874),#4232);
#12874 = PRESENTATION_STYLE_ASSIGNMENT((#12875));
#12875 = SURFACE_STYLE_USAGE(.BOTH.,#12876);
#12876 = SURFACE_SIDE_STYLE('',(#12877));
#12877 = SURFACE_STYLE_FILL_AREA(#12878);
#12878 = FILL_AREA_STYLE('',(#12879));
#12879 = FILL_AREA_STYLE_COLOUR('',#12690);
#12880 = STYLED_ITEM('color',(#12881),#4263);
#12881 = PRESENTATION_STYLE_ASSIGNMENT((#12882));
#12882 = SURFACE_STYLE_USAGE(.BOTH.,#12883);
#12883 = SURFACE_SIDE_STYLE('',(#12884));
#12884 = SURFACE_STYLE_FILL_AREA(#12885);
#12885 = FILL_AREA_STYLE('',(#12886));
#12886 = FILL_AREA_STYLE_COLOUR('',#12690);
#12887 = STYLED_ITEM('color',(#12888),#4287);
#12888 = PRESENTATION_STYLE_ASSIGNMENT((#12889));
#12889 = SURFACE_STYLE_USAGE(.BOTH.,#12890);
#12890 = SURFACE_SIDE_STYLE('',(#12891));
#12891 = SURFACE_STYLE_FILL_AREA(#12892);
#12892 = FILL_AREA_STYLE('',(#12893));
#12893 = FILL_AREA_STYLE_COLOUR('',#12690);
#12894 = STYLED_ITEM('color',(#12895),#4311);
#12895 = PRESENTATION_STYLE_ASSIGNMENT((#12896));
#12896 = SURFACE_STYLE_USAGE(.BOTH.,#12897);
#12897 = SURFACE_SIDE_STYLE('',(#12898));
#12898 = SURFACE_STYLE_FILL_AREA(#12899);
#12899 = FILL_AREA_STYLE('',(#12900));
#12900 = FILL_AREA_STYLE_COLOUR('',#12690);
#12901 = STYLED_ITEM('color',(#12902),#4328);
#12902 = PRESENTATION_STYLE_ASSIGNMENT((#12903));
#12903 = SURFACE_STYLE_USAGE(.BOTH.,#12904);
#12904 = SURFACE_SIDE_STYLE('',(#12905));
#12905 = SURFACE_STYLE_FILL_AREA(#12906);
#12906 = FILL_AREA_STYLE('',(#12907));
#12907 = FILL_AREA_STYLE_COLOUR('',#12690);
#12908 = STYLED_ITEM('color',(#12909),#4359);
#12909 = PRESENTATION_STYLE_ASSIGNMENT((#12910));
#12910 = SURFACE_STYLE_USAGE(.BOTH.,#12911);
#12911 = SURFACE_SIDE_STYLE('',(#12912));
#12912 = SURFACE_STYLE_FILL_AREA(#12913);
#12913 = FILL_AREA_STYLE('',(#12914));
#12914 = FILL_AREA_STYLE_COLOUR('',#12690);
#12915 = STYLED_ITEM('color',(#12916),#4383);
#12916 = PRESENTATION_STYLE_ASSIGNMENT((#12917));
#12917 = SURFACE_STYLE_USAGE(.BOTH.,#12918);
#12918 = SURFACE_SIDE_STYLE('',(#12919));
#12919 = SURFACE_STYLE_FILL_AREA(#12920);
#12920 = FILL_AREA_STYLE('',(#12921));
#12921 = FILL_AREA_STYLE_COLOUR('',#12690);
#12922 = STYLED_ITEM('color',(#12923),#4407);
#12923 = PRESENTATION_STYLE_ASSIGNMENT((#12924));
#12924 = SURFACE_STYLE_USAGE(.BOTH.,#12925);
#12925 = SURFACE_SIDE_STYLE('',(#12926));
#12926 = SURFACE_STYLE_FILL_AREA(#12927);
#12927 = FILL_AREA_STYLE('',(#12928));
#12928 = FILL_AREA_STYLE_COLOUR('',#12690);
#12929 = STYLED_ITEM('color',(#12930),#4424);
#12930 = PRESENTATION_STYLE_ASSIGNMENT((#12931));
#12931 = SURFACE_STYLE_USAGE(.BOTH.,#12932);
#12932 = SURFACE_SIDE_STYLE('',(#12933));
#12933 = SURFACE_STYLE_FILL_AREA(#12934);
#12934 = FILL_AREA_STYLE('',(#12935));
#12935 = FILL_AREA_STYLE_COLOUR('',#12690);
#12936 = STYLED_ITEM('color',(#12937),#4455);
#12937 = PRESENTATION_STYLE_ASSIGNMENT((#12938));
#12938 = SURFACE_STYLE_USAGE(.BOTH.,#12939);
#12939 = SURFACE_SIDE_STYLE('',(#12940));
#12940 = SURFACE_STYLE_FILL_AREA(#12941);
#12941 = FILL_AREA_STYLE('',(#12942));
#12942 = FILL_AREA_STYLE_COLOUR('',#12690);
#12943 = STYLED_ITEM('color',(#12944),#4479);
#12944 = PRESENTATION_STYLE_ASSIGNMENT((#12945));
#12945 = SURFACE_STYLE_USAGE(.BOTH.,#12946);
#12946 = SURFACE_SIDE_STYLE('',(#12947));
#12947 = SURFACE_STYLE_FILL_AREA(#12948);
#12948 = FILL_AREA_STYLE('',(#12949));
#12949 = FILL_AREA_STYLE_COLOUR('',#12690);
#12950 = STYLED_ITEM('color',(#12951),#4503);
#12951 = PRESENTATION_STYLE_ASSIGNMENT((#12952));
#12952 = SURFACE_STYLE_USAGE(.BOTH.,#12953);
#12953 = SURFACE_SIDE_STYLE('',(#12954));
#12954 = SURFACE_STYLE_FILL_AREA(#12955);
#12955 = FILL_AREA_STYLE('',(#12956));
#12956 = FILL_AREA_STYLE_COLOUR('',#12690);
#12957 = STYLED_ITEM('color',(#12958),#4520);
#12958 = PRESENTATION_STYLE_ASSIGNMENT((#12959));
#12959 = SURFACE_STYLE_USAGE(.BOTH.,#12960);
#12960 = SURFACE_SIDE_STYLE('',(#12961));
#12961 = SURFACE_STYLE_FILL_AREA(#12962);
#12962 = FILL_AREA_STYLE('',(#12963));
#12963 = FILL_AREA_STYLE_COLOUR('',#12690);
#12964 = STYLED_ITEM('color',(#12965),#4551);
#12965 = PRESENTATION_STYLE_ASSIGNMENT((#12966));
#12966 = SURFACE_STYLE_USAGE(.BOTH.,#12967);
#12967 = SURFACE_SIDE_STYLE('',(#12968));
#12968 = SURFACE_STYLE_FILL_AREA(#12969);
#12969 = FILL_AREA_STYLE('',(#12970));
#12970 = FILL_AREA_STYLE_COLOUR('',#12690);
#12971 = STYLED_ITEM('color',(#12972),#4575);
#12972 = PRESENTATION_STYLE_ASSIGNMENT((#12973));
#12973 = SURFACE_STYLE_USAGE(.BOTH.,#12974);
#12974 = SURFACE_SIDE_STYLE('',(#12975));
#12975 = SURFACE_STYLE_FILL_AREA(#12976);
#12976 = FILL_AREA_STYLE('',(#12977));
#12977 = FILL_AREA_STYLE_COLOUR('',#12690);
#12978 = STYLED_ITEM('color',(#12979),#4599);
#12979 = PRESENTATION_STYLE_ASSIGNMENT((#12980));
#12980 = SURFACE_STYLE_USAGE(.BOTH.,#12981);
#12981 = SURFACE_SIDE_STYLE('',(#12982));
#12982 = SURFACE_STYLE_FILL_AREA(#12983);
#12983 = FILL_AREA_STYLE('',(#12984));
#12984 = FILL_AREA_STYLE_COLOUR('',#12690);
#12985 = STYLED_ITEM('color',(#12986),#4616);
#12986 = PRESENTATION_STYLE_ASSIGNMENT((#12987));
#12987 = SURFACE_STYLE_USAGE(.BOTH.,#12988);
#12988 = SURFACE_SIDE_STYLE('',(#12989));
#12989 = SURFACE_STYLE_FILL_AREA(#12990);
#12990 = FILL_AREA_STYLE('',(#12991));
#12991 = FILL_AREA_STYLE_COLOUR('',#12690);
#12992 = STYLED_ITEM('color',(#12993),#4647);
#12993 = PRESENTATION_STYLE_ASSIGNMENT((#12994));
#12994 = SURFACE_STYLE_USAGE(.BOTH.,#12995);
#12995 = SURFACE_SIDE_STYLE('',(#12996));
#12996 = SURFACE_STYLE_FILL_AREA(#12997);
#12997 = FILL_AREA_STYLE('',(#12998));
#12998 = FILL_AREA_STYLE_COLOUR('',#12690);
#12999 = STYLED_ITEM('color',(#13000),#4671);
#13000 = PRESENTATION_STYLE_ASSIGNMENT((#13001));
#13001 = SURFACE_STYLE_USAGE(.BOTH.,#13002);
#13002 = SURFACE_SIDE_STYLE('',(#13003));
#13003 = SURFACE_STYLE_FILL_AREA(#13004);
#13004 = FILL_AREA_STYLE('',(#13005));
#13005 = FILL_AREA_STYLE_COLOUR('',#12690);
#13006 = STYLED_ITEM('color',(#13007),#4695);
#13007 = PRESENTATION_STYLE_ASSIGNMENT((#13008));
#13008 = SURFACE_STYLE_USAGE(.BOTH.,#13009);
#13009 = SURFACE_SIDE_STYLE('',(#13010));
#13010 = SURFACE_STYLE_FILL_AREA(#13011);
#13011 = FILL_AREA_STYLE('',(#13012));
#13012 = FILL_AREA_STYLE_COLOUR('',#12690);
#13013 = STYLED_ITEM('color',(#13014),#4712);
#13014 = PRESENTATION_STYLE_ASSIGNMENT((#13015));
#13015 = SURFACE_STYLE_USAGE(.BOTH.,#13016);
#13016 = SURFACE_SIDE_STYLE('',(#13017));
#13017 = SURFACE_STYLE_FILL_AREA(#13018);
#13018 = FILL_AREA_STYLE('',(#13019));
#13019 = FILL_AREA_STYLE_COLOUR('',#12690);
#13020 = STYLED_ITEM('color',(#13021),#4743);
#13021 = PRESENTATION_STYLE_ASSIGNMENT((#13022));
#13022 = SURFACE_STYLE_USAGE(.BOTH.,#13023);
#13023 = SURFACE_SIDE_STYLE('',(#13024));
#13024 = SURFACE_STYLE_FILL_AREA(#13025);
#13025 = FILL_AREA_STYLE('',(#13026));
#13026 = FILL_AREA_STYLE_COLOUR('',#12690);
#13027 = STYLED_ITEM('color',(#13028),#4833);
#13028 = PRESENTATION_STYLE_ASSIGNMENT((#13029));
#13029 = SURFACE_STYLE_USAGE(.BOTH.,#13030);
#13030 = SURFACE_SIDE_STYLE('',(#13031));
#13031 = SURFACE_STYLE_FILL_AREA(#13032);
#13032 = FILL_AREA_STYLE('',(#13033));
#13033 = FILL_AREA_STYLE_COLOUR('',#12690);
#13034 = STYLED_ITEM('color',(#13035),#4857);
#13035 = PRESENTATION_STYLE_ASSIGNMENT((#13036));
#13036 = SURFACE_STYLE_USAGE(.BOTH.,#13037);
#13037 = SURFACE_SIDE_STYLE('',(#13038));
#13038 = SURFACE_STYLE_FILL_AREA(#13039);
#13039 = FILL_AREA_STYLE('',(#13040));
#13040 = FILL_AREA_STYLE_COLOUR('',#12690);
#13041 = STYLED_ITEM('color',(#13042),#4940);
#13042 = PRESENTATION_STYLE_ASSIGNMENT((#13043));
#13043 = SURFACE_STYLE_USAGE(.BOTH.,#13044);
#13044 = SURFACE_SIDE_STYLE('',(#13045));
#13045 = SURFACE_STYLE_FILL_AREA(#13046);
#13046 = FILL_AREA_STYLE('',(#13047));
#13047 = FILL_AREA_STYLE_COLOUR('',#12690);
#13048 = STYLED_ITEM('color',(#13049),#5005);
#13049 = PRESENTATION_STYLE_ASSIGNMENT((#13050));
#13050 = SURFACE_STYLE_USAGE(.BOTH.,#13051);
#13051 = SURFACE_SIDE_STYLE('',(#13052));
#13052 = SURFACE_STYLE_FILL_AREA(#13053);
#13053 = FILL_AREA_STYLE('',(#13054));
#13054 = FILL_AREA_STYLE_COLOUR('',#12690);
#13055 = STYLED_ITEM('color',(#13056),#5029);
#13056 = PRESENTATION_STYLE_ASSIGNMENT((#13057));
#13057 = SURFACE_STYLE_USAGE(.BOTH.,#13058);
#13058 = SURFACE_SIDE_STYLE('',(#13059));
#13059 = SURFACE_STYLE_FILL_AREA(#13060);
#13060 = FILL_AREA_STYLE('',(#13061));
#13061 = FILL_AREA_STYLE_COLOUR('',#12690);
#13062 = STYLED_ITEM('color',(#13063),#5087);
#13063 = PRESENTATION_STYLE_ASSIGNMENT((#13064));
#13064 = SURFACE_STYLE_USAGE(.BOTH.,#13065);
#13065 = SURFACE_SIDE_STYLE('',(#13066));
#13066 = SURFACE_STYLE_FILL_AREA(#13067);
#13067 = FILL_AREA_STYLE('',(#13068));
#13068 = FILL_AREA_STYLE_COLOUR('',#12690);
#13069 = STYLED_ITEM('color',(#13070),#5104);
#13070 = PRESENTATION_STYLE_ASSIGNMENT((#13071));
#13071 = SURFACE_STYLE_USAGE(.BOTH.,#13072);
#13072 = SURFACE_SIDE_STYLE('',(#13073));
#13073 = SURFACE_STYLE_FILL_AREA(#13074);
#13074 = FILL_AREA_STYLE('',(#13075));
#13075 = FILL_AREA_STYLE_COLOUR('',#12690);
#13076 = STYLED_ITEM('color',(#13077),#5169);
#13077 = PRESENTATION_STYLE_ASSIGNMENT((#13078));
#13078 = SURFACE_STYLE_USAGE(.BOTH.,#13079);
#13079 = SURFACE_SIDE_STYLE('',(#13080));
#13080 = SURFACE_STYLE_FILL_AREA(#13081);
#13081 = FILL_AREA_STYLE('',(#13082));
#13082 = FILL_AREA_STYLE_COLOUR('',#12690);
#13083 = STYLED_ITEM('color',(#13084),#5193);
#13084 = PRESENTATION_STYLE_ASSIGNMENT((#13085));
#13085 = SURFACE_STYLE_USAGE(.BOTH.,#13086);
#13086 = SURFACE_SIDE_STYLE('',(#13087));
#13087 = SURFACE_STYLE_FILL_AREA(#13088);
#13088 = FILL_AREA_STYLE('',(#13089));
#13089 = FILL_AREA_STYLE_COLOUR('',#12690);
#13090 = STYLED_ITEM('color',(#13091),#5251);
#13091 = PRESENTATION_STYLE_ASSIGNMENT((#13092));
#13092 = SURFACE_STYLE_USAGE(.BOTH.,#13093);
#13093 = SURFACE_SIDE_STYLE('',(#13094));
#13094 = SURFACE_STYLE_FILL_AREA(#13095);
#13095 = FILL_AREA_STYLE('',(#13096));
#13096 = FILL_AREA_STYLE_COLOUR('',#12690);
#13097 = STYLED_ITEM('color',(#13098),#5268);
#13098 = PRESENTATION_STYLE_ASSIGNMENT((#13099));
#13099 = SURFACE_STYLE_USAGE(.BOTH.,#13100);
#13100 = SURFACE_SIDE_STYLE('',(#13101));
#13101 = SURFACE_STYLE_FILL_AREA(#13102);
#13102 = FILL_AREA_STYLE('',(#13103));
#13103 = FILL_AREA_STYLE_COLOUR('',#12690);
#13104 = STYLED_ITEM('color',(#13105),#5333);
#13105 = PRESENTATION_STYLE_ASSIGNMENT((#13106));
#13106 = SURFACE_STYLE_USAGE(.BOTH.,#13107);
#13107 = SURFACE_SIDE_STYLE('',(#13108));
#13108 = SURFACE_STYLE_FILL_AREA(#13109);
#13109 = FILL_AREA_STYLE('',(#13110));
#13110 = FILL_AREA_STYLE_COLOUR('',#12690);
#13111 = STYLED_ITEM('color',(#13112),#5357);
#13112 = PRESENTATION_STYLE_ASSIGNMENT((#13113));
#13113 = SURFACE_STYLE_USAGE(.BOTH.,#13114);
#13114 = SURFACE_SIDE_STYLE('',(#13115));
#13115 = SURFACE_STYLE_FILL_AREA(#13116);
#13116 = FILL_AREA_STYLE('',(#13117));
#13117 = FILL_AREA_STYLE_COLOUR('',#12690);
#13118 = STYLED_ITEM('color',(#13119),#5415);
#13119 = PRESENTATION_STYLE_ASSIGNMENT((#13120));
#13120 = SURFACE_STYLE_USAGE(.BOTH.,#13121);
#13121 = SURFACE_SIDE_STYLE('',(#13122));
#13122 = SURFACE_STYLE_FILL_AREA(#13123);
#13123 = FILL_AREA_STYLE('',(#13124));
#13124 = FILL_AREA_STYLE_COLOUR('',#12690);
#13125 = STYLED_ITEM('color',(#13126),#5432);
#13126 = PRESENTATION_STYLE_ASSIGNMENT((#13127));
#13127 = SURFACE_STYLE_USAGE(.BOTH.,#13128);
#13128 = SURFACE_SIDE_STYLE('',(#13129));
#13129 = SURFACE_STYLE_FILL_AREA(#13130);
#13130 = FILL_AREA_STYLE('',(#13131));
#13131 = FILL_AREA_STYLE_COLOUR('',#12690);
#13132 = STYLED_ITEM('color',(#13133),#5463);
#13133 = PRESENTATION_STYLE_ASSIGNMENT((#13134));
#13134 = SURFACE_STYLE_USAGE(.BOTH.,#13135);
#13135 = SURFACE_SIDE_STYLE('',(#13136));
#13136 = SURFACE_STYLE_FILL_AREA(#13137);
#13137 = FILL_AREA_STYLE('',(#13138));
#13138 = FILL_AREA_STYLE_COLOUR('',#12690);
#13139 = STYLED_ITEM('color',(#13140),#5553);
#13140 = PRESENTATION_STYLE_ASSIGNMENT((#13141));
#13141 = SURFACE_STYLE_USAGE(.BOTH.,#13142);
#13142 = SURFACE_SIDE_STYLE('',(#13143));
#13143 = SURFACE_STYLE_FILL_AREA(#13144);
#13144 = FILL_AREA_STYLE('',(#13145));
#13145 = FILL_AREA_STYLE_COLOUR('',#12690);
#13146 = STYLED_ITEM('color',(#13147),#5577);
#13147 = PRESENTATION_STYLE_ASSIGNMENT((#13148));
#13148 = SURFACE_STYLE_USAGE(.BOTH.,#13149);
#13149 = SURFACE_SIDE_STYLE('',(#13150));
#13150 = SURFACE_STYLE_FILL_AREA(#13151);
#13151 = FILL_AREA_STYLE('',(#13152));
#13152 = FILL_AREA_STYLE_COLOUR('',#12690);
#13153 = STYLED_ITEM('color',(#13154),#5660);
#13154 = PRESENTATION_STYLE_ASSIGNMENT((#13155));
#13155 = SURFACE_STYLE_USAGE(.BOTH.,#13156);
#13156 = SURFACE_SIDE_STYLE('',(#13157));
#13157 = SURFACE_STYLE_FILL_AREA(#13158);
#13158 = FILL_AREA_STYLE('',(#13159));
#13159 = FILL_AREA_STYLE_COLOUR('',#12690);
#13160 = STYLED_ITEM('color',(#13161),#5672);
#13161 = PRESENTATION_STYLE_ASSIGNMENT((#13162));
#13162 = SURFACE_STYLE_USAGE(.BOTH.,#13163);
#13163 = SURFACE_SIDE_STYLE('',(#13164));
#13164 = SURFACE_STYLE_FILL_AREA(#13165);
#13165 = FILL_AREA_STYLE('',(#13166));
#13166 = FILL_AREA_STYLE_COLOUR('',#12690);
#13167 = STYLED_ITEM('color',(#13168),#5684);
#13168 = PRESENTATION_STYLE_ASSIGNMENT((#13169));
#13169 = SURFACE_STYLE_USAGE(.BOTH.,#13170);
#13170 = SURFACE_SIDE_STYLE('',(#13171));
#13171 = SURFACE_STYLE_FILL_AREA(#13172);
#13172 = FILL_AREA_STYLE('',(#13173));
#13173 = FILL_AREA_STYLE_COLOUR('',#12690);
#13174 = STYLED_ITEM('color',(#13175),#5696);
#13175 = PRESENTATION_STYLE_ASSIGNMENT((#13176));
#13176 = SURFACE_STYLE_USAGE(.BOTH.,#13177);
#13177 = SURFACE_SIDE_STYLE('',(#13178));
#13178 = SURFACE_STYLE_FILL_AREA(#13179);
#13179 = FILL_AREA_STYLE('',(#13180));
#13180 = FILL_AREA_STYLE_COLOUR('',#12690);
#13181 = STYLED_ITEM('color',(#13182),#5708);
#13182 = PRESENTATION_STYLE_ASSIGNMENT((#13183));
#13183 = SURFACE_STYLE_USAGE(.BOTH.,#13184);
#13184 = SURFACE_SIDE_STYLE('',(#13185));
#13185 = SURFACE_STYLE_FILL_AREA(#13186);
#13186 = FILL_AREA_STYLE('',(#13187));
#13187 = FILL_AREA_STYLE_COLOUR('',#12690);
#13188 = STYLED_ITEM('color',(#13189),#5720);
#13189 = PRESENTATION_STYLE_ASSIGNMENT((#13190));
#13190 = SURFACE_STYLE_USAGE(.BOTH.,#13191);
#13191 = SURFACE_SIDE_STYLE('',(#13192));
#13192 = SURFACE_STYLE_FILL_AREA(#13193);
#13193 = FILL_AREA_STYLE('',(#13194));
#13194 = FILL_AREA_STYLE_COLOUR('',#12690);
#13195 = STYLED_ITEM('color',(#13196),#5737);
#13196 = PRESENTATION_STYLE_ASSIGNMENT((#13197));
#13197 = SURFACE_STYLE_USAGE(.BOTH.,#13198);
#13198 = SURFACE_SIDE_STYLE('',(#13199));
#13199 = SURFACE_STYLE_FILL_AREA(#13200);
#13200 = FILL_AREA_STYLE('',(#13201));
#13201 = FILL_AREA_STYLE_COLOUR('',#12690);
#13202 = STYLED_ITEM('color',(#13203),#5754);
#13203 = PRESENTATION_STYLE_ASSIGNMENT((#13204));
#13204 = SURFACE_STYLE_USAGE(.BOTH.,#13205);
#13205 = SURFACE_SIDE_STYLE('',(#13206));
#13206 = SURFACE_STYLE_FILL_AREA(#13207);
#13207 = FILL_AREA_STYLE('',(#13208));
#13208 = FILL_AREA_STYLE_COLOUR('',#12690);
#13209 = STYLED_ITEM('color',(#13210),#5771);
#13210 = PRESENTATION_STYLE_ASSIGNMENT((#13211));
#13211 = SURFACE_STYLE_USAGE(.BOTH.,#13212);
#13212 = SURFACE_SIDE_STYLE('',(#13213));
#13213 = SURFACE_STYLE_FILL_AREA(#13214);
#13214 = FILL_AREA_STYLE('',(#13215));
#13215 = FILL_AREA_STYLE_COLOUR('',#12690);
#13216 = STYLED_ITEM('color',(#13217),#5788);
#13217 = PRESENTATION_STYLE_ASSIGNMENT((#13218));
#13218 = SURFACE_STYLE_USAGE(.BOTH.,#13219);
#13219 = SURFACE_SIDE_STYLE('',(#13220));
#13220 = SURFACE_STYLE_FILL_AREA(#13221);
#13221 = FILL_AREA_STYLE('',(#13222));
#13222 = FILL_AREA_STYLE_COLOUR('',#12690);
#13223 = STYLED_ITEM('color',(#13224),#5821);
#13224 = PRESENTATION_STYLE_ASSIGNMENT((#13225));
#13225 = SURFACE_STYLE_USAGE(.BOTH.,#13226);
#13226 = SURFACE_SIDE_STYLE('',(#13227));
#13227 = SURFACE_STYLE_FILL_AREA(#13228);
#13228 = FILL_AREA_STYLE('',(#13229));
#13229 = FILL_AREA_STYLE_COLOUR('',#12690);
#13230 = STYLED_ITEM('color',(#13231),#5861);
#13231 = PRESENTATION_STYLE_ASSIGNMENT((#13232));
#13232 = SURFACE_STYLE_USAGE(.BOTH.,#13233);
#13233 = SURFACE_SIDE_STYLE('',(#13234));
#13234 = SURFACE_STYLE_FILL_AREA(#13235);
#13235 = FILL_AREA_STYLE('',(#13236));
#13236 = FILL_AREA_STYLE_COLOUR('',#12690);
#13237 = STYLED_ITEM('color',(#13238),#5892);
#13238 = PRESENTATION_STYLE_ASSIGNMENT((#13239));
#13239 = SURFACE_STYLE_USAGE(.BOTH.,#13240);
#13240 = SURFACE_SIDE_STYLE('',(#13241));
#13241 = SURFACE_STYLE_FILL_AREA(#13242);
#13242 = FILL_AREA_STYLE('',(#13243));
#13243 = FILL_AREA_STYLE_COLOUR('',#12690);
#13244 = STYLED_ITEM('color',(#13245),#5909);
#13245 = PRESENTATION_STYLE_ASSIGNMENT((#13246));
#13246 = SURFACE_STYLE_USAGE(.BOTH.,#13247);
#13247 = SURFACE_SIDE_STYLE('',(#13248));
#13248 = SURFACE_STYLE_FILL_AREA(#13249);
#13249 = FILL_AREA_STYLE('',(#13250));
#13250 = FILL_AREA_STYLE_COLOUR('',#12690);
#13251 = STYLED_ITEM('color',(#13252),#5921);
#13252 = PRESENTATION_STYLE_ASSIGNMENT((#13253));
#13253 = SURFACE_STYLE_USAGE(.BOTH.,#13254);
#13254 = SURFACE_SIDE_STYLE('',(#13255));
#13255 = SURFACE_STYLE_FILL_AREA(#13256);
#13256 = FILL_AREA_STYLE('',(#13257));
#13257 = FILL_AREA_STYLE_COLOUR('',#12690);
#13258 = STYLED_ITEM('color',(#13259),#5954);
#13259 = PRESENTATION_STYLE_ASSIGNMENT((#13260));
#13260 = SURFACE_STYLE_USAGE(.BOTH.,#13261);
#13261 = SURFACE_SIDE_STYLE('',(#13262));
#13262 = SURFACE_STYLE_FILL_AREA(#13263);
#13263 = FILL_AREA_STYLE('',(#13264));
#13264 = FILL_AREA_STYLE_COLOUR('',#12690);
#13265 = STYLED_ITEM('color',(#13266),#5971);
#13266 = PRESENTATION_STYLE_ASSIGNMENT((#13267));
#13267 = SURFACE_STYLE_USAGE(.BOTH.,#13268);
#13268 = SURFACE_SIDE_STYLE('',(#13269));
#13269 = SURFACE_STYLE_FILL_AREA(#13270);
#13270 = FILL_AREA_STYLE('',(#13271));
#13271 = FILL_AREA_STYLE_COLOUR('',#12690);
#13272 = STYLED_ITEM('color',(#13273),#5988);
#13273 = PRESENTATION_STYLE_ASSIGNMENT((#13274));
#13274 = SURFACE_STYLE_USAGE(.BOTH.,#13275);
#13275 = SURFACE_SIDE_STYLE('',(#13276));
#13276 = SURFACE_STYLE_FILL_AREA(#13277);
#13277 = FILL_AREA_STYLE('',(#13278));
#13278 = FILL_AREA_STYLE_COLOUR('',#12690);
#13279 = STYLED_ITEM('color',(#13280),#6019);
#13280 = PRESENTATION_STYLE_ASSIGNMENT((#13281));
#13281 = SURFACE_STYLE_USAGE(.BOTH.,#13282);
#13282 = SURFACE_SIDE_STYLE('',(#13283));
#13283 = SURFACE_STYLE_FILL_AREA(#13284);
#13284 = FILL_AREA_STYLE('',(#13285));
#13285 = FILL_AREA_STYLE_COLOUR('',#12690);
#13286 = STYLED_ITEM('color',(#13287),#6041);
#13287 = PRESENTATION_STYLE_ASSIGNMENT((#13288));
#13288 = SURFACE_STYLE_USAGE(.BOTH.,#13289);
#13289 = SURFACE_SIDE_STYLE('',(#13290));
#13290 = SURFACE_STYLE_FILL_AREA(#13291);
#13291 = FILL_AREA_STYLE('',(#13292));
#13292 = FILL_AREA_STYLE_COLOUR('',#12690);
#13293 = STYLED_ITEM('color',(#13294),#6053);
#13294 = PRESENTATION_STYLE_ASSIGNMENT((#13295));
#13295 = SURFACE_STYLE_USAGE(.BOTH.,#13296);
#13296 = SURFACE_SIDE_STYLE('',(#13297));
#13297 = SURFACE_STYLE_FILL_AREA(#13298);
#13298 = FILL_AREA_STYLE('',(#13299));
#13299 = FILL_AREA_STYLE_COLOUR('',#12690);
#13300 = STYLED_ITEM('color',(#13301),#6084);
#13301 = PRESENTATION_STYLE_ASSIGNMENT((#13302));
#13302 = SURFACE_STYLE_USAGE(.BOTH.,#13303);
#13303 = SURFACE_SIDE_STYLE('',(#13304));
#13304 = SURFACE_STYLE_FILL_AREA(#13305);
#13305 = FILL_AREA_STYLE('',(#13306));
#13306 = FILL_AREA_STYLE_COLOUR('',#12690);
#13307 = STYLED_ITEM('color',(#13308),#6101);
#13308 = PRESENTATION_STYLE_ASSIGNMENT((#13309));
#13309 = SURFACE_STYLE_USAGE(.BOTH.,#13310);
#13310 = SURFACE_SIDE_STYLE('',(#13311));
#13311 = SURFACE_STYLE_FILL_AREA(#13312);
#13312 = FILL_AREA_STYLE('',(#13313));
#13313 = FILL_AREA_STYLE_COLOUR('',#12690);
#13314 = STYLED_ITEM('color',(#13315),#6118);
#13315 = PRESENTATION_STYLE_ASSIGNMENT((#13316));
#13316 = SURFACE_STYLE_USAGE(.BOTH.,#13317);
#13317 = SURFACE_SIDE_STYLE('',(#13318));
#13318 = SURFACE_STYLE_FILL_AREA(#13319);
#13319 = FILL_AREA_STYLE('',(#13320));
#13320 = FILL_AREA_STYLE_COLOUR('',#12690);
#13321 = STYLED_ITEM('color',(#13322),#6149);
#13322 = PRESENTATION_STYLE_ASSIGNMENT((#13323));
#13323 = SURFACE_STYLE_USAGE(.BOTH.,#13324);
#13324 = SURFACE_SIDE_STYLE('',(#13325));
#13325 = SURFACE_STYLE_FILL_AREA(#13326);
#13326 = FILL_AREA_STYLE('',(#13327));
#13327 = FILL_AREA_STYLE_COLOUR('',#12690);
#13328 = STYLED_ITEM('color',(#13329),#6171);
#13329 = PRESENTATION_STYLE_ASSIGNMENT((#13330));
#13330 = SURFACE_STYLE_USAGE(.BOTH.,#13331);
#13331 = SURFACE_SIDE_STYLE('',(#13332));
#13332 = SURFACE_STYLE_FILL_AREA(#13333);
#13333 = FILL_AREA_STYLE('',(#13334));
#13334 = FILL_AREA_STYLE_COLOUR('',#12690);
#13335 = STYLED_ITEM('color',(#13336),#6183);
#13336 = PRESENTATION_STYLE_ASSIGNMENT((#13337));
#13337 = SURFACE_STYLE_USAGE(.BOTH.,#13338);
#13338 = SURFACE_SIDE_STYLE('',(#13339));
#13339 = SURFACE_STYLE_FILL_AREA(#13340);
#13340 = FILL_AREA_STYLE('',(#13341));
#13341 = FILL_AREA_STYLE_COLOUR('',#12690);
#13342 = STYLED_ITEM('color',(#13343),#6214);
#13343 = PRESENTATION_STYLE_ASSIGNMENT((#13344));
#13344 = SURFACE_STYLE_USAGE(.BOTH.,#13345);
#13345 = SURFACE_SIDE_STYLE('',(#13346));
#13346 = SURFACE_STYLE_FILL_AREA(#13347);
#13347 = FILL_AREA_STYLE('',(#13348));
#13348 = FILL_AREA_STYLE_COLOUR('',#12690);
#13349 = STYLED_ITEM('color',(#13350),#6231);
#13350 = PRESENTATION_STYLE_ASSIGNMENT((#13351));
#13351 = SURFACE_STYLE_USAGE(.BOTH.,#13352);
#13352 = SURFACE_SIDE_STYLE('',(#13353));
#13353 = SURFACE_STYLE_FILL_AREA(#13354);
#13354 = FILL_AREA_STYLE('',(#13355));
#13355 = FILL_AREA_STYLE_COLOUR('',#12690);
#13356 = STYLED_ITEM('color',(#13357),#6248);
#13357 = PRESENTATION_STYLE_ASSIGNMENT((#13358));
#13358 = SURFACE_STYLE_USAGE(.BOTH.,#13359);
#13359 = SURFACE_SIDE_STYLE('',(#13360));
#13360 = SURFACE_STYLE_FILL_AREA(#13361);
#13361 = FILL_AREA_STYLE('',(#13362));
#13362 = FILL_AREA_STYLE_COLOUR('',#12690);
#13363 = STYLED_ITEM('color',(#13364),#6279);
#13364 = PRESENTATION_STYLE_ASSIGNMENT((#13365));
#13365 = SURFACE_STYLE_USAGE(.BOTH.,#13366);
#13366 = SURFACE_SIDE_STYLE('',(#13367));
#13367 = SURFACE_STYLE_FILL_AREA(#13368);
#13368 = FILL_AREA_STYLE('',(#13369));
#13369 = FILL_AREA_STYLE_COLOUR('',#12690);
#13370 = STYLED_ITEM('color',(#13371),#6301);
#13371 = PRESENTATION_STYLE_ASSIGNMENT((#13372));
#13372 = SURFACE_STYLE_USAGE(.BOTH.,#13373);
#13373 = SURFACE_SIDE_STYLE('',(#13374));
#13374 = SURFACE_STYLE_FILL_AREA(#13375);
#13375 = FILL_AREA_STYLE('',(#13376));
#13376 = FILL_AREA_STYLE_COLOUR('',#12690);
#13377 = STYLED_ITEM('color',(#13378),#6313);
#13378 = PRESENTATION_STYLE_ASSIGNMENT((#13379));
#13379 = SURFACE_STYLE_USAGE(.BOTH.,#13380);
#13380 = SURFACE_SIDE_STYLE('',(#13381));
#13381 = SURFACE_STYLE_FILL_AREA(#13382);
#13382 = FILL_AREA_STYLE('',(#13383));
#13383 = FILL_AREA_STYLE_COLOUR('',#12690);
#13384 = STYLED_ITEM('color',(#13385),#6344);
#13385 = PRESENTATION_STYLE_ASSIGNMENT((#13386));
#13386 = SURFACE_STYLE_USAGE(.BOTH.,#13387);
#13387 = SURFACE_SIDE_STYLE('',(#13388));
#13388 = SURFACE_STYLE_FILL_AREA(#13389);
#13389 = FILL_AREA_STYLE('',(#13390));
#13390 = FILL_AREA_STYLE_COLOUR('',#12690);
#13391 = STYLED_ITEM('color',(#13392),#6361);
#13392 = PRESENTATION_STYLE_ASSIGNMENT((#13393));
#13393 = SURFACE_STYLE_USAGE(.BOTH.,#13394);
#13394 = SURFACE_SIDE_STYLE('',(#13395));
#13395 = SURFACE_STYLE_FILL_AREA(#13396);
#13396 = FILL_AREA_STYLE('',(#13397));
#13397 = FILL_AREA_STYLE_COLOUR('',#12690);
#13398 = STYLED_ITEM('color',(#13399),#6378);
#13399 = PRESENTATION_STYLE_ASSIGNMENT((#13400));
#13400 = SURFACE_STYLE_USAGE(.BOTH.,#13401);
#13401 = SURFACE_SIDE_STYLE('',(#13402));
#13402 = SURFACE_STYLE_FILL_AREA(#13403);
#13403 = FILL_AREA_STYLE('',(#13404));
#13404 = FILL_AREA_STYLE_COLOUR('',#12690);
#13405 = STYLED_ITEM('color',(#13406),#6395);
#13406 = PRESENTATION_STYLE_ASSIGNMENT((#13407));
#13407 = SURFACE_STYLE_USAGE(.BOTH.,#13408);
#13408 = SURFACE_SIDE_STYLE('',(#13409));
#13409 = SURFACE_STYLE_FILL_AREA(#13410);
#13410 = FILL_AREA_STYLE('',(#13411));
#13411 = FILL_AREA_STYLE_COLOUR('',#12690);
#13412 = STYLED_ITEM('color',(#13413),#6412);
#13413 = PRESENTATION_STYLE_ASSIGNMENT((#13414));
#13414 = SURFACE_STYLE_USAGE(.BOTH.,#13415);
#13415 = SURFACE_SIDE_STYLE('',(#13416));
#13416 = SURFACE_STYLE_FILL_AREA(#13417);
#13417 = FILL_AREA_STYLE('',(#13418));
#13418 = FILL_AREA_STYLE_COLOUR('',#12690);
#13419 = STYLED_ITEM('color',(#13420),#6445);
#13420 = PRESENTATION_STYLE_ASSIGNMENT((#13421));
#13421 = SURFACE_STYLE_USAGE(.BOTH.,#13422);
#13422 = SURFACE_SIDE_STYLE('',(#13423));
#13423 = SURFACE_STYLE_FILL_AREA(#13424);
#13424 = FILL_AREA_STYLE('',(#13425));
#13425 = FILL_AREA_STYLE_COLOUR('',#12690);
#13426 = STYLED_ITEM('color',(#13427),#6485);
#13427 = PRESENTATION_STYLE_ASSIGNMENT((#13428));
#13428 = SURFACE_STYLE_USAGE(.BOTH.,#13429);
#13429 = SURFACE_SIDE_STYLE('',(#13430));
#13430 = SURFACE_STYLE_FILL_AREA(#13431);
#13431 = FILL_AREA_STYLE('',(#13432));
#13432 = FILL_AREA_STYLE_COLOUR('',#12690);
#13433 = STYLED_ITEM('color',(#13434),#6516);
#13434 = PRESENTATION_STYLE_ASSIGNMENT((#13435));
#13435 = SURFACE_STYLE_USAGE(.BOTH.,#13436);
#13436 = SURFACE_SIDE_STYLE('',(#13437));
#13437 = SURFACE_STYLE_FILL_AREA(#13438);
#13438 = FILL_AREA_STYLE('',(#13439));
#13439 = FILL_AREA_STYLE_COLOUR('',#12690);
#13440 = STYLED_ITEM('color',(#13441),#6533);
#13441 = PRESENTATION_STYLE_ASSIGNMENT((#13442));
#13442 = SURFACE_STYLE_USAGE(.BOTH.,#13443);
#13443 = SURFACE_SIDE_STYLE('',(#13444));
#13444 = SURFACE_STYLE_FILL_AREA(#13445);
#13445 = FILL_AREA_STYLE('',(#13446));
#13446 = FILL_AREA_STYLE_COLOUR('',#12690);
#13447 = STYLED_ITEM('color',(#13448),#6545);
#13448 = PRESENTATION_STYLE_ASSIGNMENT((#13449));
#13449 = SURFACE_STYLE_USAGE(.BOTH.,#13450);
#13450 = SURFACE_SIDE_STYLE('',(#13451));
#13451 = SURFACE_STYLE_FILL_AREA(#13452);
#13452 = FILL_AREA_STYLE('',(#13453));
#13453 = FILL_AREA_STYLE_COLOUR('',#12690);
#13454 = STYLED_ITEM('color',(#13455),#6578);
#13455 = PRESENTATION_STYLE_ASSIGNMENT((#13456));
#13456 = SURFACE_STYLE_USAGE(.BOTH.,#13457);
#13457 = SURFACE_SIDE_STYLE('',(#13458));
#13458 = SURFACE_STYLE_FILL_AREA(#13459);
#13459 = FILL_AREA_STYLE('',(#13460));
#13460 = FILL_AREA_STYLE_COLOUR('',#12690);
#13461 = STYLED_ITEM('color',(#13462),#6595);
#13462 = PRESENTATION_STYLE_ASSIGNMENT((#13463));
#13463 = SURFACE_STYLE_USAGE(.BOTH.,#13464);
#13464 = SURFACE_SIDE_STYLE('',(#13465));
#13465 = SURFACE_STYLE_FILL_AREA(#13466);
#13466 = FILL_AREA_STYLE('',(#13467));
#13467 = FILL_AREA_STYLE_COLOUR('',#12690);
#13468 = STYLED_ITEM('color',(#13469),#6612);
#13469 = PRESENTATION_STYLE_ASSIGNMENT((#13470));
#13470 = SURFACE_STYLE_USAGE(.BOTH.,#13471);
#13471 = SURFACE_SIDE_STYLE('',(#13472));
#13472 = SURFACE_STYLE_FILL_AREA(#13473);
#13473 = FILL_AREA_STYLE('',(#13474));
#13474 = FILL_AREA_STYLE_COLOUR('',#12690);
#13475 = STYLED_ITEM('color',(#13476),#6624);
#13476 = PRESENTATION_STYLE_ASSIGNMENT((#13477));
#13477 = SURFACE_STYLE_USAGE(.BOTH.,#13478);
#13478 = SURFACE_SIDE_STYLE('',(#13479));
#13479 = SURFACE_STYLE_FILL_AREA(#13480);
#13480 = FILL_AREA_STYLE('',(#13481));
#13481 = FILL_AREA_STYLE_COLOUR('',#12690);
#13482 = STYLED_ITEM('color',(#13483),#6641);
#13483 = PRESENTATION_STYLE_ASSIGNMENT((#13484));
#13484 = SURFACE_STYLE_USAGE(.BOTH.,#13485);
#13485 = SURFACE_SIDE_STYLE('',(#13486));
#13486 = SURFACE_STYLE_FILL_AREA(#13487);
#13487 = FILL_AREA_STYLE('',(#13488));
#13488 = FILL_AREA_STYLE_COLOUR('',#12690);
#13489 = STYLED_ITEM('color',(#13490),#6658);
#13490 = PRESENTATION_STYLE_ASSIGNMENT((#13491));
#13491 = SURFACE_STYLE_USAGE(.BOTH.,#13492);
#13492 = SURFACE_SIDE_STYLE('',(#13493));
#13493 = SURFACE_STYLE_FILL_AREA(#13494);
#13494 = FILL_AREA_STYLE('',(#13495));
#13495 = FILL_AREA_STYLE_COLOUR('',#12690);
#13496 = STYLED_ITEM('color',(#13497),#6670);
#13497 = PRESENTATION_STYLE_ASSIGNMENT((#13498));
#13498 = SURFACE_STYLE_USAGE(.BOTH.,#13499);
#13499 = SURFACE_SIDE_STYLE('',(#13500));
#13500 = SURFACE_STYLE_FILL_AREA(#13501);
#13501 = FILL_AREA_STYLE('',(#13502));
#13502 = FILL_AREA_STYLE_COLOUR('',#12690);
#13503 = STYLED_ITEM('color',(#13504),#6687);
#13504 = PRESENTATION_STYLE_ASSIGNMENT((#13505));
#13505 = SURFACE_STYLE_USAGE(.BOTH.,#13506);
#13506 = SURFACE_SIDE_STYLE('',(#13507));
#13507 = SURFACE_STYLE_FILL_AREA(#13508);
#13508 = FILL_AREA_STYLE('',(#13509));
#13509 = FILL_AREA_STYLE_COLOUR('',#12690);
#13510 = STYLED_ITEM('color',(#13511),#6704);
#13511 = PRESENTATION_STYLE_ASSIGNMENT((#13512));
#13512 = SURFACE_STYLE_USAGE(.BOTH.,#13513);
#13513 = SURFACE_SIDE_STYLE('',(#13514));
#13514 = SURFACE_STYLE_FILL_AREA(#13515);
#13515 = FILL_AREA_STYLE('',(#13516));
#13516 = FILL_AREA_STYLE_COLOUR('',#12690);
#13517 = STYLED_ITEM('color',(#13518),#6716);
#13518 = PRESENTATION_STYLE_ASSIGNMENT((#13519));
#13519 = SURFACE_STYLE_USAGE(.BOTH.,#13520);
#13520 = SURFACE_SIDE_STYLE('',(#13521));
#13521 = SURFACE_STYLE_FILL_AREA(#13522);
#13522 = FILL_AREA_STYLE('',(#13523));
#13523 = FILL_AREA_STYLE_COLOUR('',#12690);
#13524 = STYLED_ITEM('color',(#13525),#6733);
#13525 = PRESENTATION_STYLE_ASSIGNMENT((#13526));
#13526 = SURFACE_STYLE_USAGE(.BOTH.,#13527);
#13527 = SURFACE_SIDE_STYLE('',(#13528));
#13528 = SURFACE_STYLE_FILL_AREA(#13529);
#13529 = FILL_AREA_STYLE('',(#13530));
#13530 = FILL_AREA_STYLE_COLOUR('',#12690);
#13531 = STYLED_ITEM('color',(#13532),#6750);
#13532 = PRESENTATION_STYLE_ASSIGNMENT((#13533));
#13533 = SURFACE_STYLE_USAGE(.BOTH.,#13534);
#13534 = SURFACE_SIDE_STYLE('',(#13535));
#13535 = SURFACE_STYLE_FILL_AREA(#13536);
#13536 = FILL_AREA_STYLE('',(#13537));
#13537 = FILL_AREA_STYLE_COLOUR('',#12690);
#13538 = STYLED_ITEM('color',(#13539),#6762);
#13539 = PRESENTATION_STYLE_ASSIGNMENT((#13540));
#13540 = SURFACE_STYLE_USAGE(.BOTH.,#13541);
#13541 = SURFACE_SIDE_STYLE('',(#13542));
#13542 = SURFACE_STYLE_FILL_AREA(#13543);
#13543 = FILL_AREA_STYLE('',(#13544));
#13544 = FILL_AREA_STYLE_COLOUR('',#12690);
#13545 = STYLED_ITEM('color',(#13546),#6779);
#13546 = PRESENTATION_STYLE_ASSIGNMENT((#13547));
#13547 = SURFACE_STYLE_USAGE(.BOTH.,#13548);
#13548 = SURFACE_SIDE_STYLE('',(#13549));
#13549 = SURFACE_STYLE_FILL_AREA(#13550);
#13550 = FILL_AREA_STYLE('',(#13551));
#13551 = FILL_AREA_STYLE_COLOUR('',#12690);
#13552 = STYLED_ITEM('color',(#13553),#6796);
#13553 = PRESENTATION_STYLE_ASSIGNMENT((#13554));
#13554 = SURFACE_STYLE_USAGE(.BOTH.,#13555);
#13555 = SURFACE_SIDE_STYLE('',(#13556));
#13556 = SURFACE_STYLE_FILL_AREA(#13557);
#13557 = FILL_AREA_STYLE('',(#13558));
#13558 = FILL_AREA_STYLE_COLOUR('',#12690);
#13559 = MECHANICAL_DESIGN_GEOMETRIC_PRESENTATION_REPRESENTATION('',(
    #13560,#13570,#13579,#13588,#13597,#13606,#13615,#13624,#13633,
    #13642,#13651,#13660,#13669,#13678,#13687,#13696,#13705,#13714,
    #13723,#13732,#13741,#13750,#13759,#13768,#13777,#13786,#13795,
    #13804,#13813,#13822,#13831,#13840,#13849,#13858,#13867,#13876,
    #13885,#13894,#13903,#13912,#13921,#13930,#13939,#13948,#13957,
    #13966,#13975,#13984,#13993,#14002,#14011,#14020,#14029,#14038,
    #14047,#14056,#14065,#14074,#14083,#14092,#14101,#14110,#14119,
    #14128,#14137,#14146,#14155,#14164,#14173,#14182,#14191,#14200,
    #14209,#14218,#14227,#14236,#14245,#14254,#14263,#14272,#14281,
    #14290,#14299,#14308,#14317,#14326,#14335,#14344,#14353,#14362,
    #14371,#14380,#14389,#14398,#14407,#14416,#14425,#14434,#14443,
    #14452,#14461,#14470,#14479,#14488,#14497,#14506,#14515,#14524,
    #14533,#14542,#14551,#14560,#14569,#14578,#14587,#14596,#14605,
    #14614,#14623,#14632,#14641,#14650,#14659,#14668,#14677,#14686,
    #14695,#14704,#14713,#14722,#14731,#14740,#14749,#14758,#14767,
    #14776,#14785,#14794,#14803,#14812,#14821,#14830,#14839,#14848,
    #14857,#14866,#14875),#11318);
#13560 = STYLED_ITEM('color',(#13561),#6852);
#13561 = PRESENTATION_STYLE_ASSIGNMENT((#13562,#13568));
#13562 = SURFACE_STYLE_USAGE(.BOTH.,#13563);
#13563 = SURFACE_SIDE_STYLE('',(#13564));
#13564 = SURFACE_STYLE_FILL_AREA(#13565);
#13565 = FILL_AREA_STYLE('',(#13566));
#13566 = FILL_AREA_STYLE_COLOUR('',#13567);
#13567 = COLOUR_RGB('',0.147999998088,0.145000001626,0.145000001626);
#13568 = CURVE_STYLE('',#13569,POSITIVE_LENGTH_MEASURE(0.1),#13567);
#13569 = DRAUGHTING_PRE_DEFINED_CURVE_FONT('continuous');
#13570 = STYLED_ITEM('color',(#13571),#6890);
#13571 = PRESENTATION_STYLE_ASSIGNMENT((#13572,#13577));
#13572 = SURFACE_STYLE_USAGE(.BOTH.,#13573);
#13573 = SURFACE_SIDE_STYLE('',(#13574));
#13574 = SURFACE_STYLE_FILL_AREA(#13575);
#13575 = FILL_AREA_STYLE('',(#13576));
#13576 = FILL_AREA_STYLE_COLOUR('',#13567);
#13577 = CURVE_STYLE('',#13578,POSITIVE_LENGTH_MEASURE(0.1),#13567);
#13578 = DRAUGHTING_PRE_DEFINED_CURVE_FONT('continuous');
#13579 = STYLED_ITEM('color',(#13580),#6953);
#13580 = PRESENTATION_STYLE_ASSIGNMENT((#13581,#13586));
#13581 = SURFACE_STYLE_USAGE(.BOTH.,#13582);
#13582 = SURFACE_SIDE_STYLE('',(#13583));
#13583 = SURFACE_STYLE_FILL_AREA(#13584);
#13584 = FILL_AREA_STYLE('',(#13585));
#13585 = FILL_AREA_STYLE_COLOUR('',#13567);
#13586 = CURVE_STYLE('',#13587,POSITIVE_LENGTH_MEASURE(0.1),#13567);
#13587 = DRAUGHTING_PRE_DEFINED_CURVE_FONT('continuous');
#13588 = STYLED_ITEM('color',(#13589),#6976);
#13589 = PRESENTATION_STYLE_ASSIGNMENT((#13590,#13595));
#13590 = SURFACE_STYLE_USAGE(.BOTH.,#13591);
#13591 = SURFACE_SIDE_STYLE('',(#13592));
#13592 = SURFACE_STYLE_FILL_AREA(#13593);
#13593 = FILL_AREA_STYLE('',(#13594));
#13594 = FILL_AREA_STYLE_COLOUR('',#13567);
#13595 = CURVE_STYLE('',#13596,POSITIVE_LENGTH_MEASURE(0.1),#13567);
#13596 = DRAUGHTING_PRE_DEFINED_CURVE_FONT('continuous');
#13597 = STYLED_ITEM('color',(#13598),#7005);
#13598 = PRESENTATION_STYLE_ASSIGNMENT((#13599,#13604));
#13599 = SURFACE_STYLE_USAGE(.BOTH.,#13600);
#13600 = SURFACE_SIDE_STYLE('',(#13601));
#13601 = SURFACE_STYLE_FILL_AREA(#13602);
#13602 = FILL_AREA_STYLE('',(#13603));
#13603 = FILL_AREA_STYLE_COLOUR('',#13567);
#13604 = CURVE_STYLE('',#13605,POSITIVE_LENGTH_MEASURE(0.1),#13567);
#13605 = DRAUGHTING_PRE_DEFINED_CURVE_FONT('continuous');
#13606 = STYLED_ITEM('color',(#13607),#7028);
#13607 = PRESENTATION_STYLE_ASSIGNMENT((#13608,#13613));
#13608 = SURFACE_STYLE_USAGE(.BOTH.,#13609);
#13609 = SURFACE_SIDE_STYLE('',(#13610));
#13610 = SURFACE_STYLE_FILL_AREA(#13611);
#13611 = FILL_AREA_STYLE('',(#13612));
#13612 = FILL_AREA_STYLE_COLOUR('',#13567);
#13613 = CURVE_STYLE('',#13614,POSITIVE_LENGTH_MEASURE(0.1),#13567);
#13614 = DRAUGHTING_PRE_DEFINED_CURVE_FONT('continuous');
#13615 = STYLED_ITEM('color',(#13616),#7115);
#13616 = PRESENTATION_STYLE_ASSIGNMENT((#13617,#13622));
#13617 = SURFACE_STYLE_USAGE(.BOTH.,#13618);
#13618 = SURFACE_SIDE_STYLE('',(#13619));
#13619 = SURFACE_STYLE_FILL_AREA(#13620);
#13620 = FILL_AREA_STYLE('',(#13621));
#13621 = FILL_AREA_STYLE_COLOUR('',#13567);
#13622 = CURVE_STYLE('',#13623,POSITIVE_LENGTH_MEASURE(0.1),#13567);
#13623 = DRAUGHTING_PRE_DEFINED_CURVE_FONT('continuous');
#13624 = STYLED_ITEM('color',(#13625),#7202);
#13625 = PRESENTATION_STYLE_ASSIGNMENT((#13626,#13631));
#13626 = SURFACE_STYLE_USAGE(.BOTH.,#13627);
#13627 = SURFACE_SIDE_STYLE('',(#13628));
#13628 = SURFACE_STYLE_FILL_AREA(#13629);
#13629 = FILL_AREA_STYLE('',(#13630));
#13630 = FILL_AREA_STYLE_COLOUR('',#13567);
#13631 = CURVE_STYLE('',#13632,POSITIVE_LENGTH_MEASURE(0.1),#13567);
#13632 = DRAUGHTING_PRE_DEFINED_CURVE_FONT('continuous');
#13633 = STYLED_ITEM('color',(#13634),#7225);
#13634 = PRESENTATION_STYLE_ASSIGNMENT((#13635,#13640));
#13635 = SURFACE_STYLE_USAGE(.BOTH.,#13636);
#13636 = SURFACE_SIDE_STYLE('',(#13637));
#13637 = SURFACE_STYLE_FILL_AREA(#13638);
#13638 = FILL_AREA_STYLE('',(#13639));
#13639 = FILL_AREA_STYLE_COLOUR('',#13567);
#13640 = CURVE_STYLE('',#13641,POSITIVE_LENGTH_MEASURE(0.1),#13567);
#13641 = DRAUGHTING_PRE_DEFINED_CURVE_FONT('continuous');
#13642 = STYLED_ITEM('color',(#13643),#7248);
#13643 = PRESENTATION_STYLE_ASSIGNMENT((#13644,#13649));
#13644 = SURFACE_STYLE_USAGE(.BOTH.,#13645);
#13645 = SURFACE_SIDE_STYLE('',(#13646));
#13646 = SURFACE_STYLE_FILL_AREA(#13647);
#13647 = FILL_AREA_STYLE('',(#13648));
#13648 = FILL_AREA_STYLE_COLOUR('',#13567);
#13649 = CURVE_STYLE('',#13650,POSITIVE_LENGTH_MEASURE(0.1),#13567);
#13650 = DRAUGHTING_PRE_DEFINED_CURVE_FONT('continuous');
#13651 = STYLED_ITEM('color',(#13652),#7265);
#13652 = PRESENTATION_STYLE_ASSIGNMENT((#13653,#13658));
#13653 = SURFACE_STYLE_USAGE(.BOTH.,#13654);
#13654 = SURFACE_SIDE_STYLE('',(#13655));
#13655 = SURFACE_STYLE_FILL_AREA(#13656);
#13656 = FILL_AREA_STYLE('',(#13657));
#13657 = FILL_AREA_STYLE_COLOUR('',#13567);
#13658 = CURVE_STYLE('',#13659,POSITIVE_LENGTH_MEASURE(0.1),#13567);
#13659 = DRAUGHTING_PRE_DEFINED_CURVE_FONT('continuous');
#13660 = STYLED_ITEM('color',(#13661),#7288);
#13661 = PRESENTATION_STYLE_ASSIGNMENT((#13662,#13667));
#13662 = SURFACE_STYLE_USAGE(.BOTH.,#13663);
#13663 = SURFACE_SIDE_STYLE('',(#13664));
#13664 = SURFACE_STYLE_FILL_AREA(#13665);
#13665 = FILL_AREA_STYLE('',(#13666));
#13666 = FILL_AREA_STYLE_COLOUR('',#13567);
#13667 = CURVE_STYLE('',#13668,POSITIVE_LENGTH_MEASURE(0.1),#13567);
#13668 = DRAUGHTING_PRE_DEFINED_CURVE_FONT('continuous');
#13669 = STYLED_ITEM('color',(#13670),#7376);
#13670 = PRESENTATION_STYLE_ASSIGNMENT((#13671,#13676));
#13671 = SURFACE_STYLE_USAGE(.BOTH.,#13672);
#13672 = SURFACE_SIDE_STYLE('',(#13673));
#13673 = SURFACE_STYLE_FILL_AREA(#13674);
#13674 = FILL_AREA_STYLE('',(#13675));
#13675 = FILL_AREA_STYLE_COLOUR('',#13567);
#13676 = CURVE_STYLE('',#13677,POSITIVE_LENGTH_MEASURE(0.1),#13567);
#13677 = DRAUGHTING_PRE_DEFINED_CURVE_FONT('continuous');
#13678 = STYLED_ITEM('color',(#13679),#7392);
#13679 = PRESENTATION_STYLE_ASSIGNMENT((#13680,#13685));
#13680 = SURFACE_STYLE_USAGE(.BOTH.,#13681);
#13681 = SURFACE_SIDE_STYLE('',(#13682));
#13682 = SURFACE_STYLE_FILL_AREA(#13683);
#13683 = FILL_AREA_STYLE('',(#13684));
#13684 = FILL_AREA_STYLE_COLOUR('',#13567);
#13685 = CURVE_STYLE('',#13686,POSITIVE_LENGTH_MEASURE(0.1),#13567);
#13686 = DRAUGHTING_PRE_DEFINED_CURVE_FONT('continuous');
#13687 = STYLED_ITEM('color',(#13688),#7422);
#13688 = PRESENTATION_STYLE_ASSIGNMENT((#13689,#13694));
#13689 = SURFACE_STYLE_USAGE(.BOTH.,#13690);
#13690 = SURFACE_SIDE_STYLE('',(#13691));
#13691 = SURFACE_STYLE_FILL_AREA(#13692);
#13692 = FILL_AREA_STYLE('',(#13693));
#13693 = FILL_AREA_STYLE_COLOUR('',#12077);
#13694 = CURVE_STYLE('',#13695,POSITIVE_LENGTH_MEASURE(0.1),#12077);
#13695 = DRAUGHTING_PRE_DEFINED_CURVE_FONT('continuous');
#13696 = STYLED_ITEM('color',(#13697),#7453);
#13697 = PRESENTATION_STYLE_ASSIGNMENT((#13698,#13703));
#13698 = SURFACE_STYLE_USAGE(.BOTH.,#13699);
#13699 = SURFACE_SIDE_STYLE('',(#13700));
#13700 = SURFACE_STYLE_FILL_AREA(#13701);
#13701 = FILL_AREA_STYLE('',(#13702));
#13702 = FILL_AREA_STYLE_COLOUR('',#13567);
#13703 = CURVE_STYLE('',#13704,POSITIVE_LENGTH_MEASURE(0.1),#13567);
#13704 = DRAUGHTING_PRE_DEFINED_CURVE_FONT('continuous');
#13705 = STYLED_ITEM('color',(#13706),#7484);
#13706 = PRESENTATION_STYLE_ASSIGNMENT((#13707,#13712));
#13707 = SURFACE_STYLE_USAGE(.BOTH.,#13708);
#13708 = SURFACE_SIDE_STYLE('',(#13709));
#13709 = SURFACE_STYLE_FILL_AREA(#13710);
#13710 = FILL_AREA_STYLE('',(#13711));
#13711 = FILL_AREA_STYLE_COLOUR('',#12077);
#13712 = CURVE_STYLE('',#13713,POSITIVE_LENGTH_MEASURE(0.1),#12077);
#13713 = DRAUGHTING_PRE_DEFINED_CURVE_FONT('continuous');
#13714 = STYLED_ITEM('color',(#13715),#7515);
#13715 = PRESENTATION_STYLE_ASSIGNMENT((#13716,#13721));
#13716 = SURFACE_STYLE_USAGE(.BOTH.,#13717);
#13717 = SURFACE_SIDE_STYLE('',(#13718));
#13718 = SURFACE_STYLE_FILL_AREA(#13719);
#13719 = FILL_AREA_STYLE('',(#13720));
#13720 = FILL_AREA_STYLE_COLOUR('',#13567);
#13721 = CURVE_STYLE('',#13722,POSITIVE_LENGTH_MEASURE(0.1),#13567);
#13722 = DRAUGHTING_PRE_DEFINED_CURVE_FONT('continuous');
#13723 = STYLED_ITEM('color',(#13724),#7546);
#13724 = PRESENTATION_STYLE_ASSIGNMENT((#13725,#13730));
#13725 = SURFACE_STYLE_USAGE(.BOTH.,#13726);
#13726 = SURFACE_SIDE_STYLE('',(#13727));
#13727 = SURFACE_STYLE_FILL_AREA(#13728);
#13728 = FILL_AREA_STYLE('',(#13729));
#13729 = FILL_AREA_STYLE_COLOUR('',#12077);
#13730 = CURVE_STYLE('',#13731,POSITIVE_LENGTH_MEASURE(0.1),#12077);
#13731 = DRAUGHTING_PRE_DEFINED_CURVE_FONT('continuous');
#13732 = STYLED_ITEM('color',(#13733),#7577);
#13733 = PRESENTATION_STYLE_ASSIGNMENT((#13734,#13739));
#13734 = SURFACE_STYLE_USAGE(.BOTH.,#13735);
#13735 = SURFACE_SIDE_STYLE('',(#13736));
#13736 = SURFACE_STYLE_FILL_AREA(#13737);
#13737 = FILL_AREA_STYLE('',(#13738));
#13738 = FILL_AREA_STYLE_COLOUR('',#13567);
#13739 = CURVE_STYLE('',#13740,POSITIVE_LENGTH_MEASURE(0.1),#13567);
#13740 = DRAUGHTING_PRE_DEFINED_CURVE_FONT('continuous');
#13741 = STYLED_ITEM('color',(#13742),#7608);
#13742 = PRESENTATION_STYLE_ASSIGNMENT((#13743,#13748));
#13743 = SURFACE_STYLE_USAGE(.BOTH.,#13744);
#13744 = SURFACE_SIDE_STYLE('',(#13745));
#13745 = SURFACE_STYLE_FILL_AREA(#13746);
#13746 = FILL_AREA_STYLE('',(#13747));
#13747 = FILL_AREA_STYLE_COLOUR('',#12077);
#13748 = CURVE_STYLE('',#13749,POSITIVE_LENGTH_MEASURE(0.1),#12077);
#13749 = DRAUGHTING_PRE_DEFINED_CURVE_FONT('continuous');
#13750 = STYLED_ITEM('color',(#13751),#7639);
#13751 = PRESENTATION_STYLE_ASSIGNMENT((#13752,#13757));
#13752 = SURFACE_STYLE_USAGE(.BOTH.,#13753);
#13753 = SURFACE_SIDE_STYLE('',(#13754));
#13754 = SURFACE_STYLE_FILL_AREA(#13755);
#13755 = FILL_AREA_STYLE('',(#13756));
#13756 = FILL_AREA_STYLE_COLOUR('',#13567);
#13757 = CURVE_STYLE('',#13758,POSITIVE_LENGTH_MEASURE(0.1),#13567);
#13758 = DRAUGHTING_PRE_DEFINED_CURVE_FONT('continuous');
#13759 = STYLED_ITEM('color',(#13760),#7656);
#13760 = PRESENTATION_STYLE_ASSIGNMENT((#13761,#13766));
#13761 = SURFACE_STYLE_USAGE(.BOTH.,#13762);
#13762 = SURFACE_SIDE_STYLE('',(#13763));
#13763 = SURFACE_STYLE_FILL_AREA(#13764);
#13764 = FILL_AREA_STYLE('',(#13765));
#13765 = FILL_AREA_STYLE_COLOUR('',#13567);
#13766 = CURVE_STYLE('',#13767,POSITIVE_LENGTH_MEASURE(0.1),#13567);
#13767 = DRAUGHTING_PRE_DEFINED_CURVE_FONT('continuous');
#13768 = STYLED_ITEM('color',(#13769),#7673);
#13769 = PRESENTATION_STYLE_ASSIGNMENT((#13770,#13775));
#13770 = SURFACE_STYLE_USAGE(.BOTH.,#13771);
#13771 = SURFACE_SIDE_STYLE('',(#13772));
#13772 = SURFACE_STYLE_FILL_AREA(#13773);
#13773 = FILL_AREA_STYLE('',(#13774));
#13774 = FILL_AREA_STYLE_COLOUR('',#12077);
#13775 = CURVE_STYLE('',#13776,POSITIVE_LENGTH_MEASURE(0.1),#12077);
#13776 = DRAUGHTING_PRE_DEFINED_CURVE_FONT('continuous');
#13777 = STYLED_ITEM('color',(#13778),#7704);
#13778 = PRESENTATION_STYLE_ASSIGNMENT((#13779,#13784));
#13779 = SURFACE_STYLE_USAGE(.BOTH.,#13780);
#13780 = SURFACE_SIDE_STYLE('',(#13781));
#13781 = SURFACE_STYLE_FILL_AREA(#13782);
#13782 = FILL_AREA_STYLE('',(#13783));
#13783 = FILL_AREA_STYLE_COLOUR('',#13567);
#13784 = CURVE_STYLE('',#13785,POSITIVE_LENGTH_MEASURE(0.1),#13567);
#13785 = DRAUGHTING_PRE_DEFINED_CURVE_FONT('continuous');
#13786 = STYLED_ITEM('color',(#13787),#7735);
#13787 = PRESENTATION_STYLE_ASSIGNMENT((#13788,#13793));
#13788 = SURFACE_STYLE_USAGE(.BOTH.,#13789);
#13789 = SURFACE_SIDE_STYLE('',(#13790));
#13790 = SURFACE_STYLE_FILL_AREA(#13791);
#13791 = FILL_AREA_STYLE('',(#13792));
#13792 = FILL_AREA_STYLE_COLOUR('',#12077);
#13793 = CURVE_STYLE('',#13794,POSITIVE_LENGTH_MEASURE(0.1),#12077);
#13794 = DRAUGHTING_PRE_DEFINED_CURVE_FONT('continuous');
#13795 = STYLED_ITEM('color',(#13796),#7766);
#13796 = PRESENTATION_STYLE_ASSIGNMENT((#13797,#13802));
#13797 = SURFACE_STYLE_USAGE(.BOTH.,#13798);
#13798 = SURFACE_SIDE_STYLE('',(#13799));
#13799 = SURFACE_STYLE_FILL_AREA(#13800);
#13800 = FILL_AREA_STYLE('',(#13801));
#13801 = FILL_AREA_STYLE_COLOUR('',#13567);
#13802 = CURVE_STYLE('',#13803,POSITIVE_LENGTH_MEASURE(0.1),#13567);
#13803 = DRAUGHTING_PRE_DEFINED_CURVE_FONT('continuous');
#13804 = STYLED_ITEM('color',(#13805),#7797);
#13805 = PRESENTATION_STYLE_ASSIGNMENT((#13806,#13811));
#13806 = SURFACE_STYLE_USAGE(.BOTH.,#13807);
#13807 = SURFACE_SIDE_STYLE('',(#13808));
#13808 = SURFACE_STYLE_FILL_AREA(#13809);
#13809 = FILL_AREA_STYLE('',(#13810));
#13810 = FILL_AREA_STYLE_COLOUR('',#12077);
#13811 = CURVE_STYLE('',#13812,POSITIVE_LENGTH_MEASURE(0.1),#12077);
#13812 = DRAUGHTING_PRE_DEFINED_CURVE_FONT('continuous');
#13813 = STYLED_ITEM('color',(#13814),#7828);
#13814 = PRESENTATION_STYLE_ASSIGNMENT((#13815,#13820));
#13815 = SURFACE_STYLE_USAGE(.BOTH.,#13816);
#13816 = SURFACE_SIDE_STYLE('',(#13817));
#13817 = SURFACE_STYLE_FILL_AREA(#13818);
#13818 = FILL_AREA_STYLE('',(#13819));
#13819 = FILL_AREA_STYLE_COLOUR('',#13567);
#13820 = CURVE_STYLE('',#13821,POSITIVE_LENGTH_MEASURE(0.1),#13567);
#13821 = DRAUGHTING_PRE_DEFINED_CURVE_FONT('continuous');
#13822 = STYLED_ITEM('color',(#13823),#7859);
#13823 = PRESENTATION_STYLE_ASSIGNMENT((#13824,#13829));
#13824 = SURFACE_STYLE_USAGE(.BOTH.,#13825);
#13825 = SURFACE_SIDE_STYLE('',(#13826));
#13826 = SURFACE_STYLE_FILL_AREA(#13827);
#13827 = FILL_AREA_STYLE('',(#13828));
#13828 = FILL_AREA_STYLE_COLOUR('',#12077);
#13829 = CURVE_STYLE('',#13830,POSITIVE_LENGTH_MEASURE(0.1),#12077);
#13830 = DRAUGHTING_PRE_DEFINED_CURVE_FONT('continuous');
#13831 = STYLED_ITEM('color',(#13832),#7890);
#13832 = PRESENTATION_STYLE_ASSIGNMENT((#13833,#13838));
#13833 = SURFACE_STYLE_USAGE(.BOTH.,#13834);
#13834 = SURFACE_SIDE_STYLE('',(#13835));
#13835 = SURFACE_STYLE_FILL_AREA(#13836);
#13836 = FILL_AREA_STYLE('',(#13837));
#13837 = FILL_AREA_STYLE_COLOUR('',#13567);
#13838 = CURVE_STYLE('',#13839,POSITIVE_LENGTH_MEASURE(0.1),#13567);
#13839 = DRAUGHTING_PRE_DEFINED_CURVE_FONT('continuous');
#13840 = STYLED_ITEM('color',(#13841),#7920);
#13841 = PRESENTATION_STYLE_ASSIGNMENT((#13842,#13847));
#13842 = SURFACE_STYLE_USAGE(.BOTH.,#13843);
#13843 = SURFACE_SIDE_STYLE('',(#13844));
#13844 = SURFACE_STYLE_FILL_AREA(#13845);
#13845 = FILL_AREA_STYLE('',(#13846));
#13846 = FILL_AREA_STYLE_COLOUR('',#13567);
#13847 = CURVE_STYLE('',#13848,POSITIVE_LENGTH_MEASURE(0.1),#13567);
#13848 = DRAUGHTING_PRE_DEFINED_CURVE_FONT('continuous');
#13849 = STYLED_ITEM('color',(#13850),#7943);
#13850 = PRESENTATION_STYLE_ASSIGNMENT((#13851,#13856));
#13851 = SURFACE_STYLE_USAGE(.BOTH.,#13852);
#13852 = SURFACE_SIDE_STYLE('',(#13853));
#13853 = SURFACE_STYLE_FILL_AREA(#13854);
#13854 = FILL_AREA_STYLE('',(#13855));
#13855 = FILL_AREA_STYLE_COLOUR('',#13567);
#13856 = CURVE_STYLE('',#13857,POSITIVE_LENGTH_MEASURE(0.1),#13567);
#13857 = DRAUGHTING_PRE_DEFINED_CURVE_FONT('continuous');
#13858 = STYLED_ITEM('color',(#13859),#7966);
#13859 = PRESENTATION_STYLE_ASSIGNMENT((#13860,#13865));
#13860 = SURFACE_STYLE_USAGE(.BOTH.,#13861);
#13861 = SURFACE_SIDE_STYLE('',(#13862));
#13862 = SURFACE_STYLE_FILL_AREA(#13863);
#13863 = FILL_AREA_STYLE('',(#13864));
#13864 = FILL_AREA_STYLE_COLOUR('',#13567);
#13865 = CURVE_STYLE('',#13866,POSITIVE_LENGTH_MEASURE(0.1),#13567);
#13866 = DRAUGHTING_PRE_DEFINED_CURVE_FONT('continuous');
#13867 = STYLED_ITEM('color',(#13868),#7983);
#13868 = PRESENTATION_STYLE_ASSIGNMENT((#13869,#13874));
#13869 = SURFACE_STYLE_USAGE(.BOTH.,#13870);
#13870 = SURFACE_SIDE_STYLE('',(#13871));
#13871 = SURFACE_STYLE_FILL_AREA(#13872);
#13872 = FILL_AREA_STYLE('',(#13873));
#13873 = FILL_AREA_STYLE_COLOUR('',#12077);
#13874 = CURVE_STYLE('',#13875,POSITIVE_LENGTH_MEASURE(0.1),#12077);
#13875 = DRAUGHTING_PRE_DEFINED_CURVE_FONT('continuous');
#13876 = STYLED_ITEM('color',(#13877),#8028);
#13877 = PRESENTATION_STYLE_ASSIGNMENT((#13878,#13883));
#13878 = SURFACE_STYLE_USAGE(.BOTH.,#13879);
#13879 = SURFACE_SIDE_STYLE('',(#13880));
#13880 = SURFACE_STYLE_FILL_AREA(#13881);
#13881 = FILL_AREA_STYLE('',(#13882));
#13882 = FILL_AREA_STYLE_COLOUR('',#13567);
#13883 = CURVE_STYLE('',#13884,POSITIVE_LENGTH_MEASURE(0.1),#13567);
#13884 = DRAUGHTING_PRE_DEFINED_CURVE_FONT('continuous');
#13885 = STYLED_ITEM('color',(#13886),#8114);
#13886 = PRESENTATION_STYLE_ASSIGNMENT((#13887,#13892));
#13887 = SURFACE_STYLE_USAGE(.BOTH.,#13888);
#13888 = SURFACE_SIDE_STYLE('',(#13889));
#13889 = SURFACE_STYLE_FILL_AREA(#13890);
#13890 = FILL_AREA_STYLE('',(#13891));
#13891 = FILL_AREA_STYLE_COLOUR('',#13567);
#13892 = CURVE_STYLE('',#13893,POSITIVE_LENGTH_MEASURE(0.1),#13567);
#13893 = DRAUGHTING_PRE_DEFINED_CURVE_FONT('continuous');
#13894 = STYLED_ITEM('color',(#13895),#8137);
#13895 = PRESENTATION_STYLE_ASSIGNMENT((#13896,#13901));
#13896 = SURFACE_STYLE_USAGE(.BOTH.,#13897);
#13897 = SURFACE_SIDE_STYLE('',(#13898));
#13898 = SURFACE_STYLE_FILL_AREA(#13899);
#13899 = FILL_AREA_STYLE('',(#13900));
#13900 = FILL_AREA_STYLE_COLOUR('',#13567);
#13901 = CURVE_STYLE('',#13902,POSITIVE_LENGTH_MEASURE(0.1),#13567);
#13902 = DRAUGHTING_PRE_DEFINED_CURVE_FONT('continuous');
#13903 = STYLED_ITEM('color',(#13904),#8160);
#13904 = PRESENTATION_STYLE_ASSIGNMENT((#13905,#13910));
#13905 = SURFACE_STYLE_USAGE(.BOTH.,#13906);
#13906 = SURFACE_SIDE_STYLE('',(#13907));
#13907 = SURFACE_STYLE_FILL_AREA(#13908);
#13908 = FILL_AREA_STYLE('',(#13909));
#13909 = FILL_AREA_STYLE_COLOUR('',#13567);
#13910 = CURVE_STYLE('',#13911,POSITIVE_LENGTH_MEASURE(0.1),#13567);
#13911 = DRAUGHTING_PRE_DEFINED_CURVE_FONT('continuous');
#13912 = STYLED_ITEM('color',(#13913),#8183);
#13913 = PRESENTATION_STYLE_ASSIGNMENT((#13914,#13919));
#13914 = SURFACE_STYLE_USAGE(.BOTH.,#13915);
#13915 = SURFACE_SIDE_STYLE('',(#13916));
#13916 = SURFACE_STYLE_FILL_AREA(#13917);
#13917 = FILL_AREA_STYLE('',(#13918));
#13918 = FILL_AREA_STYLE_COLOUR('',#13567);
#13919 = CURVE_STYLE('',#13920,POSITIVE_LENGTH_MEASURE(0.1),#13567);
#13920 = DRAUGHTING_PRE_DEFINED_CURVE_FONT('continuous');
#13921 = STYLED_ITEM('color',(#13922),#8270);
#13922 = PRESENTATION_STYLE_ASSIGNMENT((#13923,#13928));
#13923 = SURFACE_STYLE_USAGE(.BOTH.,#13924);
#13924 = SURFACE_SIDE_STYLE('',(#13925));
#13925 = SURFACE_STYLE_FILL_AREA(#13926);
#13926 = FILL_AREA_STYLE('',(#13927));
#13927 = FILL_AREA_STYLE_COLOUR('',#12077);
#13928 = CURVE_STYLE('',#13929,POSITIVE_LENGTH_MEASURE(0.1),#12077);
#13929 = DRAUGHTING_PRE_DEFINED_CURVE_FONT('continuous');
#13930 = STYLED_ITEM('color',(#13931),#8308);
#13931 = PRESENTATION_STYLE_ASSIGNMENT((#13932,#13937));
#13932 = SURFACE_STYLE_USAGE(.BOTH.,#13933);
#13933 = SURFACE_SIDE_STYLE('',(#13934));
#13934 = SURFACE_STYLE_FILL_AREA(#13935);
#13935 = FILL_AREA_STYLE('',(#13936));
#13936 = FILL_AREA_STYLE_COLOUR('',#13567);
#13937 = CURVE_STYLE('',#13938,POSITIVE_LENGTH_MEASURE(0.1),#13567);
#13938 = DRAUGHTING_PRE_DEFINED_CURVE_FONT('continuous');
#13939 = STYLED_ITEM('color',(#13940),#8357);
#13940 = PRESENTATION_STYLE_ASSIGNMENT((#13941,#13946));
#13941 = SURFACE_STYLE_USAGE(.BOTH.,#13942);
#13942 = SURFACE_SIDE_STYLE('',(#13943));
#13943 = SURFACE_STYLE_FILL_AREA(#13944);
#13944 = FILL_AREA_STYLE('',(#13945));
#13945 = FILL_AREA_STYLE_COLOUR('',#12077);
#13946 = CURVE_STYLE('',#13947,POSITIVE_LENGTH_MEASURE(0.1),#12077);
#13947 = DRAUGHTING_PRE_DEFINED_CURVE_FONT('continuous');
#13948 = STYLED_ITEM('color',(#13949),#8449);
#13949 = PRESENTATION_STYLE_ASSIGNMENT((#13950,#13955));
#13950 = SURFACE_STYLE_USAGE(.BOTH.,#13951);
#13951 = SURFACE_SIDE_STYLE('',(#13952));
#13952 = SURFACE_STYLE_FILL_AREA(#13953);
#13953 = FILL_AREA_STYLE('',(#13954));
#13954 = FILL_AREA_STYLE_COLOUR('',#12077);
#13955 = CURVE_STYLE('',#13956,POSITIVE_LENGTH_MEASURE(0.1),#12077);
#13956 = DRAUGHTING_PRE_DEFINED_CURVE_FONT('continuous');
#13957 = STYLED_ITEM('color',(#13958),#8474);
#13958 = PRESENTATION_STYLE_ASSIGNMENT((#13959,#13964));
#13959 = SURFACE_STYLE_USAGE(.BOTH.,#13960);
#13960 = SURFACE_SIDE_STYLE('',(#13961));
#13961 = SURFACE_STYLE_FILL_AREA(#13962);
#13962 = FILL_AREA_STYLE('',(#13963));
#13963 = FILL_AREA_STYLE_COLOUR('',#12077);
#13964 = CURVE_STYLE('',#13965,POSITIVE_LENGTH_MEASURE(0.1),#12077);
#13965 = DRAUGHTING_PRE_DEFINED_CURVE_FONT('continuous');
#13966 = STYLED_ITEM('color',(#13967),#8558);
#13967 = PRESENTATION_STYLE_ASSIGNMENT((#13968,#13973));
#13968 = SURFACE_STYLE_USAGE(.BOTH.,#13969);
#13969 = SURFACE_SIDE_STYLE('',(#13970));
#13970 = SURFACE_STYLE_FILL_AREA(#13971);
#13971 = FILL_AREA_STYLE('',(#13972));
#13972 = FILL_AREA_STYLE_COLOUR('',#13567);
#13973 = CURVE_STYLE('',#13974,POSITIVE_LENGTH_MEASURE(0.1),#13567);
#13974 = DRAUGHTING_PRE_DEFINED_CURVE_FONT('continuous');
#13975 = STYLED_ITEM('color',(#13976),#8580);
#13976 = PRESENTATION_STYLE_ASSIGNMENT((#13977,#13982));
#13977 = SURFACE_STYLE_USAGE(.BOTH.,#13978);
#13978 = SURFACE_SIDE_STYLE('',(#13979));
#13979 = SURFACE_STYLE_FILL_AREA(#13980);
#13980 = FILL_AREA_STYLE('',(#13981));
#13981 = FILL_AREA_STYLE_COLOUR('',#12077);
#13982 = CURVE_STYLE('',#13983,POSITIVE_LENGTH_MEASURE(0.1),#12077);
#13983 = DRAUGHTING_PRE_DEFINED_CURVE_FONT('continuous');
#13984 = STYLED_ITEM('color',(#13985),#8672);
#13985 = PRESENTATION_STYLE_ASSIGNMENT((#13986,#13991));
#13986 = SURFACE_STYLE_USAGE(.BOTH.,#13987);
#13987 = SURFACE_SIDE_STYLE('',(#13988));
#13988 = SURFACE_STYLE_FILL_AREA(#13989);
#13989 = FILL_AREA_STYLE('',(#13990));
#13990 = FILL_AREA_STYLE_COLOUR('',#12077);
#13991 = CURVE_STYLE('',#13992,POSITIVE_LENGTH_MEASURE(0.1),#12077);
#13992 = DRAUGHTING_PRE_DEFINED_CURVE_FONT('continuous');
#13993 = STYLED_ITEM('color',(#13994),#8697);
#13994 = PRESENTATION_STYLE_ASSIGNMENT((#13995,#14000));
#13995 = SURFACE_STYLE_USAGE(.BOTH.,#13996);
#13996 = SURFACE_SIDE_STYLE('',(#13997));
#13997 = SURFACE_STYLE_FILL_AREA(#13998);
#13998 = FILL_AREA_STYLE('',(#13999));
#13999 = FILL_AREA_STYLE_COLOUR('',#12077);
#14000 = CURVE_STYLE('',#14001,POSITIVE_LENGTH_MEASURE(0.1),#12077);
#14001 = DRAUGHTING_PRE_DEFINED_CURVE_FONT('continuous');
#14002 = STYLED_ITEM('color',(#14003),#8781);
#14003 = PRESENTATION_STYLE_ASSIGNMENT((#14004,#14009));
#14004 = SURFACE_STYLE_USAGE(.BOTH.,#14005);
#14005 = SURFACE_SIDE_STYLE('',(#14006));
#14006 = SURFACE_STYLE_FILL_AREA(#14007);
#14007 = FILL_AREA_STYLE('',(#14008));
#14008 = FILL_AREA_STYLE_COLOUR('',#13567);
#14009 = CURVE_STYLE('',#14010,POSITIVE_LENGTH_MEASURE(0.1),#13567);
#14010 = DRAUGHTING_PRE_DEFINED_CURVE_FONT('continuous');
#14011 = STYLED_ITEM('color',(#14012),#8803);
#14012 = PRESENTATION_STYLE_ASSIGNMENT((#14013,#14018));
#14013 = SURFACE_STYLE_USAGE(.BOTH.,#14014);
#14014 = SURFACE_SIDE_STYLE('',(#14015));
#14015 = SURFACE_STYLE_FILL_AREA(#14016);
#14016 = FILL_AREA_STYLE('',(#14017));
#14017 = FILL_AREA_STYLE_COLOUR('',#12077);
#14018 = CURVE_STYLE('',#14019,POSITIVE_LENGTH_MEASURE(0.1),#12077);
#14019 = DRAUGHTING_PRE_DEFINED_CURVE_FONT('continuous');
#14020 = STYLED_ITEM('color',(#14021),#8895);
#14021 = PRESENTATION_STYLE_ASSIGNMENT((#14022,#14027));
#14022 = SURFACE_STYLE_USAGE(.BOTH.,#14023);
#14023 = SURFACE_SIDE_STYLE('',(#14024));
#14024 = SURFACE_STYLE_FILL_AREA(#14025);
#14025 = FILL_AREA_STYLE('',(#14026));
#14026 = FILL_AREA_STYLE_COLOUR('',#12077);
#14027 = CURVE_STYLE('',#14028,POSITIVE_LENGTH_MEASURE(0.1),#12077);
#14028 = DRAUGHTING_PRE_DEFINED_CURVE_FONT('continuous');
#14029 = STYLED_ITEM('color',(#14030),#8920);
#14030 = PRESENTATION_STYLE_ASSIGNMENT((#14031,#14036));
#14031 = SURFACE_STYLE_USAGE(.BOTH.,#14032);
#14032 = SURFACE_SIDE_STYLE('',(#14033));
#14033 = SURFACE_STYLE_FILL_AREA(#14034);
#14034 = FILL_AREA_STYLE('',(#14035));
#14035 = FILL_AREA_STYLE_COLOUR('',#12077);
#14036 = CURVE_STYLE('',#14037,POSITIVE_LENGTH_MEASURE(0.1),#12077);
#14037 = DRAUGHTING_PRE_DEFINED_CURVE_FONT('continuous');
#14038 = STYLED_ITEM('color',(#14039),#9004);
#14039 = PRESENTATION_STYLE_ASSIGNMENT((#14040,#14045));
#14040 = SURFACE_STYLE_USAGE(.BOTH.,#14041);
#14041 = SURFACE_SIDE_STYLE('',(#14042));
#14042 = SURFACE_STYLE_FILL_AREA(#14043);
#14043 = FILL_AREA_STYLE('',(#14044));
#14044 = FILL_AREA_STYLE_COLOUR('',#13567);
#14045 = CURVE_STYLE('',#14046,POSITIVE_LENGTH_MEASURE(0.1),#13567);
#14046 = DRAUGHTING_PRE_DEFINED_CURVE_FONT('continuous');
#14047 = STYLED_ITEM('color',(#14048),#9021);
#14048 = PRESENTATION_STYLE_ASSIGNMENT((#14049,#14054));
#14049 = SURFACE_STYLE_USAGE(.BOTH.,#14050);
#14050 = SURFACE_SIDE_STYLE('',(#14051));
#14051 = SURFACE_STYLE_FILL_AREA(#14052);
#14052 = FILL_AREA_STYLE('',(#14053));
#14053 = FILL_AREA_STYLE_COLOUR('',#12077);
#14054 = CURVE_STYLE('',#14055,POSITIVE_LENGTH_MEASURE(0.1),#12077);
#14055 = DRAUGHTING_PRE_DEFINED_CURVE_FONT('continuous');
#14056 = STYLED_ITEM('color',(#14057),#9106);
#14057 = PRESENTATION_STYLE_ASSIGNMENT((#14058,#14063));
#14058 = SURFACE_STYLE_USAGE(.BOTH.,#14059);
#14059 = SURFACE_SIDE_STYLE('',(#14060));
#14060 = SURFACE_STYLE_FILL_AREA(#14061);
#14061 = FILL_AREA_STYLE('',(#14062));
#14062 = FILL_AREA_STYLE_COLOUR('',#12077);
#14063 = CURVE_STYLE('',#14064,POSITIVE_LENGTH_MEASURE(0.1),#12077);
#14064 = DRAUGHTING_PRE_DEFINED_CURVE_FONT('continuous');
#14065 = STYLED_ITEM('color',(#14066),#9131);
#14066 = PRESENTATION_STYLE_ASSIGNMENT((#14067,#14072));
#14067 = SURFACE_STYLE_USAGE(.BOTH.,#14068);
#14068 = SURFACE_SIDE_STYLE('',(#14069));
#14069 = SURFACE_STYLE_FILL_AREA(#14070);
#14070 = FILL_AREA_STYLE('',(#14071));
#14071 = FILL_AREA_STYLE_COLOUR('',#12077);
#14072 = CURVE_STYLE('',#14073,POSITIVE_LENGTH_MEASURE(0.1),#12077);
#14073 = DRAUGHTING_PRE_DEFINED_CURVE_FONT('continuous');
#14074 = STYLED_ITEM('color',(#14075),#9208);
#14075 = PRESENTATION_STYLE_ASSIGNMENT((#14076,#14081));
#14076 = SURFACE_STYLE_USAGE(.BOTH.,#14077);
#14077 = SURFACE_SIDE_STYLE('',(#14078));
#14078 = SURFACE_STYLE_FILL_AREA(#14079);
#14079 = FILL_AREA_STYLE('',(#14080));
#14080 = FILL_AREA_STYLE_COLOUR('',#12077);
#14081 = CURVE_STYLE('',#14082,POSITIVE_LENGTH_MEASURE(0.1),#12077);
#14082 = DRAUGHTING_PRE_DEFINED_CURVE_FONT('continuous');
#14083 = STYLED_ITEM('color',(#14084),#9293);
#14084 = PRESENTATION_STYLE_ASSIGNMENT((#14085,#14090));
#14085 = SURFACE_STYLE_USAGE(.BOTH.,#14086);
#14086 = SURFACE_SIDE_STYLE('',(#14087));
#14087 = SURFACE_STYLE_FILL_AREA(#14088);
#14088 = FILL_AREA_STYLE('',(#14089));
#14089 = FILL_AREA_STYLE_COLOUR('',#12077);
#14090 = CURVE_STYLE('',#14091,POSITIVE_LENGTH_MEASURE(0.1),#12077);
#14091 = DRAUGHTING_PRE_DEFINED_CURVE_FONT('continuous');
#14092 = STYLED_ITEM('color',(#14093),#9318);
#14093 = PRESENTATION_STYLE_ASSIGNMENT((#14094,#14099));
#14094 = SURFACE_STYLE_USAGE(.BOTH.,#14095);
#14095 = SURFACE_SIDE_STYLE('',(#14096));
#14096 = SURFACE_STYLE_FILL_AREA(#14097);
#14097 = FILL_AREA_STYLE('',(#14098));
#14098 = FILL_AREA_STYLE_COLOUR('',#12077);
#14099 = CURVE_STYLE('',#14100,POSITIVE_LENGTH_MEASURE(0.1),#12077);
#14100 = DRAUGHTING_PRE_DEFINED_CURVE_FONT('continuous');
#14101 = STYLED_ITEM('color',(#14102),#9395);
#14102 = PRESENTATION_STYLE_ASSIGNMENT((#14103,#14108));
#14103 = SURFACE_STYLE_USAGE(.BOTH.,#14104);
#14104 = SURFACE_SIDE_STYLE('',(#14105));
#14105 = SURFACE_STYLE_FILL_AREA(#14106);
#14106 = FILL_AREA_STYLE('',(#14107));
#14107 = FILL_AREA_STYLE_COLOUR('',#13567);
#14108 = CURVE_STYLE('',#14109,POSITIVE_LENGTH_MEASURE(0.1),#13567);
#14109 = DRAUGHTING_PRE_DEFINED_CURVE_FONT('continuous');
#14110 = STYLED_ITEM('color',(#14111),#9412);
#14111 = PRESENTATION_STYLE_ASSIGNMENT((#14112,#14117));
#14112 = SURFACE_STYLE_USAGE(.BOTH.,#14113);
#14113 = SURFACE_SIDE_STYLE('',(#14114));
#14114 = SURFACE_STYLE_FILL_AREA(#14115);
#14115 = FILL_AREA_STYLE('',(#14116));
#14116 = FILL_AREA_STYLE_COLOUR('',#12077);
#14117 = CURVE_STYLE('',#14118,POSITIVE_LENGTH_MEASURE(0.1),#12077);
#14118 = DRAUGHTING_PRE_DEFINED_CURVE_FONT('continuous');
#14119 = STYLED_ITEM('color',(#14120),#9504);
#14120 = PRESENTATION_STYLE_ASSIGNMENT((#14121,#14126));
#14121 = SURFACE_STYLE_USAGE(.BOTH.,#14122);
#14122 = SURFACE_SIDE_STYLE('',(#14123));
#14123 = SURFACE_STYLE_FILL_AREA(#14124);
#14124 = FILL_AREA_STYLE('',(#14125));
#14125 = FILL_AREA_STYLE_COLOUR('',#12077);
#14126 = CURVE_STYLE('',#14127,POSITIVE_LENGTH_MEASURE(0.1),#12077);
#14127 = DRAUGHTING_PRE_DEFINED_CURVE_FONT('continuous');
#14128 = STYLED_ITEM('color',(#14129),#9529);
#14129 = PRESENTATION_STYLE_ASSIGNMENT((#14130,#14135));
#14130 = SURFACE_STYLE_USAGE(.BOTH.,#14131);
#14131 = SURFACE_SIDE_STYLE('',(#14132));
#14132 = SURFACE_STYLE_FILL_AREA(#14133);
#14133 = FILL_AREA_STYLE('',(#14134));
#14134 = FILL_AREA_STYLE_COLOUR('',#12077);
#14135 = CURVE_STYLE('',#14136,POSITIVE_LENGTH_MEASURE(0.1),#12077);
#14136 = DRAUGHTING_PRE_DEFINED_CURVE_FONT('continuous');
#14137 = STYLED_ITEM('color',(#14138),#9613);
#14138 = PRESENTATION_STYLE_ASSIGNMENT((#14139,#14144));
#14139 = SURFACE_STYLE_USAGE(.BOTH.,#14140);
#14140 = SURFACE_SIDE_STYLE('',(#14141));
#14141 = SURFACE_STYLE_FILL_AREA(#14142);
#14142 = FILL_AREA_STYLE('',(#14143));
#14143 = FILL_AREA_STYLE_COLOUR('',#13567);
#14144 = CURVE_STYLE('',#14145,POSITIVE_LENGTH_MEASURE(0.1),#13567);
#14145 = DRAUGHTING_PRE_DEFINED_CURVE_FONT('continuous');
#14146 = STYLED_ITEM('color',(#14147),#9635);
#14147 = PRESENTATION_STYLE_ASSIGNMENT((#14148,#14153));
#14148 = SURFACE_STYLE_USAGE(.BOTH.,#14149);
#14149 = SURFACE_SIDE_STYLE('',(#14150));
#14150 = SURFACE_STYLE_FILL_AREA(#14151);
#14151 = FILL_AREA_STYLE('',(#14152));
#14152 = FILL_AREA_STYLE_COLOUR('',#12077);
#14153 = CURVE_STYLE('',#14154,POSITIVE_LENGTH_MEASURE(0.1),#12077);
#14154 = DRAUGHTING_PRE_DEFINED_CURVE_FONT('continuous');
#14155 = STYLED_ITEM('color',(#14156),#9727);
#14156 = PRESENTATION_STYLE_ASSIGNMENT((#14157,#14162));
#14157 = SURFACE_STYLE_USAGE(.BOTH.,#14158);
#14158 = SURFACE_SIDE_STYLE('',(#14159));
#14159 = SURFACE_STYLE_FILL_AREA(#14160);
#14160 = FILL_AREA_STYLE('',(#14161));
#14161 = FILL_AREA_STYLE_COLOUR('',#12077);
#14162 = CURVE_STYLE('',#14163,POSITIVE_LENGTH_MEASURE(0.1),#12077);
#14163 = DRAUGHTING_PRE_DEFINED_CURVE_FONT('continuous');
#14164 = STYLED_ITEM('color',(#14165),#9752);
#14165 = PRESENTATION_STYLE_ASSIGNMENT((#14166,#14171));
#14166 = SURFACE_STYLE_USAGE(.BOTH.,#14167);
#14167 = SURFACE_SIDE_STYLE('',(#14168));
#14168 = SURFACE_STYLE_FILL_AREA(#14169);
#14169 = FILL_AREA_STYLE('',(#14170));
#14170 = FILL_AREA_STYLE_COLOUR('',#12077);
#14171 = CURVE_STYLE('',#14172,POSITIVE_LENGTH_MEASURE(0.1),#12077);
#14172 = DRAUGHTING_PRE_DEFINED_CURVE_FONT('continuous');
#14173 = STYLED_ITEM('color',(#14174),#9836);
#14174 = PRESENTATION_STYLE_ASSIGNMENT((#14175,#14180));
#14175 = SURFACE_STYLE_USAGE(.BOTH.,#14176);
#14176 = SURFACE_SIDE_STYLE('',(#14177));
#14177 = SURFACE_STYLE_FILL_AREA(#14178);
#14178 = FILL_AREA_STYLE('',(#14179));
#14179 = FILL_AREA_STYLE_COLOUR('',#13567);
#14180 = CURVE_STYLE('',#14181,POSITIVE_LENGTH_MEASURE(0.1),#13567);
#14181 = DRAUGHTING_PRE_DEFINED_CURVE_FONT('continuous');
#14182 = STYLED_ITEM('color',(#14183),#9858);
#14183 = PRESENTATION_STYLE_ASSIGNMENT((#14184,#14189));
#14184 = SURFACE_STYLE_USAGE(.BOTH.,#14185);
#14185 = SURFACE_SIDE_STYLE('',(#14186));
#14186 = SURFACE_STYLE_FILL_AREA(#14187);
#14187 = FILL_AREA_STYLE('',(#14188));
#14188 = FILL_AREA_STYLE_COLOUR('',#12077);
#14189 = CURVE_STYLE('',#14190,POSITIVE_LENGTH_MEASURE(0.1),#12077);
#14190 = DRAUGHTING_PRE_DEFINED_CURVE_FONT('continuous');
#14191 = STYLED_ITEM('color',(#14192),#9950);
#14192 = PRESENTATION_STYLE_ASSIGNMENT((#14193,#14198));
#14193 = SURFACE_STYLE_USAGE(.BOTH.,#14194);
#14194 = SURFACE_SIDE_STYLE('',(#14195));
#14195 = SURFACE_STYLE_FILL_AREA(#14196);
#14196 = FILL_AREA_STYLE('',(#14197));
#14197 = FILL_AREA_STYLE_COLOUR('',#12077);
#14198 = CURVE_STYLE('',#14199,POSITIVE_LENGTH_MEASURE(0.1),#12077);
#14199 = DRAUGHTING_PRE_DEFINED_CURVE_FONT('continuous');
#14200 = STYLED_ITEM('color',(#14201),#9975);
#14201 = PRESENTATION_STYLE_ASSIGNMENT((#14202,#14207));
#14202 = SURFACE_STYLE_USAGE(.BOTH.,#14203);
#14203 = SURFACE_SIDE_STYLE('',(#14204));
#14204 = SURFACE_STYLE_FILL_AREA(#14205);
#14205 = FILL_AREA_STYLE('',(#14206));
#14206 = FILL_AREA_STYLE_COLOUR('',#12077);
#14207 = CURVE_STYLE('',#14208,POSITIVE_LENGTH_MEASURE(0.1),#12077);
#14208 = DRAUGHTING_PRE_DEFINED_CURVE_FONT('continuous');
#14209 = STYLED_ITEM('color',(#14210),#10059);
#14210 = PRESENTATION_STYLE_ASSIGNMENT((#14211,#14216));
#14211 = SURFACE_STYLE_USAGE(.BOTH.,#14212);
#14212 = SURFACE_SIDE_STYLE('',(#14213));
#14213 = SURFACE_STYLE_FILL_AREA(#14214);
#14214 = FILL_AREA_STYLE('',(#14215));
#14215 = FILL_AREA_STYLE_COLOUR('',#12077);
#14216 = CURVE_STYLE('',#14217,POSITIVE_LENGTH_MEASURE(0.1),#12077);
#14217 = DRAUGHTING_PRE_DEFINED_CURVE_FONT('continuous');
#14218 = STYLED_ITEM('color',(#14219),#10076);
#14219 = PRESENTATION_STYLE_ASSIGNMENT((#14220,#14225));
#14220 = SURFACE_STYLE_USAGE(.BOTH.,#14221);
#14221 = SURFACE_SIDE_STYLE('',(#14222));
#14222 = SURFACE_STYLE_FILL_AREA(#14223);
#14223 = FILL_AREA_STYLE('',(#14224));
#14224 = FILL_AREA_STYLE_COLOUR('',#12077);
#14225 = CURVE_STYLE('',#14226,POSITIVE_LENGTH_MEASURE(0.1),#12077);
#14226 = DRAUGHTING_PRE_DEFINED_CURVE_FONT('continuous');
#14227 = STYLED_ITEM('color',(#14228),#10095);
#14228 = PRESENTATION_STYLE_ASSIGNMENT((#14229,#14234));
#14229 = SURFACE_STYLE_USAGE(.BOTH.,#14230);
#14230 = SURFACE_SIDE_STYLE('',(#14231));
#14231 = SURFACE_STYLE_FILL_AREA(#14232);
#14232 = FILL_AREA_STYLE('',(#14233));
#14233 = FILL_AREA_STYLE_COLOUR('',#12077);
#14234 = CURVE_STYLE('',#14235,POSITIVE_LENGTH_MEASURE(0.1),#12077);
#14235 = DRAUGHTING_PRE_DEFINED_CURVE_FONT('continuous');
#14236 = STYLED_ITEM('color',(#14237),#10114);
#14237 = PRESENTATION_STYLE_ASSIGNMENT((#14238,#14243));
#14238 = SURFACE_STYLE_USAGE(.BOTH.,#14239);
#14239 = SURFACE_SIDE_STYLE('',(#14240));
#14240 = SURFACE_STYLE_FILL_AREA(#14241);
#14241 = FILL_AREA_STYLE('',(#14242));
#14242 = FILL_AREA_STYLE_COLOUR('',#12077);
#14243 = CURVE_STYLE('',#14244,POSITIVE_LENGTH_MEASURE(0.1),#12077);
#14244 = DRAUGHTING_PRE_DEFINED_CURVE_FONT('continuous');
#14245 = STYLED_ITEM('color',(#14246),#10133);
#14246 = PRESENTATION_STYLE_ASSIGNMENT((#14247,#14252));
#14247 = SURFACE_STYLE_USAGE(.BOTH.,#14248);
#14248 = SURFACE_SIDE_STYLE('',(#14249));
#14249 = SURFACE_STYLE_FILL_AREA(#14250);
#14250 = FILL_AREA_STYLE('',(#14251));
#14251 = FILL_AREA_STYLE_COLOUR('',#13567);
#14252 = CURVE_STYLE('',#14253,POSITIVE_LENGTH_MEASURE(0.1),#13567);
#14253 = DRAUGHTING_PRE_DEFINED_CURVE_FONT('continuous');
#14254 = STYLED_ITEM('color',(#14255),#10179);
#14255 = PRESENTATION_STYLE_ASSIGNMENT((#14256,#14261));
#14256 = SURFACE_STYLE_USAGE(.BOTH.,#14257);
#14257 = SURFACE_SIDE_STYLE('',(#14258));
#14258 = SURFACE_STYLE_FILL_AREA(#14259);
#14259 = FILL_AREA_STYLE('',(#14260));
#14260 = FILL_AREA_STYLE_COLOUR('',#13567);
#14261 = CURVE_STYLE('',#14262,POSITIVE_LENGTH_MEASURE(0.1),#13567);
#14262 = DRAUGHTING_PRE_DEFINED_CURVE_FONT('continuous');
#14263 = STYLED_ITEM('color',(#14264),#10195);
#14264 = PRESENTATION_STYLE_ASSIGNMENT((#14265,#14270));
#14265 = SURFACE_STYLE_USAGE(.BOTH.,#14266);
#14266 = SURFACE_SIDE_STYLE('',(#14267));
#14267 = SURFACE_STYLE_FILL_AREA(#14268);
#14268 = FILL_AREA_STYLE('',(#14269));
#14269 = FILL_AREA_STYLE_COLOUR('',#12077);
#14270 = CURVE_STYLE('',#14271,POSITIVE_LENGTH_MEASURE(0.1),#12077);
#14271 = DRAUGHTING_PRE_DEFINED_CURVE_FONT('continuous');
#14272 = STYLED_ITEM('color',(#14273),#10214);
#14273 = PRESENTATION_STYLE_ASSIGNMENT((#14274,#14279));
#14274 = SURFACE_STYLE_USAGE(.BOTH.,#14275);
#14275 = SURFACE_SIDE_STYLE('',(#14276));
#14276 = SURFACE_STYLE_FILL_AREA(#14277);
#14277 = FILL_AREA_STYLE('',(#14278));
#14278 = FILL_AREA_STYLE_COLOUR('',#12077);
#14279 = CURVE_STYLE('',#14280,POSITIVE_LENGTH_MEASURE(0.1),#12077);
#14280 = DRAUGHTING_PRE_DEFINED_CURVE_FONT('continuous');
#14281 = STYLED_ITEM('color',(#14282),#10233);
#14282 = PRESENTATION_STYLE_ASSIGNMENT((#14283,#14288));
#14283 = SURFACE_STYLE_USAGE(.BOTH.,#14284);
#14284 = SURFACE_SIDE_STYLE('',(#14285));
#14285 = SURFACE_STYLE_FILL_AREA(#14286);
#14286 = FILL_AREA_STYLE('',(#14287));
#14287 = FILL_AREA_STYLE_COLOUR('',#12077);
#14288 = CURVE_STYLE('',#14289,POSITIVE_LENGTH_MEASURE(0.1),#12077);
#14289 = DRAUGHTING_PRE_DEFINED_CURVE_FONT('continuous');
#14290 = STYLED_ITEM('color',(#14291),#10252);
#14291 = PRESENTATION_STYLE_ASSIGNMENT((#14292,#14297));
#14292 = SURFACE_STYLE_USAGE(.BOTH.,#14293);
#14293 = SURFACE_SIDE_STYLE('',(#14294));
#14294 = SURFACE_STYLE_FILL_AREA(#14295);
#14295 = FILL_AREA_STYLE('',(#14296));
#14296 = FILL_AREA_STYLE_COLOUR('',#13567);
#14297 = CURVE_STYLE('',#14298,POSITIVE_LENGTH_MEASURE(0.1),#13567);
#14298 = DRAUGHTING_PRE_DEFINED_CURVE_FONT('continuous');
#14299 = STYLED_ITEM('color',(#14300),#10268);
#14300 = PRESENTATION_STYLE_ASSIGNMENT((#14301,#14306));
#14301 = SURFACE_STYLE_USAGE(.BOTH.,#14302);
#14302 = SURFACE_SIDE_STYLE('',(#14303));
#14303 = SURFACE_STYLE_FILL_AREA(#14304);
#14304 = FILL_AREA_STYLE('',(#14305));
#14305 = FILL_AREA_STYLE_COLOUR('',#12077);
#14306 = CURVE_STYLE('',#14307,POSITIVE_LENGTH_MEASURE(0.1),#12077);
#14307 = DRAUGHTING_PRE_DEFINED_CURVE_FONT('continuous');
#14308 = STYLED_ITEM('color',(#14309),#10285);
#14309 = PRESENTATION_STYLE_ASSIGNMENT((#14310,#14315));
#14310 = SURFACE_STYLE_USAGE(.BOTH.,#14311);
#14311 = SURFACE_SIDE_STYLE('',(#14312));
#14312 = SURFACE_STYLE_FILL_AREA(#14313);
#14313 = FILL_AREA_STYLE('',(#14314));
#14314 = FILL_AREA_STYLE_COLOUR('',#13567);
#14315 = CURVE_STYLE('',#14316,POSITIVE_LENGTH_MEASURE(0.1),#13567);
#14316 = DRAUGHTING_PRE_DEFINED_CURVE_FONT('continuous');
#14317 = STYLED_ITEM('color',(#14318),#10297);
#14318 = PRESENTATION_STYLE_ASSIGNMENT((#14319,#14324));
#14319 = SURFACE_STYLE_USAGE(.BOTH.,#14320);
#14320 = SURFACE_SIDE_STYLE('',(#14321));
#14321 = SURFACE_STYLE_FILL_AREA(#14322);
#14322 = FILL_AREA_STYLE('',(#14323));
#14323 = FILL_AREA_STYLE_COLOUR('',#12077);
#14324 = CURVE_STYLE('',#14325,POSITIVE_LENGTH_MEASURE(0.1),#12077);
#14325 = DRAUGHTING_PRE_DEFINED_CURVE_FONT('continuous');
#14326 = STYLED_ITEM('color',(#14327),#10314);
#14327 = PRESENTATION_STYLE_ASSIGNMENT((#14328,#14333));
#14328 = SURFACE_STYLE_USAGE(.BOTH.,#14329);
#14329 = SURFACE_SIDE_STYLE('',(#14330));
#14330 = SURFACE_STYLE_FILL_AREA(#14331);
#14331 = FILL_AREA_STYLE('',(#14332));
#14332 = FILL_AREA_STYLE_COLOUR('',#12077);
#14333 = CURVE_STYLE('',#14334,POSITIVE_LENGTH_MEASURE(0.1),#12077);
#14334 = DRAUGHTING_PRE_DEFINED_CURVE_FONT('continuous');
#14335 = STYLED_ITEM('color',(#14336),#10331);
#14336 = PRESENTATION_STYLE_ASSIGNMENT((#14337,#14342));
#14337 = SURFACE_STYLE_USAGE(.BOTH.,#14338);
#14338 = SURFACE_SIDE_STYLE('',(#14339));
#14339 = SURFACE_STYLE_FILL_AREA(#14340);
#14340 = FILL_AREA_STYLE('',(#14341));
#14341 = FILL_AREA_STYLE_COLOUR('',#12077);
#14342 = CURVE_STYLE('',#14343,POSITIVE_LENGTH_MEASURE(0.1),#12077);
#14343 = DRAUGHTING_PRE_DEFINED_CURVE_FONT('continuous');
#14344 = STYLED_ITEM('color',(#14345),#10348);
#14345 = PRESENTATION_STYLE_ASSIGNMENT((#14346,#14351));
#14346 = SURFACE_STYLE_USAGE(.BOTH.,#14347);
#14347 = SURFACE_SIDE_STYLE('',(#14348));
#14348 = SURFACE_STYLE_FILL_AREA(#14349);
#14349 = FILL_AREA_STYLE('',(#14350));
#14350 = FILL_AREA_STYLE_COLOUR('',#12077);
#14351 = CURVE_STYLE('',#14352,POSITIVE_LENGTH_MEASURE(0.1),#12077);
#14352 = DRAUGHTING_PRE_DEFINED_CURVE_FONT('continuous');
#14353 = STYLED_ITEM('color',(#14354),#10365);
#14354 = PRESENTATION_STYLE_ASSIGNMENT((#14355,#14360));
#14355 = SURFACE_STYLE_USAGE(.BOTH.,#14356);
#14356 = SURFACE_SIDE_STYLE('',(#14357));
#14357 = SURFACE_STYLE_FILL_AREA(#14358);
#14358 = FILL_AREA_STYLE('',(#14359));
#14359 = FILL_AREA_STYLE_COLOUR('',#12077);
#14360 = CURVE_STYLE('',#14361,POSITIVE_LENGTH_MEASURE(0.1),#12077);
#14361 = DRAUGHTING_PRE_DEFINED_CURVE_FONT('continuous');
#14362 = STYLED_ITEM('color',(#14363),#10382);
#14363 = PRESENTATION_STYLE_ASSIGNMENT((#14364,#14369));
#14364 = SURFACE_STYLE_USAGE(.BOTH.,#14365);
#14365 = SURFACE_SIDE_STYLE('',(#14366));
#14366 = SURFACE_STYLE_FILL_AREA(#14367);
#14367 = FILL_AREA_STYLE('',(#14368));
#14368 = FILL_AREA_STYLE_COLOUR('',#12077);
#14369 = CURVE_STYLE('',#14370,POSITIVE_LENGTH_MEASURE(0.1),#12077);
#14370 = DRAUGHTING_PRE_DEFINED_CURVE_FONT('continuous');
#14371 = STYLED_ITEM('color',(#14372),#10399);
#14372 = PRESENTATION_STYLE_ASSIGNMENT((#14373,#14378));
#14373 = SURFACE_STYLE_USAGE(.BOTH.,#14374);
#14374 = SURFACE_SIDE_STYLE('',(#14375));
#14375 = SURFACE_STYLE_FILL_AREA(#14376);
#14376 = FILL_AREA_STYLE('',(#14377));
#14377 = FILL_AREA_STYLE_COLOUR('',#12077);
#14378 = CURVE_STYLE('',#14379,POSITIVE_LENGTH_MEASURE(0.1),#12077);
#14379 = DRAUGHTING_PRE_DEFINED_CURVE_FONT('continuous');
#14380 = STYLED_ITEM('color',(#14381),#10416);
#14381 = PRESENTATION_STYLE_ASSIGNMENT((#14382,#14387));
#14382 = SURFACE_STYLE_USAGE(.BOTH.,#14383);
#14383 = SURFACE_SIDE_STYLE('',(#14384));
#14384 = SURFACE_STYLE_FILL_AREA(#14385);
#14385 = FILL_AREA_STYLE('',(#14386));
#14386 = FILL_AREA_STYLE_COLOUR('',#12077);
#14387 = CURVE_STYLE('',#14388,POSITIVE_LENGTH_MEASURE(0.1),#12077);
#14388 = DRAUGHTING_PRE_DEFINED_CURVE_FONT('continuous');
#14389 = STYLED_ITEM('color',(#14390),#10428);
#14390 = PRESENTATION_STYLE_ASSIGNMENT((#14391,#14396));
#14391 = SURFACE_STYLE_USAGE(.BOTH.,#14392);
#14392 = SURFACE_SIDE_STYLE('',(#14393));
#14393 = SURFACE_STYLE_FILL_AREA(#14394);
#14394 = FILL_AREA_STYLE('',(#14395));
#14395 = FILL_AREA_STYLE_COLOUR('',#12077);
#14396 = CURVE_STYLE('',#14397,POSITIVE_LENGTH_MEASURE(0.1),#12077);
#14397 = DRAUGHTING_PRE_DEFINED_CURVE_FONT('continuous');
#14398 = STYLED_ITEM('color',(#14399),#10445);
#14399 = PRESENTATION_STYLE_ASSIGNMENT((#14400,#14405));
#14400 = SURFACE_STYLE_USAGE(.BOTH.,#14401);
#14401 = SURFACE_SIDE_STYLE('',(#14402));
#14402 = SURFACE_STYLE_FILL_AREA(#14403);
#14403 = FILL_AREA_STYLE('',(#14404));
#14404 = FILL_AREA_STYLE_COLOUR('',#12077);
#14405 = CURVE_STYLE('',#14406,POSITIVE_LENGTH_MEASURE(0.1),#12077);
#14406 = DRAUGHTING_PRE_DEFINED_CURVE_FONT('continuous');
#14407 = STYLED_ITEM('color',(#14408),#10462);
#14408 = PRESENTATION_STYLE_ASSIGNMENT((#14409,#14414));
#14409 = SURFACE_STYLE_USAGE(.BOTH.,#14410);
#14410 = SURFACE_SIDE_STYLE('',(#14411));
#14411 = SURFACE_STYLE_FILL_AREA(#14412);
#14412 = FILL_AREA_STYLE('',(#14413));
#14413 = FILL_AREA_STYLE_COLOUR('',#12077);
#14414 = CURVE_STYLE('',#14415,POSITIVE_LENGTH_MEASURE(0.1),#12077);
#14415 = DRAUGHTING_PRE_DEFINED_CURVE_FONT('continuous');
#14416 = STYLED_ITEM('color',(#14417),#10479);
#14417 = PRESENTATION_STYLE_ASSIGNMENT((#14418,#14423));
#14418 = SURFACE_STYLE_USAGE(.BOTH.,#14419);
#14419 = SURFACE_SIDE_STYLE('',(#14420));
#14420 = SURFACE_STYLE_FILL_AREA(#14421);
#14421 = FILL_AREA_STYLE('',(#14422));
#14422 = FILL_AREA_STYLE_COLOUR('',#12077);
#14423 = CURVE_STYLE('',#14424,POSITIVE_LENGTH_MEASURE(0.1),#12077);
#14424 = DRAUGHTING_PRE_DEFINED_CURVE_FONT('continuous');
#14425 = STYLED_ITEM('color',(#14426),#10496);
#14426 = PRESENTATION_STYLE_ASSIGNMENT((#14427,#14432));
#14427 = SURFACE_STYLE_USAGE(.BOTH.,#14428);
#14428 = SURFACE_SIDE_STYLE('',(#14429));
#14429 = SURFACE_STYLE_FILL_AREA(#14430);
#14430 = FILL_AREA_STYLE('',(#14431));
#14431 = FILL_AREA_STYLE_COLOUR('',#12077);
#14432 = CURVE_STYLE('',#14433,POSITIVE_LENGTH_MEASURE(0.1),#12077);
#14433 = DRAUGHTING_PRE_DEFINED_CURVE_FONT('continuous');
#14434 = STYLED_ITEM('color',(#14435),#10513);
#14435 = PRESENTATION_STYLE_ASSIGNMENT((#14436,#14441));
#14436 = SURFACE_STYLE_USAGE(.BOTH.,#14437);
#14437 = SURFACE_SIDE_STYLE('',(#14438));
#14438 = SURFACE_STYLE_FILL_AREA(#14439);
#14439 = FILL_AREA_STYLE('',(#14440));
#14440 = FILL_AREA_STYLE_COLOUR('',#12077);
#14441 = CURVE_STYLE('',#14442,POSITIVE_LENGTH_MEASURE(0.1),#12077);
#14442 = DRAUGHTING_PRE_DEFINED_CURVE_FONT('continuous');
#14443 = STYLED_ITEM('color',(#14444),#10530);
#14444 = PRESENTATION_STYLE_ASSIGNMENT((#14445,#14450));
#14445 = SURFACE_STYLE_USAGE(.BOTH.,#14446);
#14446 = SURFACE_SIDE_STYLE('',(#14447));
#14447 = SURFACE_STYLE_FILL_AREA(#14448);
#14448 = FILL_AREA_STYLE('',(#14449));
#14449 = FILL_AREA_STYLE_COLOUR('',#12077);
#14450 = CURVE_STYLE('',#14451,POSITIVE_LENGTH_MEASURE(0.1),#12077);
#14451 = DRAUGHTING_PRE_DEFINED_CURVE_FONT('continuous');
#14452 = STYLED_ITEM('color',(#14453),#10547);
#14453 = PRESENTATION_STYLE_ASSIGNMENT((#14454,#14459));
#14454 = SURFACE_STYLE_USAGE(.BOTH.,#14455);
#14455 = SURFACE_SIDE_STYLE('',(#14456));
#14456 = SURFACE_STYLE_FILL_AREA(#14457);
#14457 = FILL_AREA_STYLE('',(#14458));
#14458 = FILL_AREA_STYLE_COLOUR('',#12077);
#14459 = CURVE_STYLE('',#14460,POSITIVE_LENGTH_MEASURE(0.1),#12077);
#14460 = DRAUGHTING_PRE_DEFINED_CURVE_FONT('continuous');
#14461 = STYLED_ITEM('color',(#14462),#10559);
#14462 = PRESENTATION_STYLE_ASSIGNMENT((#14463,#14468));
#14463 = SURFACE_STYLE_USAGE(.BOTH.,#14464);
#14464 = SURFACE_SIDE_STYLE('',(#14465));
#14465 = SURFACE_STYLE_FILL_AREA(#14466);
#14466 = FILL_AREA_STYLE('',(#14467));
#14467 = FILL_AREA_STYLE_COLOUR('',#12077);
#14468 = CURVE_STYLE('',#14469,POSITIVE_LENGTH_MEASURE(0.1),#12077);
#14469 = DRAUGHTING_PRE_DEFINED_CURVE_FONT('continuous');
#14470 = STYLED_ITEM('color',(#14471),#10576);
#14471 = PRESENTATION_STYLE_ASSIGNMENT((#14472,#14477));
#14472 = SURFACE_STYLE_USAGE(.BOTH.,#14473);
#14473 = SURFACE_SIDE_STYLE('',(#14474));
#14474 = SURFACE_STYLE_FILL_AREA(#14475);
#14475 = FILL_AREA_STYLE('',(#14476));
#14476 = FILL_AREA_STYLE_COLOUR('',#12077);
#14477 = CURVE_STYLE('',#14478,POSITIVE_LENGTH_MEASURE(0.1),#12077);
#14478 = DRAUGHTING_PRE_DEFINED_CURVE_FONT('continuous');
#14479 = STYLED_ITEM('color',(#14480),#10593);
#14480 = PRESENTATION_STYLE_ASSIGNMENT((#14481,#14486));
#14481 = SURFACE_STYLE_USAGE(.BOTH.,#14482);
#14482 = SURFACE_SIDE_STYLE('',(#14483));
#14483 = SURFACE_STYLE_FILL_AREA(#14484);
#14484 = FILL_AREA_STYLE('',(#14485));
#14485 = FILL_AREA_STYLE_COLOUR('',#12077);
#14486 = CURVE_STYLE('',#14487,POSITIVE_LENGTH_MEASURE(0.1),#12077);
#14487 = DRAUGHTING_PRE_DEFINED_CURVE_FONT('continuous');
#14488 = STYLED_ITEM('color',(#14489),#10610);
#14489 = PRESENTATION_STYLE_ASSIGNMENT((#14490,#14495));
#14490 = SURFACE_STYLE_USAGE(.BOTH.,#14491);
#14491 = SURFACE_SIDE_STYLE('',(#14492));
#14492 = SURFACE_STYLE_FILL_AREA(#14493);
#14493 = FILL_AREA_STYLE('',(#14494));
#14494 = FILL_AREA_STYLE_COLOUR('',#12077);
#14495 = CURVE_STYLE('',#14496,POSITIVE_LENGTH_MEASURE(0.1),#12077);
#14496 = DRAUGHTING_PRE_DEFINED_CURVE_FONT('continuous');
#14497 = STYLED_ITEM('color',(#14498),#10627);
#14498 = PRESENTATION_STYLE_ASSIGNMENT((#14499,#14504));
#14499 = SURFACE_STYLE_USAGE(.BOTH.,#14500);
#14500 = SURFACE_SIDE_STYLE('',(#14501));
#14501 = SURFACE_STYLE_FILL_AREA(#14502);
#14502 = FILL_AREA_STYLE('',(#14503));
#14503 = FILL_AREA_STYLE_COLOUR('',#12077);
#14504 = CURVE_STYLE('',#14505,POSITIVE_LENGTH_MEASURE(0.1),#12077);
#14505 = DRAUGHTING_PRE_DEFINED_CURVE_FONT('continuous');
#14506 = STYLED_ITEM('color',(#14507),#10644);
#14507 = PRESENTATION_STYLE_ASSIGNMENT((#14508,#14513));
#14508 = SURFACE_STYLE_USAGE(.BOTH.,#14509);
#14509 = SURFACE_SIDE_STYLE('',(#14510));
#14510 = SURFACE_STYLE_FILL_AREA(#14511);
#14511 = FILL_AREA_STYLE('',(#14512));
#14512 = FILL_AREA_STYLE_COLOUR('',#12077);
#14513 = CURVE_STYLE('',#14514,POSITIVE_LENGTH_MEASURE(0.1),#12077);
#14514 = DRAUGHTING_PRE_DEFINED_CURVE_FONT('continuous');
#14515 = STYLED_ITEM('color',(#14516),#10661);
#14516 = PRESENTATION_STYLE_ASSIGNMENT((#14517,#14522));
#14517 = SURFACE_STYLE_USAGE(.BOTH.,#14518);
#14518 = SURFACE_SIDE_STYLE('',(#14519));
#14519 = SURFACE_STYLE_FILL_AREA(#14520);
#14520 = FILL_AREA_STYLE('',(#14521));
#14521 = FILL_AREA_STYLE_COLOUR('',#12077);
#14522 = CURVE_STYLE('',#14523,POSITIVE_LENGTH_MEASURE(0.1),#12077);
#14523 = DRAUGHTING_PRE_DEFINED_CURVE_FONT('continuous');
#14524 = STYLED_ITEM('color',(#14525),#10678);
#14525 = PRESENTATION_STYLE_ASSIGNMENT((#14526,#14531));
#14526 = SURFACE_STYLE_USAGE(.BOTH.,#14527);
#14527 = SURFACE_SIDE_STYLE('',(#14528));
#14528 = SURFACE_STYLE_FILL_AREA(#14529);
#14529 = FILL_AREA_STYLE('',(#14530));
#14530 = FILL_AREA_STYLE_COLOUR('',#12077);
#14531 = CURVE_STYLE('',#14532,POSITIVE_LENGTH_MEASURE(0.1),#12077);
#14532 = DRAUGHTING_PRE_DEFINED_CURVE_FONT('continuous');
#14533 = STYLED_ITEM('color',(#14534),#10690);
#14534 = PRESENTATION_STYLE_ASSIGNMENT((#14535,#14540));
#14535 = SURFACE_STYLE_USAGE(.BOTH.,#14536);
#14536 = SURFACE_SIDE_STYLE('',(#14537));
#14537 = SURFACE_STYLE_FILL_AREA(#14538);
#14538 = FILL_AREA_STYLE('',(#14539));
#14539 = FILL_AREA_STYLE_COLOUR('',#12077);
#14540 = CURVE_STYLE('',#14541,POSITIVE_LENGTH_MEASURE(0.1),#12077);
#14541 = DRAUGHTING_PRE_DEFINED_CURVE_FONT('continuous');
#14542 = STYLED_ITEM('color',(#14543),#10707);
#14543 = PRESENTATION_STYLE_ASSIGNMENT((#14544,#14549));
#14544 = SURFACE_STYLE_USAGE(.BOTH.,#14545);
#14545 = SURFACE_SIDE_STYLE('',(#14546));
#14546 = SURFACE_STYLE_FILL_AREA(#14547);
#14547 = FILL_AREA_STYLE('',(#14548));
#14548 = FILL_AREA_STYLE_COLOUR('',#12077);
#14549 = CURVE_STYLE('',#14550,POSITIVE_LENGTH_MEASURE(0.1),#12077);
#14550 = DRAUGHTING_PRE_DEFINED_CURVE_FONT('continuous');
#14551 = STYLED_ITEM('color',(#14552),#10724);
#14552 = PRESENTATION_STYLE_ASSIGNMENT((#14553,#14558));
#14553 = SURFACE_STYLE_USAGE(.BOTH.,#14554);
#14554 = SURFACE_SIDE_STYLE('',(#14555));
#14555 = SURFACE_STYLE_FILL_AREA(#14556);
#14556 = FILL_AREA_STYLE('',(#14557));
#14557 = FILL_AREA_STYLE_COLOUR('',#12077);
#14558 = CURVE_STYLE('',#14559,POSITIVE_LENGTH_MEASURE(0.1),#12077);
#14559 = DRAUGHTING_PRE_DEFINED_CURVE_FONT('continuous');
#14560 = STYLED_ITEM('color',(#14561),#10741);
#14561 = PRESENTATION_STYLE_ASSIGNMENT((#14562,#14567));
#14562 = SURFACE_STYLE_USAGE(.BOTH.,#14563);
#14563 = SURFACE_SIDE_STYLE('',(#14564));
#14564 = SURFACE_STYLE_FILL_AREA(#14565);
#14565 = FILL_AREA_STYLE('',(#14566));
#14566 = FILL_AREA_STYLE_COLOUR('',#12077);
#14567 = CURVE_STYLE('',#14568,POSITIVE_LENGTH_MEASURE(0.1),#12077);
#14568 = DRAUGHTING_PRE_DEFINED_CURVE_FONT('continuous');
#14569 = STYLED_ITEM('color',(#14570),#10758);
#14570 = PRESENTATION_STYLE_ASSIGNMENT((#14571,#14576));
#14571 = SURFACE_STYLE_USAGE(.BOTH.,#14572);
#14572 = SURFACE_SIDE_STYLE('',(#14573));
#14573 = SURFACE_STYLE_FILL_AREA(#14574);
#14574 = FILL_AREA_STYLE('',(#14575));
#14575 = FILL_AREA_STYLE_COLOUR('',#12077);
#14576 = CURVE_STYLE('',#14577,POSITIVE_LENGTH_MEASURE(0.1),#12077);
#14577 = DRAUGHTING_PRE_DEFINED_CURVE_FONT('continuous');
#14578 = STYLED_ITEM('color',(#14579),#10775);
#14579 = PRESENTATION_STYLE_ASSIGNMENT((#14580,#14585));
#14580 = SURFACE_STYLE_USAGE(.BOTH.,#14581);
#14581 = SURFACE_SIDE_STYLE('',(#14582));
#14582 = SURFACE_STYLE_FILL_AREA(#14583);
#14583 = FILL_AREA_STYLE('',(#14584));
#14584 = FILL_AREA_STYLE_COLOUR('',#12077);
#14585 = CURVE_STYLE('',#14586,POSITIVE_LENGTH_MEASURE(0.1),#12077);
#14586 = DRAUGHTING_PRE_DEFINED_CURVE_FONT('continuous');
#14587 = STYLED_ITEM('color',(#14588),#10792);
#14588 = PRESENTATION_STYLE_ASSIGNMENT((#14589,#14594));
#14589 = SURFACE_STYLE_USAGE(.BOTH.,#14590);
#14590 = SURFACE_SIDE_STYLE('',(#14591));
#14591 = SURFACE_STYLE_FILL_AREA(#14592);
#14592 = FILL_AREA_STYLE('',(#14593));
#14593 = FILL_AREA_STYLE_COLOUR('',#12077);
#14594 = CURVE_STYLE('',#14595,POSITIVE_LENGTH_MEASURE(0.1),#12077);
#14595 = DRAUGHTING_PRE_DEFINED_CURVE_FONT('continuous');
#14596 = STYLED_ITEM('color',(#14597),#10804);
#14597 = PRESENTATION_STYLE_ASSIGNMENT((#14598,#14603));
#14598 = SURFACE_STYLE_USAGE(.BOTH.,#14599);
#14599 = SURFACE_SIDE_STYLE('',(#14600));
#14600 = SURFACE_STYLE_FILL_AREA(#14601);
#14601 = FILL_AREA_STYLE('',(#14602));
#14602 = FILL_AREA_STYLE_COLOUR('',#12077);
#14603 = CURVE_STYLE('',#14604,POSITIVE_LENGTH_MEASURE(0.1),#12077);
#14604 = DRAUGHTING_PRE_DEFINED_CURVE_FONT('continuous');
#14605 = STYLED_ITEM('color',(#14606),#10821);
#14606 = PRESENTATION_STYLE_ASSIGNMENT((#14607,#14612));
#14607 = SURFACE_STYLE_USAGE(.BOTH.,#14608);
#14608 = SURFACE_SIDE_STYLE('',(#14609));
#14609 = SURFACE_STYLE_FILL_AREA(#14610);
#14610 = FILL_AREA_STYLE('',(#14611));
#14611 = FILL_AREA_STYLE_COLOUR('',#12077);
#14612 = CURVE_STYLE('',#14613,POSITIVE_LENGTH_MEASURE(0.1),#12077);
#14613 = DRAUGHTING_PRE_DEFINED_CURVE_FONT('continuous');
#14614 = STYLED_ITEM('color',(#14615),#10838);
#14615 = PRESENTATION_STYLE_ASSIGNMENT((#14616,#14621));
#14616 = SURFACE_STYLE_USAGE(.BOTH.,#14617);
#14617 = SURFACE_SIDE_STYLE('',(#14618));
#14618 = SURFACE_STYLE_FILL_AREA(#14619);
#14619 = FILL_AREA_STYLE('',(#14620));
#14620 = FILL_AREA_STYLE_COLOUR('',#12077);
#14621 = CURVE_STYLE('',#14622,POSITIVE_LENGTH_MEASURE(0.1),#12077);
#14622 = DRAUGHTING_PRE_DEFINED_CURVE_FONT('continuous');
#14623 = STYLED_ITEM('color',(#14624),#10855);
#14624 = PRESENTATION_STYLE_ASSIGNMENT((#14625,#14630));
#14625 = SURFACE_STYLE_USAGE(.BOTH.,#14626);
#14626 = SURFACE_SIDE_STYLE('',(#14627));
#14627 = SURFACE_STYLE_FILL_AREA(#14628);
#14628 = FILL_AREA_STYLE('',(#14629));
#14629 = FILL_AREA_STYLE_COLOUR('',#12077);
#14630 = CURVE_STYLE('',#14631,POSITIVE_LENGTH_MEASURE(0.1),#12077);
#14631 = DRAUGHTING_PRE_DEFINED_CURVE_FONT('continuous');
#14632 = STYLED_ITEM('color',(#14633),#10872);
#14633 = PRESENTATION_STYLE_ASSIGNMENT((#14634,#14639));
#14634 = SURFACE_STYLE_USAGE(.BOTH.,#14635);
#14635 = SURFACE_SIDE_STYLE('',(#14636));
#14636 = SURFACE_STYLE_FILL_AREA(#14637);
#14637 = FILL_AREA_STYLE('',(#14638));
#14638 = FILL_AREA_STYLE_COLOUR('',#12077);
#14639 = CURVE_STYLE('',#14640,POSITIVE_LENGTH_MEASURE(0.1),#12077);
#14640 = DRAUGHTING_PRE_DEFINED_CURVE_FONT('continuous');
#14641 = STYLED_ITEM('color',(#14642),#10889);
#14642 = PRESENTATION_STYLE_ASSIGNMENT((#14643,#14648));
#14643 = SURFACE_STYLE_USAGE(.BOTH.,#14644);
#14644 = SURFACE_SIDE_STYLE('',(#14645));
#14645 = SURFACE_STYLE_FILL_AREA(#14646);
#14646 = FILL_AREA_STYLE('',(#14647));
#14647 = FILL_AREA_STYLE_COLOUR('',#12077);
#14648 = CURVE_STYLE('',#14649,POSITIVE_LENGTH_MEASURE(0.1),#12077);
#14649 = DRAUGHTING_PRE_DEFINED_CURVE_FONT('continuous');
#14650 = STYLED_ITEM('color',(#14651),#10906);
#14651 = PRESENTATION_STYLE_ASSIGNMENT((#14652,#14657));
#14652 = SURFACE_STYLE_USAGE(.BOTH.,#14653);
#14653 = SURFACE_SIDE_STYLE('',(#14654));
#14654 = SURFACE_STYLE_FILL_AREA(#14655);
#14655 = FILL_AREA_STYLE('',(#14656));
#14656 = FILL_AREA_STYLE_COLOUR('',#12077);
#14657 = CURVE_STYLE('',#14658,POSITIVE_LENGTH_MEASURE(0.1),#12077);
#14658 = DRAUGHTING_PRE_DEFINED_CURVE_FONT('continuous');
#14659 = STYLED_ITEM('color',(#14660),#10918);
#14660 = PRESENTATION_STYLE_ASSIGNMENT((#14661,#14666));
#14661 = SURFACE_STYLE_USAGE(.BOTH.,#14662);
#14662 = SURFACE_SIDE_STYLE('',(#14663));
#14663 = SURFACE_STYLE_FILL_AREA(#14664);
#14664 = FILL_AREA_STYLE('',(#14665));
#14665 = FILL_AREA_STYLE_COLOUR('',#12077);
#14666 = CURVE_STYLE('',#14667,POSITIVE_LENGTH_MEASURE(0.1),#12077);
#14667 = DRAUGHTING_PRE_DEFINED_CURVE_FONT('continuous');
#14668 = STYLED_ITEM('color',(#14669),#10935);
#14669 = PRESENTATION_STYLE_ASSIGNMENT((#14670,#14675));
#14670 = SURFACE_STYLE_USAGE(.BOTH.,#14671);
#14671 = SURFACE_SIDE_STYLE('',(#14672));
#14672 = SURFACE_STYLE_FILL_AREA(#14673);
#14673 = FILL_AREA_STYLE('',(#14674));
#14674 = FILL_AREA_STYLE_COLOUR('',#12077);
#14675 = CURVE_STYLE('',#14676,POSITIVE_LENGTH_MEASURE(0.1),#12077);
#14676 = DRAUGHTING_PRE_DEFINED_CURVE_FONT('continuous');
#14677 = STYLED_ITEM('color',(#14678),#10952);
#14678 = PRESENTATION_STYLE_ASSIGNMENT((#14679,#14684));
#14679 = SURFACE_STYLE_USAGE(.BOTH.,#14680);
#14680 = SURFACE_SIDE_STYLE('',(#14681));
#14681 = SURFACE_STYLE_FILL_AREA(#14682);
#14682 = FILL_AREA_STYLE('',(#14683));
#14683 = FILL_AREA_STYLE_COLOUR('',#12077);
#14684 = CURVE_STYLE('',#14685,POSITIVE_LENGTH_MEASURE(0.1),#12077);
#14685 = DRAUGHTING_PRE_DEFINED_CURVE_FONT('continuous');
#14686 = STYLED_ITEM('color',(#14687),#10969);
#14687 = PRESENTATION_STYLE_ASSIGNMENT((#14688,#14693));
#14688 = SURFACE_STYLE_USAGE(.BOTH.,#14689);
#14689 = SURFACE_SIDE_STYLE('',(#14690));
#14690 = SURFACE_STYLE_FILL_AREA(#14691);
#14691 = FILL_AREA_STYLE('',(#14692));
#14692 = FILL_AREA_STYLE_COLOUR('',#12077);
#14693 = CURVE_STYLE('',#14694,POSITIVE_LENGTH_MEASURE(0.1),#12077);
#14694 = DRAUGHTING_PRE_DEFINED_CURVE_FONT('continuous');
#14695 = STYLED_ITEM('color',(#14696),#10986);
#14696 = PRESENTATION_STYLE_ASSIGNMENT((#14697,#14702));
#14697 = SURFACE_STYLE_USAGE(.BOTH.,#14698);
#14698 = SURFACE_SIDE_STYLE('',(#14699));
#14699 = SURFACE_STYLE_FILL_AREA(#14700);
#14700 = FILL_AREA_STYLE('',(#14701));
#14701 = FILL_AREA_STYLE_COLOUR('',#12077);
#14702 = CURVE_STYLE('',#14703,POSITIVE_LENGTH_MEASURE(0.1),#12077);
#14703 = DRAUGHTING_PRE_DEFINED_CURVE_FONT('continuous');
#14704 = STYLED_ITEM('color',(#14705),#11003);
#14705 = PRESENTATION_STYLE_ASSIGNMENT((#14706,#14711));
#14706 = SURFACE_STYLE_USAGE(.BOTH.,#14707);
#14707 = SURFACE_SIDE_STYLE('',(#14708));
#14708 = SURFACE_STYLE_FILL_AREA(#14709);
#14709 = FILL_AREA_STYLE('',(#14710));
#14710 = FILL_AREA_STYLE_COLOUR('',#12077);
#14711 = CURVE_STYLE('',#14712,POSITIVE_LENGTH_MEASURE(0.1),#12077);
#14712 = DRAUGHTING_PRE_DEFINED_CURVE_FONT('continuous');
#14713 = STYLED_ITEM('color',(#14714),#11020);
#14714 = PRESENTATION_STYLE_ASSIGNMENT((#14715,#14720));
#14715 = SURFACE_STYLE_USAGE(.BOTH.,#14716);
#14716 = SURFACE_SIDE_STYLE('',(#14717));
#14717 = SURFACE_STYLE_FILL_AREA(#14718);
#14718 = FILL_AREA_STYLE('',(#14719));
#14719 = FILL_AREA_STYLE_COLOUR('',#12077);
#14720 = CURVE_STYLE('',#14721,POSITIVE_LENGTH_MEASURE(0.1),#12077);
#14721 = DRAUGHTING_PRE_DEFINED_CURVE_FONT('continuous');
#14722 = STYLED_ITEM('color',(#14723),#11037);
#14723 = PRESENTATION_STYLE_ASSIGNMENT((#14724,#14729));
#14724 = SURFACE_STYLE_USAGE(.BOTH.,#14725);
#14725 = SURFACE_SIDE_STYLE('',(#14726));
#14726 = SURFACE_STYLE_FILL_AREA(#14727);
#14727 = FILL_AREA_STYLE('',(#14728));
#14728 = FILL_AREA_STYLE_COLOUR('',#12077);
#14729 = CURVE_STYLE('',#14730,POSITIVE_LENGTH_MEASURE(0.1),#12077);
#14730 = DRAUGHTING_PRE_DEFINED_CURVE_FONT('continuous');
#14731 = STYLED_ITEM('color',(#14732),#11049);
#14732 = PRESENTATION_STYLE_ASSIGNMENT((#14733,#14738));
#14733 = SURFACE_STYLE_USAGE(.BOTH.,#14734);
#14734 = SURFACE_SIDE_STYLE('',(#14735));
#14735 = SURFACE_STYLE_FILL_AREA(#14736);
#14736 = FILL_AREA_STYLE('',(#14737));
#14737 = FILL_AREA_STYLE_COLOUR('',#12077);
#14738 = CURVE_STYLE('',#14739,POSITIVE_LENGTH_MEASURE(0.1),#12077);
#14739 = DRAUGHTING_PRE_DEFINED_CURVE_FONT('continuous');
#14740 = STYLED_ITEM('color',(#14741),#11066);
#14741 = PRESENTATION_STYLE_ASSIGNMENT((#14742,#14747));
#14742 = SURFACE_STYLE_USAGE(.BOTH.,#14743);
#14743 = SURFACE_SIDE_STYLE('',(#14744));
#14744 = SURFACE_STYLE_FILL_AREA(#14745);
#14745 = FILL_AREA_STYLE('',(#14746));
#14746 = FILL_AREA_STYLE_COLOUR('',#12077);
#14747 = CURVE_STYLE('',#14748,POSITIVE_LENGTH_MEASURE(0.1),#12077);
#14748 = DRAUGHTING_PRE_DEFINED_CURVE_FONT('continuous');
#14749 = STYLED_ITEM('color',(#14750),#11083);
#14750 = PRESENTATION_STYLE_ASSIGNMENT((#14751,#14756));
#14751 = SURFACE_STYLE_USAGE(.BOTH.,#14752);
#14752 = SURFACE_SIDE_STYLE('',(#14753));
#14753 = SURFACE_STYLE_FILL_AREA(#14754);
#14754 = FILL_AREA_STYLE('',(#14755));
#14755 = FILL_AREA_STYLE_COLOUR('',#12077);
#14756 = CURVE_STYLE('',#14757,POSITIVE_LENGTH_MEASURE(0.1),#12077);
#14757 = DRAUGHTING_PRE_DEFINED_CURVE_FONT('continuous');
#14758 = STYLED_ITEM('color',(#14759),#11100);
#14759 = PRESENTATION_STYLE_ASSIGNMENT((#14760,#14765));
#14760 = SURFACE_STYLE_USAGE(.BOTH.,#14761);
#14761 = SURFACE_SIDE_STYLE('',(#14762));
#14762 = SURFACE_STYLE_FILL_AREA(#14763);
#14763 = FILL_AREA_STYLE('',(#14764));
#14764 = FILL_AREA_STYLE_COLOUR('',#12077);
#14765 = CURVE_STYLE('',#14766,POSITIVE_LENGTH_MEASURE(0.1),#12077);
#14766 = DRAUGHTING_PRE_DEFINED_CURVE_FONT('continuous');
#14767 = STYLED_ITEM('color',(#14768),#11117);
#14768 = PRESENTATION_STYLE_ASSIGNMENT((#14769,#14774));
#14769 = SURFACE_STYLE_USAGE(.BOTH.,#14770);
#14770 = SURFACE_SIDE_STYLE('',(#14771));
#14771 = SURFACE_STYLE_FILL_AREA(#14772);
#14772 = FILL_AREA_STYLE('',(#14773));
#14773 = FILL_AREA_STYLE_COLOUR('',#12077);
#14774 = CURVE_STYLE('',#14775,POSITIVE_LENGTH_MEASURE(0.1),#12077);
#14775 = DRAUGHTING_PRE_DEFINED_CURVE_FONT('continuous');
#14776 = STYLED_ITEM('color',(#14777),#11134);
#14777 = PRESENTATION_STYLE_ASSIGNMENT((#14778,#14783));
#14778 = SURFACE_STYLE_USAGE(.BOTH.,#14779);
#14779 = SURFACE_SIDE_STYLE('',(#14780));
#14780 = SURFACE_STYLE_FILL_AREA(#14781);
#14781 = FILL_AREA_STYLE('',(#14782));
#14782 = FILL_AREA_STYLE_COLOUR('',#12077);
#14783 = CURVE_STYLE('',#14784,POSITIVE_LENGTH_MEASURE(0.1),#12077);
#14784 = DRAUGHTING_PRE_DEFINED_CURVE_FONT('continuous');
#14785 = STYLED_ITEM('color',(#14786),#11151);
#14786 = PRESENTATION_STYLE_ASSIGNMENT((#14787,#14792));
#14787 = SURFACE_STYLE_USAGE(.BOTH.,#14788);
#14788 = SURFACE_SIDE_STYLE('',(#14789));
#14789 = SURFACE_STYLE_FILL_AREA(#14790);
#14790 = FILL_AREA_STYLE('',(#14791));
#14791 = FILL_AREA_STYLE_COLOUR('',#12077);
#14792 = CURVE_STYLE('',#14793,POSITIVE_LENGTH_MEASURE(0.1),#12077);
#14793 = DRAUGHTING_PRE_DEFINED_CURVE_FONT('continuous');
#14794 = STYLED_ITEM('color',(#14795),#11168);
#14795 = PRESENTATION_STYLE_ASSIGNMENT((#14796,#14801));
#14796 = SURFACE_STYLE_USAGE(.BOTH.,#14797);
#14797 = SURFACE_SIDE_STYLE('',(#14798));
#14798 = SURFACE_STYLE_FILL_AREA(#14799);
#14799 = FILL_AREA_STYLE('',(#14800));
#14800 = FILL_AREA_STYLE_COLOUR('',#12077);
#14801 = CURVE_STYLE('',#14802,POSITIVE_LENGTH_MEASURE(0.1),#12077);
#14802 = DRAUGHTING_PRE_DEFINED_CURVE_FONT('continuous');
#14803 = STYLED_ITEM('color',(#14804),#11180);
#14804 = PRESENTATION_STYLE_ASSIGNMENT((#14805,#14810));
#14805 = SURFACE_STYLE_USAGE(.BOTH.,#14806);
#14806 = SURFACE_SIDE_STYLE('',(#14807));
#14807 = SURFACE_STYLE_FILL_AREA(#14808);
#14808 = FILL_AREA_STYLE('',(#14809));
#14809 = FILL_AREA_STYLE_COLOUR('',#12077);
#14810 = CURVE_STYLE('',#14811,POSITIVE_LENGTH_MEASURE(0.1),#12077);
#14811 = DRAUGHTING_PRE_DEFINED_CURVE_FONT('continuous');
#14812 = STYLED_ITEM('color',(#14813),#11197);
#14813 = PRESENTATION_STYLE_ASSIGNMENT((#14814,#14819));
#14814 = SURFACE_STYLE_USAGE(.BOTH.,#14815);
#14815 = SURFACE_SIDE_STYLE('',(#14816));
#14816 = SURFACE_STYLE_FILL_AREA(#14817);
#14817 = FILL_AREA_STYLE('',(#14818));
#14818 = FILL_AREA_STYLE_COLOUR('',#12077);
#14819 = CURVE_STYLE('',#14820,POSITIVE_LENGTH_MEASURE(0.1),#12077);
#14820 = DRAUGHTING_PRE_DEFINED_CURVE_FONT('continuous');
#14821 = STYLED_ITEM('color',(#14822),#11214);
#14822 = PRESENTATION_STYLE_ASSIGNMENT((#14823,#14828));
#14823 = SURFACE_STYLE_USAGE(.BOTH.,#14824);
#14824 = SURFACE_SIDE_STYLE('',(#14825));
#14825 = SURFACE_STYLE_FILL_AREA(#14826);
#14826 = FILL_AREA_STYLE('',(#14827));
#14827 = FILL_AREA_STYLE_COLOUR('',#12077);
#14828 = CURVE_STYLE('',#14829,POSITIVE_LENGTH_MEASURE(0.1),#12077);
#14829 = DRAUGHTING_PRE_DEFINED_CURVE_FONT('continuous');
#14830 = STYLED_ITEM('color',(#14831),#11231);
#14831 = PRESENTATION_STYLE_ASSIGNMENT((#14832,#14837));
#14832 = SURFACE_STYLE_USAGE(.BOTH.,#14833);
#14833 = SURFACE_SIDE_STYLE('',(#14834));
#14834 = SURFACE_STYLE_FILL_AREA(#14835);
#14835 = FILL_AREA_STYLE('',(#14836));
#14836 = FILL_AREA_STYLE_COLOUR('',#12077);
#14837 = CURVE_STYLE('',#14838,POSITIVE_LENGTH_MEASURE(0.1),#12077);
#14838 = DRAUGHTING_PRE_DEFINED_CURVE_FONT('continuous');
#14839 = STYLED_ITEM('color',(#14840),#11248);
#14840 = PRESENTATION_STYLE_ASSIGNMENT((#14841,#14846));
#14841 = SURFACE_STYLE_USAGE(.BOTH.,#14842);
#14842 = SURFACE_SIDE_STYLE('',(#14843));
#14843 = SURFACE_STYLE_FILL_AREA(#14844);
#14844 = FILL_AREA_STYLE('',(#14845));
#14845 = FILL_AREA_STYLE_COLOUR('',#12077);
#14846 = CURVE_STYLE('',#14847,POSITIVE_LENGTH_MEASURE(0.1),#12077);
#14847 = DRAUGHTING_PRE_DEFINED_CURVE_FONT('continuous');
#14848 = STYLED_ITEM('color',(#14849),#11265);
#14849 = PRESENTATION_STYLE_ASSIGNMENT((#14850,#14855));
#14850 = SURFACE_STYLE_USAGE(.BOTH.,#14851);
#14851 = SURFACE_SIDE_STYLE('',(#14852));
#14852 = SURFACE_STYLE_FILL_AREA(#14853);
#14853 = FILL_AREA_STYLE('',(#14854));
#14854 = FILL_AREA_STYLE_COLOUR('',#12077);
#14855 = CURVE_STYLE('',#14856,POSITIVE_LENGTH_MEASURE(0.1),#12077);
#14856 = DRAUGHTING_PRE_DEFINED_CURVE_FONT('continuous');
#14857 = STYLED_ITEM('color',(#14858),#11282);
#14858 = PRESENTATION_STYLE_ASSIGNMENT((#14859,#14864));
#14859 = SURFACE_STYLE_USAGE(.BOTH.,#14860);
#14860 = SURFACE_SIDE_STYLE('',(#14861));
#14861 = SURFACE_STYLE_FILL_AREA(#14862);
#14862 = FILL_AREA_STYLE('',(#14863));
#14863 = FILL_AREA_STYLE_COLOUR('',#12077);
#14864 = CURVE_STYLE('',#14865,POSITIVE_LENGTH_MEASURE(0.1),#12077);
#14865 = DRAUGHTING_PRE_DEFINED_CURVE_FONT('continuous');
#14866 = STYLED_ITEM('color',(#14867),#11299);
#14867 = PRESENTATION_STYLE_ASSIGNMENT((#14868,#14873));
#14868 = SURFACE_STYLE_USAGE(.BOTH.,#14869);
#14869 = SURFACE_SIDE_STYLE('',(#14870));
#14870 = SURFACE_STYLE_FILL_AREA(#14871);
#14871 = FILL_AREA_STYLE('',(#14872));
#14872 = FILL_AREA_STYLE_COLOUR('',#12077);
#14873 = CURVE_STYLE('',#14874,POSITIVE_LENGTH_MEASURE(0.1),#12077);
#14874 = DRAUGHTING_PRE_DEFINED_CURVE_FONT('continuous');
#14875 = STYLED_ITEM('color',(#14876),#11311);
#14876 = PRESENTATION_STYLE_ASSIGNMENT((#14877,#14883));
#14877 = SURFACE_STYLE_USAGE(.BOTH.,#14878);
#14878 = SURFACE_SIDE_STYLE('',(#14879));
#14879 = SURFACE_STYLE_FILL_AREA(#14880);
#14880 = FILL_AREA_STYLE('',(#14881));
#14881 = FILL_AREA_STYLE_COLOUR('',#14882);
#14882 = COLOUR_RGB('',0.690999998585,0.664000007176,0.597999987832);
#14883 = CURVE_STYLE('',#14884,POSITIVE_LENGTH_MEASURE(0.1),#14882);
#14884 = DRAUGHTING_PRE_DEFINED_CURVE_FONT('continuous');
#14885 = MECHANICAL_DESIGN_GEOMETRIC_PRESENTATION_REPRESENTATION('',(
    #14886),#12058);
#14886 = STYLED_ITEM('color',(#14887),#11337);
#14887 = PRESENTATION_STYLE_ASSIGNMENT((#14888));
#14888 = SURFACE_STYLE_USAGE(.BOTH.,#14889);
#14889 = SURFACE_SIDE_STYLE('',(#14890));
#14890 = SURFACE_STYLE_FILL_AREA(#14891);
#14891 = FILL_AREA_STYLE('',(#14892));
#14892 = FILL_AREA_STYLE_COLOUR('',#14893);
#14893 = COLOUR_RGB('',0.313304153717,0.484529207832,0.410020903123);
ENDSEC;
END-ISO-10303-21;
